alignment,beat_of_occurrence,crash_date,crash_day_of_week,crash_hour,crash_month,crash_type,damage,device_condition,first_crash_type,hit_and_run_i,injuries_fatal,injuries_incapacitating,injuries_no_indication,injuries_non_incapacitating,injuries_reported_not_evident,injuries_total,injuries_unknown,latitude,lighting_condition,longitude,most_severe_injury,num_units,posted_speed_limit,prim_contributory_cause,road_defect,roadway_surface_cond,sec_contributory_cause,street_direction,street_no,traffic_control_device,trafficway_type,weather_condition,crash_date_est_i,intersection_related_i,work_zone_i,dooring_i,private_property_i,veh_count,ppl_count,veh_first_contact_point_list_json,veh_make_list_json,veh_maneuver_list_json,veh_model_list_json,veh_towed_i_list_json,ppl_age_list_json,ppl_airbag_deployed_list_json,ppl_ejection_list_json,ppl_injury_classification_list_json,year,month,day,hour,is_weekend,hour_bin,lat_bin,lng_bin,grid_id,veh_truck_i,veh_mc_i,ppl_age_mean,ppl_age_min,ppl_age_max,cause_group
STRAIGHT AND LEVEL,1925,2025-09-19 00:04:00,6,0,9,injury and / or tow due to crash,"OVER $1,500",,SIDESWIPE SAME DIRECTION,0.0,0.0,0.0,2.0,0.0,0.0,0.0,0.0,41.9401429649,"darkness, lighted road",-87.6449369655,NO INDICATION OF INJURY,3,25,NOT APPLICABLE,NO DEFECTS,dry,NOT APPLICABLE,W,612,,NOT DIVIDED,clear,,,,,,5,1,"[""FRONT-RIGHT-CORNER"", ""SIDE-LEFT""]","[""HYUNDAI"", ""TOYOTA"", ""UNKNOWN""]","[""PARKED"", ""STRAIGHT AHEAD""]","[""ELANTRA"", ""MOTORIZED"", ""RAV4""]","[""Y""]","[""19""]","[""DEPLOYMENT UNKNOWN"", ""DID NOT DEPLOY""]","[""UNKNOWN""]","[""NO INDICATION OF INJURY""]",2025,9,19,0,0,night,41.94,-87.64,41.94_-87.64,0,1,19.0,19.0,19.0,Other
STRAIGHT AND LEVEL,1632,2025-09-19 00:39:00,6,0,9,no injury / drive away,"OVER $1,500",FUNCTIONING PROPERLY,REAR END,1.0,0.0,0.0,2.0,0.0,0.0,0.0,0.0,41.9381096148,"darkness, lighted road",-87.8064311416,NO INDICATION OF INJURY,2,30,UNABLE TO DETERMINE,NO DEFECTS,dry,UNABLE TO DETERMINE,W,7154,traffic signal,FOUR WAY,clear,,,,,,4,1,"[""FRONT-RIGHT-CORNER"", ""REAR-LEFT-CORNER""]","[""GENERAL MOTORS CORPORATION (GMC)"", ""UNKNOWN""]","[""SLOW/STOP IN TRAFFIC"", ""STRAIGHT AHEAD""]","[""OTHER (EXPLAIN IN NARRATIVE)"", ""TERRAIN""]",[],"[""67""]","[""DEPLOYMENT UNKNOWN"", ""DID NOT DEPLOY""]","[""NONE""]","[""NO INDICATION OF INJURY""]",2025,9,19,0,0,night,41.94,-87.81,41.94_-87.81,0,1,67.0,67.0,67.0,Other
STRAIGHT AND LEVEL,725,2025-09-19 01:15:00,6,1,9,no injury / drive away,"OVER $1,500",NO CONTROLS,PARKED MOTOR VEHICLE,1.0,0.0,0.0,1.0,0.0,0.0,0.0,0.0,41.7741737298,"darkness, lighted road",-87.6629911463,NO INDICATION OF INJURY,2,30,UNABLE TO DETERMINE,NO DEFECTS,dry,UNABLE TO DETERMINE,S,6556,no controls,ONE-WAY,clear,,,,,,4,0,"[""REAR-LEFT-CORNER"", ""UNKNOWN""]","[""FORD"", ""UNKNOWN""]","[""PARKED"", ""UNKNOWN/NA""]","[""ECOSPORT"", ""MOTORIZED""]",[],[],"[""DEPLOYMENT UNKNOWN""]","[""UNKNOWN""]","[""NO INDICATION OF INJURY""]",2025,9,19,1,0,night,41.77,-87.66,41.77_-87.66,0,1,,,,Other
STRAIGHT AND LEVEL,433,2025-09-19 01:34:00,6,1,9,injury and / or tow due to crash,"OVER $1,500",,OTHER OBJECT,1.0,0.0,0.0,1.0,0.0,0.0,0.0,0.0,41.6464515393,"darkness, lighted road",-87.5402285328,NO INDICATION OF INJURY,1,30,UNABLE TO DETERMINE,NO DEFECTS,dry,UNABLE TO DETERMINE,S,13660,no controls,DIVIDED - W/MEDIAN (NOT RAISED),clear,1.0,,,,,2,0,"[""FRONT""]","[""KIA""]","[""UNKNOWN/NA""]","[""OPTIMA / K5""]","[""Y""]",[],"[""DEPLOYED, FRONT""]","[""UNKNOWN""]","[""NO INDICATION OF INJURY""]",2025,9,19,1,0,night,41.65,-87.54,41.65_-87.54,0,0,,,,Other
STRAIGHT AND LEVEL,1533,2025-09-19 02:28:00,6,2,9,injury and / or tow due to crash,"OVER $1,500",FUNCTIONING PROPERLY,REAR END,1.0,0.0,0.0,1.0,0.0,3.0,3.0,0.0,41.875042889,"darkness, lighted road",-87.7452149674,"REPORTED, NOT EVIDENT",2,30,FOLLOWING TOO CLOSELY,NO DEFECTS,dry,NOT APPLICABLE,S,398,traffic signal,NOT DIVIDED,clear,,,0.0,,,4,3,"[""FRONT"", ""REAR""]","[""KIA"", ""TOYOTA""]","[""STRAIGHT AHEAD""]","[""HIGHLANDER"", ""OPTIMA / K5""]","[""N""]","[""28"", ""31"", ""36""]","[""DEPLOYMENT UNKNOWN"", ""DID NOT DEPLOY"", ""NOT APPLICABLE""]","[""NONE""]","[""NO INDICATION OF INJURY"", ""REPORTED, NOT EVIDENT""]",2025,9,19,2,0,night,41.88,-87.75,41.88_-87.75,0,0,31.666666666666668,28.0,36.0,Following Too Closely
STRAIGHT AND LEVEL,1222,2025-09-19 02:50:00,6,2,9,no injury / drive away,"OVER $1,500",NO CONTROLS,PARKED MOTOR VEHICLE,1.0,0.0,0.0,1.0,0.0,0.0,0.0,0.0,41.8864164344,"darkness, lighted road",-87.697411851,NO INDICATION OF INJURY,2,30,UNABLE TO DETERMINE,NO DEFECTS,dry,UNABLE TO DETERMINE,W,2825,no controls,NOT DIVIDED,clear,,,,,,4,0,"[""FRONT"", ""REAR-LEFT-CORNER""]","[""CHEVROLET"", ""HYUNDAI""]","[""PARKED"", ""STRAIGHT AHEAD""]","[""IMPALA"", ""TUCSON""]","[""N""]",[],"[""DEPLOYMENT UNKNOWN""]","[""NONE""]","[""NO INDICATION OF INJURY""]",2025,9,19,2,0,night,41.89,-87.7,41.89_-87.7,0,0,,,,Other
STRAIGHT AND LEVEL,935,2025-09-19 02:56:00,6,2,9,injury and / or tow due to crash,"OVER $1,500",NO CONTROLS,FIXED OBJECT,1.0,0.0,0.0,1.0,0.0,0.0,0.0,0.0,41.8071828422,"darkness, lighted road",-87.6437340713,NO INDICATION OF INJURY,1,25,UNABLE TO DETERMINE,NO DEFECTS,dry,NOT APPLICABLE,W,714,no controls,ALLEY,clear,,,,,,2,1,"[""FRONT-LEFT-CORNER""]","[""CHEVROLET""]","[""STRAIGHT AHEAD""]","[""TRAVERSE""]","[""Y""]","[""25""]","[""DID NOT DEPLOY""]","[""NONE""]","[""NO INDICATION OF INJURY""]",2025,9,19,2,0,night,41.81,-87.64,41.81_-87.64,0,0,25.0,25.0,25.0,Other
STRAIGHT AND LEVEL,133,2025-09-19 03:00:00,6,3,9,injury and / or tow due to crash,"OVER $1,500",,FIXED OBJECT,1.0,0.0,0.0,1.0,0.0,0.0,0.0,0.0,41.8421032366,,-87.621900168,NO INDICATION OF INJURY,1,30,UNABLE TO DETERMINE,,,NOT APPLICABLE,E,200,stop sign/flasher,NOT DIVIDED,,1.0,,,,,2,0,"[""FRONT""]","[""CHEVROLET""]","[""UNKNOWN/NA""]","[""TRAIL BLAZER""]","[""Y""]",[],"[""DEPLOYMENT UNKNOWN""]","[""NONE""]","[""NO INDICATION OF INJURY""]",2025,9,19,3,0,night,41.84,-87.62,41.84_-87.62,0,0,,,,Other
STRAIGHT AND LEVEL,624,2025-09-19 03:00:00,6,3,9,no injury / drive away,"OVER $1,500",NO CONTROLS,PARKED MOTOR VEHICLE,1.0,0.0,0.0,1.0,0.0,0.0,0.0,0.0,41.7512211405,darkness,-87.602901218,NO INDICATION OF INJURY,2,30,UNABLE TO DETERMINE,NO DEFECTS,dry,UNABLE TO DETERMINE,S,7900,no controls,NOT DIVIDED,clear,,,,,,3,0,"[""SIDE-LEFT"", ""UNKNOWN""]","[""DODGE"", ""UNKNOWN""]","[""PARKED"", ""UNKNOWN/NA""]","[""OTHER (EXPLAIN IN NARRATIVE)""]",[],[],"[""DEPLOYMENT UNKNOWN""]","[""UNKNOWN""]","[""NO INDICATION OF INJURY""]",2025,9,19,3,0,night,41.75,-87.6,41.75_-87.6,0,0,,,,Other
STRAIGHT AND LEVEL,912,2025-09-19 03:52:00,6,3,9,no injury / drive away,"OVER $1,500",NO CONTROLS,PARKED MOTOR VEHICLE,1.0,,,,,,,,41.8314120097,daylight,-87.6641728018,,2,30,UNABLE TO DETERMINE,NO DEFECTS,dry,NOT APPLICABLE,S,3431,no controls,NOT DIVIDED,clear,,,,,,4,0,"[""UNKNOWN""]","[""JEEP"", ""TOYOTA""]","[""PARKED"", ""PARKED IN TRAFFIC LANE""]","[""HIGHLANDER"", ""WRANGLER""]",[],,,,,2025,9,19,3,0,night,41.83,-87.66,41.83_-87.66,0,0,,,,Other
STRAIGHT AND LEVEL,1522,2025-09-19 06:00:00,6,6,9,no injury / drive away,"OVER $1,500",NO CONTROLS,PARKED MOTOR VEHICLE,1.0,0.0,0.0,1.0,0.0,0.0,0.0,0.0,41.8785374659,,-87.7585277171,NO INDICATION OF INJURY,2,15,UNABLE TO DETERMINE,,,NOT APPLICABLE,W,5322,no controls,PARKING LOT,,1.0,,,,,4,0,"[""FRONT-LEFT-CORNER"", ""UNKNOWN""]","[""KIA"", ""UNKNOWN""]","[""PARKED"", ""UNKNOWN/NA""]","[""NIRO"", ""OTHER (EXPLAIN IN NARRATIVE)""]",[],[],"[""DEPLOYMENT UNKNOWN""]","[""NONE""]","[""NO INDICATION OF INJURY""]",2025,9,19,6,0,night,41.88,-87.76,41.88_-87.76,0,0,,,,Other
STRAIGHT AND LEVEL,922,2025-09-19 06:17:00,6,6,9,no injury / drive away,"$501 - $1,500",NO CONTROLS,PEDALCYCLIST,1.0,0.0,0.0,2.0,0.0,0.0,0.0,0.0,41.8147445587,daylight,-87.6857315949,NO INDICATION OF INJURY,2,15,UNABLE TO DETERMINE,NO DEFECTS,dry,UNABLE TO DETERMINE,S,4331,no controls,ALLEY,clear,,,,,,2,1,"[""SIDE-LEFT""]","[""TOYOTA""]","[""STRAIGHT AHEAD""]","[""RAV4""]",[],"[""26""]","[""NOT APPLICABLE""]","[""NONE""]","[""NO INDICATION OF INJURY""]",2025,9,19,6,0,night,41.81,-87.69,41.81_-87.69,0,0,26.0,26.0,26.0,Other
STRAIGHT AND LEVEL,824,2025-09-19 06:30:00,6,6,9,no injury / drive away,"OVER $1,500",NO CONTROLS,PARKED MOTOR VEHICLE,1.0,0.0,0.0,1.0,0.0,0.0,0.0,0.0,41.7846351945,,-87.6971425978,NO INDICATION OF INJURY,2,25,UNABLE TO DETERMINE,NO DEFECTS,dry,UNABLE TO DETERMINE,W,2930,no controls,ONE-WAY,,,,,,,3,0,"[""FRONT"", ""REAR""]","[""AUDI"", ""JEEP""]","[""PARKED"", ""STRAIGHT AHEAD""]","[""JEEP"", ""OTHER (EXPLAIN IN NARRATIVE)""]",[],[],"[""DEPLOYMENT UNKNOWN""]","[""NONE""]","[""NO INDICATION OF INJURY""]",2025,9,19,6,0,night,41.78,-87.7,41.78_-87.7,0,0,,,,Other
STRAIGHT AND LEVEL,1432,2025-09-19 07:00:00,6,7,9,no injury / drive away,"$501 - $1,500",NO CONTROLS,ANGLE,1.0,0.0,0.0,2.0,0.0,0.0,0.0,0.0,41.925010656,daylight,-87.6876177869,NO INDICATION OF INJURY,2,30,DISREGARDING OTHER TRAFFIC SIGNS,NO DEFECTS,dry,DISREGARDING OTHER TRAFFIC SIGNS,W,2398,no controls,OTHER,clear,,,,,,2,1,"[""FRONT"", ""SIDE-RIGHT""]","[""FORD""]","[""STRAIGHT AHEAD""]","[""OTHER (EXPLAIN IN NARRATIVE)""]",[],"[""27""]","[""DEPLOYMENT UNKNOWN"", ""NOT APPLICABLE""]","[""NONE""]","[""NO INDICATION OF INJURY""]",2025,9,19,7,0,morning,41.93,-87.69,41.93_-87.69,0,0,27.0,27.0,27.0,Other
STRAIGHT AND LEVEL,711,2025-09-19 07:15:00,6,7,9,no injury / drive away,"OVER $1,500",NO CONTROLS,PARKED MOTOR VEHICLE,1.0,0.0,0.0,1.0,0.0,0.0,0.0,0.0,41.7926463279,daylight,-87.6319355381,NO INDICATION OF INJURY,2,30,IMPROPER LANE USAGE,,dry,UNABLE TO DETERMINE,S,5554,no controls,ONE-WAY,clear,0.0,,,,,4,0,"[""SIDE-LEFT"", ""UNKNOWN""]","[""NISSAN"", ""UNKNOWN""]","[""PARKED"", ""UNKNOWN/NA""]","[""ALTIMA"", ""MOTORIZED""]",[],[],"[""DEPLOYMENT UNKNOWN""]","[""NONE""]","[""NO INDICATION OF INJURY""]",2025,9,19,7,0,morning,41.79,-87.63,41.79_-87.63,0,1,,,,Other
STRAIGHT AND LEVEL,1213,2025-09-19 08:00:00,6,8,9,no injury / drive away,"OVER $1,500",NO CONTROLS,PARKED MOTOR VEHICLE,1.0,0.0,0.0,1.0,0.0,0.0,0.0,0.0,41.8997473335,"darkness, lighted road",-87.6719704076,NO INDICATION OF INJURY,2,30,DRIVING ON WRONG SIDE/WRONG WAY,NO DEFECTS,,UNABLE TO DETERMINE,W,1754,no controls,DIVIDED - W/MEDIAN (NOT RAISED),,1.0,,,,,4,0,"[""FRONT""]","[""ALFA ROMEO"", ""HONDA""]","[""DRIVING WRONG WAY"", ""PARKED""]","[""ACCORD"", ""OTHER (EXPLAIN IN NARRATIVE)""]",[],[],"[""DEPLOYMENT UNKNOWN""]","[""UNKNOWN""]","[""NO INDICATION OF INJURY""]",2025,9,19,8,0,morning,41.9,-87.67,41.9_-87.67,0,0,,,,Other
STRAIGHT AND LEVEL,1912,2025-09-19 08:05:00,6,8,9,no injury / drive away,"$501 - $1,500",NO CONTROLS,PARKED MOTOR VEHICLE,1.0,0.0,0.0,1.0,0.0,0.0,0.0,0.0,41.9612764314,daylight,-87.6690997779,NO INDICATION OF INJURY,2,30,UNABLE TO DETERMINE,NO DEFECTS,dry,NOT APPLICABLE,N,4351,no controls,NOT DIVIDED,clear,,,,,,3,0,"[""REAR-LEFT-CORNER"", ""UNKNOWN""]","[""FORD"", ""UNKNOWN""]","[""PARKED"", ""UNKNOWN/NA""]","[""OTHER (EXPLAIN IN NARRATIVE)""]",[],[],"[""DEPLOYMENT UNKNOWN""]","[""NONE""]","[""NO INDICATION OF INJURY""]",2025,9,19,8,0,morning,41.96,-87.67,41.96_-87.67,0,0,,,,Other
STRAIGHT AND LEVEL,422,2025-09-19 08:16:00,6,8,9,no injury / drive away,"OVER $1,500",NO CONTROLS,TURNING,1.0,0.0,0.0,2.0,0.0,0.0,0.0,0.0,41.751723371,daylight,-87.5586996353,NO INDICATION OF INJURY,2,30,UNABLE TO DETERMINE,NO DEFECTS,dry,UNABLE TO DETERMINE,E,2705,no controls,NOT DIVIDED,clear,,,,,,4,1,"[""REAR-LEFT-CORNER"", ""UNKNOWN""]","[""TOYOTA"", ""UNKNOWN""]","[""STRAIGHT AHEAD"", ""TURNING LEFT""]","[""OTHER (EXPLAIN IN NARRATIVE)"", ""TACOMA""]",[],"[""24""]","[""DEPLOYMENT UNKNOWN"", ""NOT APPLICABLE""]","[""NONE""]","[""NO INDICATION OF INJURY""]",2025,9,19,8,0,morning,41.75,-87.56,41.75_-87.56,0,0,24.0,24.0,24.0,Other
STRAIGHT AND LEVEL,631,2025-09-19 09:00:00,6,9,9,no injury / drive away,"OVER $1,500",NO CONTROLS,PARKED MOTOR VEHICLE,1.0,0.0,0.0,1.0,0.0,0.0,0.0,0.0,41.7458195904,,-87.6162494912,NO INDICATION OF INJURY,2,30,UNABLE TO DETERMINE,NO DEFECTS,dry,UNABLE TO DETERMINE,S,8155,no controls,ONE-WAY,clear,,,,,,4,0,"[""SIDE-RIGHT"", ""UNKNOWN""]","[""GENERAL MOTORS CORPORATION (GMC)"", ""UNKNOWN""]","[""PARKED"", ""STRAIGHT AHEAD""]","[""OTHER (EXPLAIN IN NARRATIVE)"", ""SAVANNAH""]",[],[],"[""DEPLOYMENT UNKNOWN""]","[""NONE""]","[""NO INDICATION OF INJURY""]",2025,9,19,9,0,morning,41.75,-87.62,41.75_-87.62,0,1,,,,Other
STRAIGHT AND LEVEL,1511,2025-09-19 09:10:00,6,9,9,injury and / or tow due to crash,"$501 - $1,500",NO CONTROLS,PEDESTRIAN,1.0,0.0,0.0,1.0,1.0,0.0,1.0,0.0,41.8994384211,daylight,-87.7693501371,NONINCAPACITATING INJURY,2,20,DRIVING SKILLS/KNOWLEDGE/EXPERIENCE,NO DEFECTS,dry,FAILING TO YIELD RIGHT-OF-WAY,N,1032,no controls,ALLEY,clear,1.0,,,,,2,1,"[""FRONT-RIGHT-CORNER""]","[""UNKNOWN""]","[""STRAIGHT AHEAD""]","[""OTHER (EXPLAIN IN NARRATIVE)""]",[],"[""36""]","[""DEPLOYMENT UNKNOWN""]","[""NONE""]","[""NO INDICATION OF INJURY"", ""NONINCAPACITATING INJURY""]",2025,9,19,9,0,morning,41.9,-87.77,41.9_-87.77,0,0,36.0,36.0,36.0,Other
STRAIGHT AND LEVEL,332,2025-09-19 09:15:00,6,9,9,injury and / or tow due to crash,"OVER $1,500",FUNCTIONING PROPERLY,REAR END,1.0,0.0,0.0,1.0,1.0,0.0,1.0,0.0,41.7732928959,daylight,-87.5864423683,NONINCAPACITATING INJURY,2,30,FOLLOWING TOO CLOSELY,NO DEFECTS,dry,FOLLOWING TOO CLOSELY,S,6700,traffic signal,NOT DIVIDED,clear,,,,,,4,1,"[""FRONT-LEFT-CORNER"", ""REAR-LEFT-CORNER""]","[""NISSAN"", ""UNKNOWN""]","[""STRAIGHT AHEAD""]","[""OTHER (EXPLAIN IN NARRATIVE)"", ""SENTRA""]",[],"[""33""]","[""DID NOT DEPLOY"", ""NOT APPLICABLE""]","[""NONE""]","[""NO INDICATION OF INJURY"", ""NONINCAPACITATING INJURY""]",2025,9,19,9,0,morning,41.77,-87.59,41.77_-87.59,0,0,33.0,33.0,33.0,Following Too Closely
STRAIGHT AND LEVEL,1711,2025-09-19 09:20:00,6,9,9,no injury / drive away,"$501 - $1,500",,SIDESWIPE SAME DIRECTION,1.0,0.0,0.0,2.0,0.0,0.0,0.0,0.0,41.9899969809,daylight,-87.7309523221,NO INDICATION OF INJURY,2,30,UNABLE TO DETERMINE,,dry,NOT APPLICABLE,W,4059,no controls,NOT DIVIDED,clear,1.0,,,,,4,1,"[""FRONT-RIGHT-CORNER"", ""REAR-LEFT-CORNER""]","[""HONDA"", ""TOYOTA""]","[""STRAIGHT AHEAD""]","[""COROLLA"", ""CR-V""]",[],"[""64""]","[""DEPLOYMENT UNKNOWN"", ""DID NOT DEPLOY""]","[""NONE""]","[""NO INDICATION OF INJURY""]",2025,9,19,9,0,morning,41.99,-87.73,41.99_-87.73,0,0,64.0,64.0,64.0,Other
STRAIGHT AND LEVEL,2024,2025-09-19 10:07:00,6,10,9,no injury / drive away,"OVER $1,500",NO CONTROLS,PARKED MOTOR VEHICLE,1.0,0.0,0.0,1.0,0.0,0.0,0.0,0.0,41.9732384371,daylight,-87.6523832745,NO INDICATION OF INJURY,2,25,NOT APPLICABLE,NO DEFECTS,dry,NOT APPLICABLE,W,857,no controls,NOT DIVIDED,clear,,,,,,4,0,"[""FRONT-LEFT-CORNER"", ""UNKNOWN""]","[""NISSAN"", ""TOYOTA""]","[""BACKING"", ""PARKED""]","[""CAMRY"", ""ROGUE""]",[],[],"[""NOT APPLICABLE""]","[""NONE""]","[""NO INDICATION OF INJURY""]",2025,9,19,10,0,morning,41.97,-87.65,41.97_-87.65,0,0,,,,Other
STRAIGHT AND LEVEL,813,2025-09-19 10:15:00,6,10,9,no injury / drive away,"OVER $1,500",FUNCTIONING PROPERLY,SIDESWIPE SAME DIRECTION,1.0,0.0,0.0,3.0,0.0,0.0,0.0,0.0,41.7785179236,daylight,-87.7424421884,NO INDICATION OF INJURY,2,30,UNABLE TO DETERMINE,NO DEFECTS,dry,IMPROPER OVERTAKING/PASSING,S,6280,traffic signal,TRAFFIC ROUTE,clear,,,,,,4,1,"[""SIDE-LEFT-REAR"", ""SIDE-RIGHT""]","[""CHEVROLET"", ""NOVA BUS""]","[""PASSING/OVERTAKING"", ""SLOW/STOP IN TRAFFIC""]","[""RTS"", ""TRAVERSE""]",[],"[""56""]","[""DEPLOYMENT UNKNOWN"", ""NOT APPLICABLE""]","[""NONE""]","[""NO INDICATION OF INJURY""]",2025,9,19,10,0,morning,41.78,-87.74,41.78_-87.74,0,0,56.0,56.0,56.0,Other
STRAIGHT AND LEVEL,431,2025-09-19 10:20:00,6,10,9,no injury / drive away,"OVER $1,500",NO CONTROLS,ANGLE,1.0,0.0,0.0,2.0,0.0,0.0,0.0,0.0,41.7223623688,daylight,-87.5750546574,NO INDICATION OF INJURY,2,35,DRIVING SKILLS/KNOWLEDGE/EXPERIENCE,NO DEFECTS,dry,UNABLE TO DETERMINE,E,2007,no controls,PARKING LOT,clear,,,,,,4,1,"[""REAR"", ""SIDE-RIGHT""]","[""CHEVROLET"", ""UNKNOWN""]","[""ENTERING TRAFFIC LANE FROM PARKING"", ""STRAIGHT AHEAD""]","[""OTHER (EXPLAIN IN NARRATIVE)"", ""SILVERADO""]",[],"[""34""]","[""DEPLOYMENT UNKNOWN"", ""NOT APPLICABLE""]","[""NONE""]","[""NO INDICATION OF INJURY""]",2025,9,19,10,0,morning,41.72,-87.58,41.72_-87.58,0,0,34.0,34.0,34.0,Other
STRAIGHT AND LEVEL,823,2025-09-19 10:25:00,6,10,9,injury and / or tow due to crash,"OVER $1,500",FUNCTIONING PROPERLY,ANGLE,1.0,0.0,0.0,3.0,0.0,0.0,0.0,0.0,41.7825899469,daylight,-87.698511327,NO INDICATION OF INJURY,2,30,DISREGARDING STOP SIGN,,dry,UNABLE TO DETERMINE,S,6100,stop sign/flasher,FOUR WAY,clear,,1.0,,,,3,1,"[""FRONT"", ""SIDE-RIGHT""]","[""DODGE""]","[""STRAIGHT AHEAD""]","[""CHARGER"", ""GRAND CARAVAN""]","[""Y""]","[""30""]","[""DEPLOYED, COMBINATION"", ""DEPLOYMENT UNKNOWN"", ""DID NOT DEPLOY""]","[""NONE""]","[""NO INDICATION OF INJURY""]",2025,9,19,10,0,morning,41.78,-87.7,41.78_-87.7,0,0,30.0,30.0,30.0,Other
STRAIGHT AND LEVEL,513,2025-09-19 10:50:00,6,10,9,no injury / drive away,"OVER $1,500",NO CONTROLS,PARKED MOTOR VEHICLE,1.0,0.0,0.0,1.0,0.0,0.0,0.0,0.0,41.6942779803,daylight,-87.6246115715,NO INDICATION OF INJURY,2,30,UNABLE TO DETERMINE,,dry,NOT APPLICABLE,W,37,no controls,ONE-WAY,clear,,,,,,4,0,"[""SIDE-LEFT"", ""UNKNOWN""]","[""BUICK"", ""UNKNOWN""]","[""PARKED"", ""UNKNOWN/NA""]","[""ENCORE"", ""OTHER (EXPLAIN IN NARRATIVE)""]",[],[],"[""DEPLOYMENT UNKNOWN""]","[""NONE""]","[""NO INDICATION OF INJURY""]",2025,9,19,10,0,morning,41.69,-87.62,41.69_-87.62,0,0,,,,Other
STRAIGHT AND LEVEL,513,2025-09-19 11:00:00,6,11,9,no injury / drive away,"OVER $1,500",FUNCTIONING PROPERLY,TURNING,1.0,0.0,0.0,2.0,0.0,0.0,0.0,0.0,41.6943760946,daylight,-87.6233027362,NO INDICATION OF INJURY,2,30,FAILING TO YIELD RIGHT-OF-WAY,NO DEFECTS,dry,DISREGARDING STOP SIGN,S,11000,stop sign/flasher,NOT DIVIDED,clear,,,,,,4,1,"[""FRONT-RIGHT-CORNER"", ""UNKNOWN""]","[""CHRYSLER"", ""UNKNOWN""]","[""STRAIGHT AHEAD"", ""TURNING LEFT""]","[""OTHER (EXPLAIN IN NARRATIVE)"", ""TOWN & COUNTRY""]",[],"[""55""]","[""DEPLOYMENT UNKNOWN"", ""NOT APPLICABLE""]","[""NONE""]","[""NO INDICATION OF INJURY""]",2025,9,19,11,0,morning,41.69,-87.62,41.69_-87.62,1,0,55.0,55.0,55.0,Failure-to-Yield
STRAIGHT AND LEVEL,822,2025-09-19 11:00:00,6,11,9,no injury / drive away,$500 OR LESS,NO CONTROLS,PEDALCYCLIST,1.0,0.0,0.0,3.0,0.0,0.0,0.0,0.0,41.8006767048,daylight,-87.7062687011,NO INDICATION OF INJURY,2,30,FAILING TO YIELD RIGHT-OF-WAY,NO DEFECTS,dry,IMPROPER TURNING/NO SIGNAL,W,3301,no controls,NOT DIVIDED,clear,,,,,,2,1,"[""FRONT""]","[""HONDA""]","[""TURNING RIGHT""]","[""ACCORD""]",[],"[""27""]","[""NOT APPLICABLE""]","[""NONE""]","[""NO INDICATION OF INJURY""]",2025,9,19,11,0,morning,41.8,-87.71,41.8_-87.71,0,0,27.0,27.0,27.0,Failure-to-Yield
STRAIGHT AND LEVEL,612,2025-09-19 11:45:00,6,11,9,no injury / drive away,"OVER $1,500",,REAR END,1.0,0.0,0.0,2.0,0.0,0.0,0.0,0.0,41.7504749298,darkness,-87.6538833344,NO INDICATION OF INJURY,2,30,FOLLOWING TOO CLOSELY,,dry,FOLLOWING TOO CLOSELY,S,7900,stop sign/flasher,NOT DIVIDED,clear,,,,,,4,1,"[""FRONT"", ""REAR""]","[""DODGE"", ""NISSAN""]","[""STRAIGHT AHEAD""]","[""CARAVAN"", ""SENTRA""]",[],"[""33""]","[""DEPLOYMENT UNKNOWN""]","[""NONE"", ""UNKNOWN""]","[""NO INDICATION OF INJURY""]",2025,9,19,11,0,morning,41.75,-87.65,41.75_-87.65,0,0,33.0,33.0,33.0,Following Too Closely
STRAIGHT AND LEVEL,1935,2025-09-19 11:45:00,6,11,9,no injury / drive away,"OVER $1,500",NO CONTROLS,SIDESWIPE SAME DIRECTION,1.0,0.0,0.0,2.0,0.0,0.0,0.0,0.0,41.9272988839,daylight,-87.6489738984,NO INDICATION OF INJURY,2,30,FAILING TO YIELD RIGHT-OF-WAY,,,NOT APPLICABLE,N,2500,no controls,NOT DIVIDED,clear,,,,,,3,1,"[""SIDE-LEFT"", ""UNKNOWN""]","[""NOVA BUS"", ""UNKNOWN""]","[""ENTERING TRAFFIC LANE FROM PARKING"", ""PASSING/OVERTAKING""]","[""OTHER (EXPLAIN IN NARRATIVE)""]",[],"[""45""]","[""DEPLOYMENT UNKNOWN"", ""DID NOT DEPLOY""]","[""NONE"", ""UNKNOWN""]","[""NO INDICATION OF INJURY""]",2025,9,19,11,0,morning,41.93,-87.65,41.93_-87.65,0,0,45.0,45.0,45.0,Failure-to-Yield