alignment,beat_of_occurrence,crash_date,crash_day_of_week,crash_hour,crash_month,crash_type,damage,device_condition,first_crash_type,hit_and_run_i,injuries_fatal,injuries_incapacitating,injuries_no_indication,injuries_non_incapacitating,injuries_reported_not_evident,injuries_total,injuries_unknown,latitude,lighting_condition,longitude,most_severe_injury,num_units,posted_speed_limit,prim_contributory_cause,road_defect,roadway_surface_cond,sec_contributory_cause,street_direction,street_no,traffic_control_device,trafficway_type,weather_condition,crash_date_est_i,intersection_related_i,work_zone_i,dooring_i,private_property_i,veh_count,ppl_count,veh_first_contact_point_list_json,veh_make_list_json,veh_maneuver_list_json,veh_model_list_json,veh_towed_i_list_json,ppl_age_list_json,ppl_airbag_deployed_list_json,ppl_ejection_list_json,ppl_injury_classification_list_json,year,month,day,hour,is_weekend,hour_bin,lat_bin,lng_bin,grid_id,veh_truck_i,veh_mc_i,ppl_age_mean,ppl_age_min,ppl_age_max,cause_group
STRAIGHT AND LEVEL,2012,2025-09-19 11:50:00,6,11,9,no injury / drive away,"$501 - $1,500",NO CONTROLS,REAR END,1.0,0.0,0.0,2.0,0.0,0.0,0.0,0.0,41.990676795,daylight,-87.6734189526,NO INDICATION OF INJURY,2,30,IMPROPER OVERTAKING/PASSING,NO DEFECTS,dry,UNABLE TO DETERMINE,W,1747,no controls,NOT DIVIDED,clear,,,,,,4,1,"[""FRONT-RIGHT-CORNER"", ""REAR""]","[""CHEVROLET"", ""FORD""]","[""MERGING"", ""PASSING/OVERTAKING""]","[""EXPEDITION"", ""TRAIL BLAZER""]",[],"[""31""]","[""DEPLOYMENT UNKNOWN"", ""NOT APPLICABLE""]","[""NONE""]","[""NO INDICATION OF INJURY""]",2025,9,19,11,0,morning,41.99,-87.67,41.99_-87.67,0,0,31.0,31.0,31.0,Other
STRAIGHT AND LEVEL,1711,2025-09-19 11:55:00,6,11,9,no injury / drive away,"$501 - $1,500",NO CONTROLS,PARKED MOTOR VEHICLE,1.0,0.0,0.0,7.0,0.0,0.0,0.0,0.0,41.9844410925,daylight,-87.7093997065,NO INDICATION OF INJURY,3,30,UNABLE TO DETERMINE,NO DEFECTS,dry,UNABLE TO DETERMINE,N,5648,no controls,DIVIDED - W/MEDIAN (NOT RAISED),clear,,,,,,5,2,"[""FRONT"", ""FRONT-LEFT-CORNER"", ""SIDE-RIGHT-REAR""]","[""CHEVROLET"", ""JEEP"", ""MAZDA""]","[""PARKED"", ""STRAIGHT AHEAD""]","[""CHEROKEE"", ""CX-5"", ""EXPRESS""]",[],"[""21"", ""32""]","[""DEPLOYMENT UNKNOWN"", ""NOT APPLICABLE""]","[""NONE""]","[""NO INDICATION OF INJURY""]",2025,9,19,11,0,morning,41.98,-87.71,41.98_-87.71,0,0,26.5,21.0,32.0,Other
STRAIGHT AND LEVEL,1713,2025-09-19 11:55:00,6,11,9,no injury / drive away,"OVER $1,500",FUNCTIONING PROPERLY,PARKED MOTOR VEHICLE,1.0,0.0,0.0,1.0,0.0,0.0,0.0,0.0,41.9656754244,daylight,-87.710666281,NO INDICATION OF INJURY,2,30,UNABLE TO DETERMINE,NO DEFECTS,dry,NOT APPLICABLE,W,3256,stop sign/flasher,ONE-WAY,clear,,,,,,4,0,"[""SIDE-RIGHT-REAR"", ""UNKNOWN""]","[""HONDA"", ""UNKNOWN""]","[""PARKED"", ""UNKNOWN/NA""]","[""CIVIC"", ""OTHER (EXPLAIN IN NARRATIVE)""]",[],[],"[""DEPLOYMENT UNKNOWN""]","[""NONE""]","[""NO INDICATION OF INJURY""]",2025,9,19,11,0,morning,41.97,-87.71,41.97_-87.71,0,0,,,,Other
STRAIGHT AND LEVEL,822,2025-09-19 12:15:00,6,12,9,injury and / or tow due to crash,"OVER $1,500",FUNCTIONING PROPERLY,TURNING,1.0,0.0,0.0,1.0,1.0,0.0,1.0,0.0,41.8006219179,daylight,-87.7112696171,NONINCAPACITATING INJURY,2,30,IMPROPER TURNING/NO SIGNAL,NO DEFECTS,dry,CELL PHONE USE OTHER THAN TEXTING,S,5100,traffic signal,NOT DIVIDED,clear,,,,,,4,1,"[""FRONT-LEFT-CORNER"", ""SIDE-LEFT""]","[""FORD"", ""TOYOTA""]","[""SLOW/STOP IN TRAFFIC"", ""TURNING LEFT""]","[""OTHER (EXPLAIN IN NARRATIVE)"", ""PRIUS""]",[],"[""59""]","[""DEPLOYMENT UNKNOWN"", ""NOT APPLICABLE""]","[""NONE""]","[""NO INDICATION OF INJURY"", ""NONINCAPACITATING INJURY""]",2025,9,19,12,0,morning,41.8,-87.71,41.8_-87.71,0,0,59.0,59.0,59.0,Other
STRAIGHT AND LEVEL,123,2025-09-19 12:36:00,6,12,9,no injury / drive away,"OVER $1,500",NO CONTROLS,PARKED MOTOR VEHICLE,1.0,0.0,0.0,1.0,0.0,0.0,0.0,0.0,41.8745201634,daylight,-87.6259124567,NO INDICATION OF INJURY,2,15,UNABLE TO DETERMINE,NO DEFECTS,dry,NOT APPLICABLE,E,50,no controls,PARKING LOT,clear,,,,,,4,0,"[""FRONT-LEFT-CORNER"", ""UNKNOWN""]","[""LEXUS"", ""UNKNOWN""]","[""PARKED"", ""UNKNOWN/NA""]","[""NX"", ""OTHER (EXPLAIN IN NARRATIVE)""]",[],[],"[""DEPLOYMENT UNKNOWN""]","[""UNKNOWN""]","[""NO INDICATION OF INJURY""]",2025,9,19,12,0,morning,41.87,-87.63,41.87_-87.63,0,0,,,,Other
STRAIGHT AND LEVEL,2232,2025-09-19 13:00:00,6,13,9,no injury / drive away,"$501 - $1,500",NO CONTROLS,PARKED MOTOR VEHICLE,1.0,0.0,0.0,1.0,0.0,0.0,0.0,0.0,41.7088633734,daylight,-87.6406025927,NO INDICATION OF INJURY,2,25,UNABLE TO DETERMINE,NO DEFECTS,dry,NOT APPLICABLE,S,10158,no controls,NOT DIVIDED,clear,,,,,,4,0,"[""SIDE-LEFT"", ""UNKNOWN""]","[""ISUZU"", ""NISSAN""]","[""PARKED"", ""UNKNOWN/NA""]","[""OTHER (EXPLAIN IN NARRATIVE)"", ""SENTRA""]",[],[],"[""DEPLOYMENT UNKNOWN""]","[""NONE""]","[""NO INDICATION OF INJURY""]",2025,9,19,13,0,afternoon,41.71,-87.64,41.71_-87.64,0,0,,,,Other
STRAIGHT AND LEVEL,1125,2025-09-19 13:00:00,6,13,9,no injury / drive away,"$501 - $1,500",NO CONTROLS,SIDESWIPE SAME DIRECTION,1.0,0.0,0.0,2.0,0.0,0.0,0.0,0.0,41.8761534418,daylight,-87.6864194629,NO INDICATION OF INJURY,2,30,UNABLE TO DETERMINE,NO DEFECTS,dry,UNABLE TO DETERMINE,S,350,no controls,NOT DIVIDED,clear,,,,,,4,1,"[""FRONT-LEFT-CORNER"", ""SIDE-RIGHT""]","[""ACURA"", ""MERCEDES-BENZ""]","[""CHANGING LANES"", ""STRAIGHT AHEAD""]","[""350 SERIES"", ""ADX""]",[],"[""38""]","[""DEPLOYMENT UNKNOWN"", ""DID NOT DEPLOY""]","[""NONE""]","[""NO INDICATION OF INJURY""]",2025,9,19,13,0,afternoon,41.88,-87.69,41.88_-87.69,0,0,38.0,38.0,38.0,Other
STRAIGHT AND LEVEL,235,2025-09-19 13:10:00,6,13,9,no injury / drive away,"OVER $1,500",NO CONTROLS,REAR TO SIDE,1.0,0.0,0.0,2.0,0.0,0.0,0.0,0.0,41.7935062703,daylight,-87.5857557812,NO INDICATION OF INJURY,2,30,IMPROPER BACKING,,dry,IMPROPER BACKING,E,1616,no controls,NOT DIVIDED,clear,,,,,,4,1,"[""REAR"", ""SIDE-RIGHT-REAR""]","[""HONDA"", ""TOYOTA""]","[""BACKING"", ""STRAIGHT AHEAD""]","[""HR-V"", ""PRIUS""]",[],"[""39""]","[""DEPLOYMENT UNKNOWN"", ""DID NOT DEPLOY""]","[""NONE""]","[""NO INDICATION OF INJURY""]",2025,9,19,13,0,afternoon,41.79,-87.59,41.79_-87.59,0,0,39.0,39.0,39.0,DUI/Impairment
STRAIGHT AND LEVEL,1732,2025-09-19 13:10:00,6,13,9,no injury / drive away,"OVER $1,500",FUNCTIONING PROPERLY,REAR END,1.0,0.0,0.0,2.0,0.0,0.0,0.0,0.0,41.939387374,daylight,-87.7200007538,NO INDICATION OF INJURY,2,20,FOLLOWING TOO CLOSELY,NO DEFECTS,dry,NOT APPLICABLE,N,3204,stop sign/flasher,ONE-WAY,clear,,,,,,4,1,"[""FRONT"", ""REAR""]","[""BMW"", ""LEXUS""]","[""STRAIGHT AHEAD""]","[""LX"", ""X3""]",[],"[""65""]","[""DEPLOYMENT UNKNOWN"", ""NOT APPLICABLE""]","[""NONE""]","[""NO INDICATION OF INJURY""]",2025,9,19,13,0,afternoon,41.94,-87.72,41.94_-87.72,0,0,65.0,65.0,65.0,Following Too Closely
STRAIGHT AND LEVEL,1925,2025-09-19 13:25:00,6,13,9,injury and / or tow due to crash,"OVER $1,500",OTHER,PEDALCYCLIST,1.0,0.0,1.0,1.0,0.0,0.0,1.0,0.0,41.9535434773,daylight,-87.6443005968,INCAPACITATING INJURY,2,30,UNABLE TO DETERMINE,NO DEFECTS,dry,NOT APPLICABLE,N,3920,other,NOT DIVIDED,clear,,,,,,2,1,"[""FRONT""]","[""UNKNOWN""]","[""STRAIGHT AHEAD""]","[""MOTORIZED""]",[],"[""32""]","[""DEPLOYMENT UNKNOWN""]","[""NONE""]","[""INCAPACITATING INJURY"", ""NO INDICATION OF INJURY""]",2025,9,19,13,0,afternoon,41.95,-87.64,41.95_-87.64,0,1,32.0,32.0,32.0,Other
STRAIGHT AND LEVEL,1235,2025-09-19 13:25:00,6,13,9,no injury / drive away,"OVER $1,500",,PARKED MOTOR VEHICLE,1.0,0.0,0.0,1.0,0.0,0.0,0.0,0.0,41.8575791408,daylight,-87.6517023918,NO INDICATION OF INJURY,2,30,UNABLE TO DETERMINE,,dry,UNABLE TO DETERMINE,S,1812,,NOT DIVIDED,clear,,,,,,4,0,"[""REAR-LEFT-CORNER"", ""UNKNOWN""]","[""TOYOTA"", ""UNKNOWN""]","[""PARKED"", ""UNKNOWN/NA""]","[""OTHER (EXPLAIN IN NARRATIVE)"", ""SIENNA""]",[],[],"[""DEPLOYMENT UNKNOWN""]","[""NONE""]","[""NO INDICATION OF INJURY""]",2025,9,19,13,0,afternoon,41.86,-87.65,41.86_-87.65,0,0,,,,Other
STRAIGHT AND LEVEL,1733,2025-09-19 13:30:00,6,13,9,no injury / drive away,"$501 - $1,500",FUNCTIONING PROPERLY,SIDESWIPE SAME DIRECTION,1.0,0.0,0.0,2.0,0.0,0.0,0.0,0.0,41.9394983726,daylight,-87.6986613797,NO INDICATION OF INJURY,2,30,IMPROPER LANE USAGE,,dry,IMPROPER LANE USAGE,W,2820,traffic signal,DIVIDED - W/MEDIAN (NOT RAISED),clear,,,,,,4,1,"[""FRONT-LEFT-CORNER"", ""UNKNOWN""]","[""JEEP"", ""UNKNOWN""]","[""STRAIGHT AHEAD"", ""UNKNOWN/NA""]","[""LIBERTY"", ""OTHER (EXPLAIN IN NARRATIVE)""]",[],"[""21""]","[""DEPLOYMENT UNKNOWN"", ""NOT APPLICABLE""]","[""UNKNOWN""]","[""NO INDICATION OF INJURY""]",2025,9,19,13,0,afternoon,41.94,-87.7,41.94_-87.7,0,0,21.0,21.0,21.0,Other
STRAIGHT AND LEVEL,1021,2025-09-19 13:45:00,6,13,9,no injury / drive away,"OVER $1,500",NO CONTROLS,REAR END,1.0,0.0,0.0,2.0,0.0,0.0,0.0,0.0,41.8623718176,daylight,-87.7105768991,NO INDICATION OF INJURY,2,30,UNABLE TO DETERMINE,NO DEFECTS,dry,NOT APPLICABLE,S,1400,no controls,NOT DIVIDED,clear,,,,,,4,1,"[""FRONT"", ""REAR""]","[""FORD"", ""UNKNOWN""]","[""SLOW/STOP IN TRAFFIC"", ""STRAIGHT AHEAD""]","[""F250"", ""OTHER (EXPLAIN IN NARRATIVE)""]",[],"[""64""]","[""DEPLOYMENT UNKNOWN"", ""DID NOT DEPLOY""]","[""NONE""]","[""NO INDICATION OF INJURY""]",2025,9,19,13,0,afternoon,41.86,-87.71,41.86_-87.71,0,0,64.0,64.0,64.0,Other
STRAIGHT AND LEVEL,1111,2025-09-19 14:00:00,6,14,9,injury and / or tow due to crash,"OVER $1,500",FUNCTIONING PROPERLY,ANGLE,1.0,0.0,0.0,2.0,0.0,0.0,0.0,0.0,41.898937119,daylight,-87.7337275997,NO INDICATION OF INJURY,2,30,DISREGARDING STOP SIGN,,,NOT APPLICABLE,N,1000,stop sign/flasher,NOT DIVIDED,clear,,1.0,,,,4,0,"[""FRONT"", ""FRONT-RIGHT-CORNER""]","[""HONDA"", ""UNKNOWN""]","[""STRAIGHT AHEAD""]","[""CR-V"", ""OTHER (EXPLAIN IN NARRATIVE)""]","[""Y""]",[],"[""DEPLOYED, SIDE"", ""DEPLOYMENT UNKNOWN""]","[""NONE""]","[""NO INDICATION OF INJURY""]",2025,9,19,14,0,afternoon,41.9,-87.73,41.9_-87.73,0,0,,,,Other
STRAIGHT AND LEVEL,2212,2025-09-19 14:25:00,6,14,9,no injury / drive away,"$501 - $1,500",NO CONTROLS,FIXED OBJECT,1.0,0.0,0.0,2.0,0.0,0.0,0.0,0.0,41.6910968674,daylight,-87.6674679052,NO INDICATION OF INJURY,2,30,UNABLE TO DETERMINE,,dry,NOT APPLICABLE,W,1806,no controls,NOT DIVIDED,clear,,,,,,2,1,"[""OTHER""]","[""CHRYSLER""]","[""STRAIGHT AHEAD""]","[""300""]",[],"[""89""]","[""NOT APPLICABLE""]","[""NONE"", ""UNKNOWN""]","[""NO INDICATION OF INJURY""]",2025,9,19,14,0,afternoon,41.69,-87.67,41.69_-87.67,0,0,89.0,89.0,89.0,Other
STRAIGHT AND LEVEL,1034,2025-09-19 14:27:00,6,14,9,no injury / drive away,"OVER $1,500",NO CONTROLS,ANGLE,1.0,0.0,0.0,5.0,0.0,0.0,0.0,0.0,41.8457393671,daylight,-87.6846243398,NO INDICATION OF INJURY,2,30,FAILING TO YIELD RIGHT-OF-WAY,NO DEFECTS,dry,NOT APPLICABLE,S,2526,no controls,ONE-WAY,clear,,,,,,4,1,"[""FRONT"", ""SIDE-LEFT""]","[""NISSAN"", ""TOYOTA""]","[""ENTER FROM DRIVE/ALLEY"", ""STRAIGHT AHEAD""]","[""CAMRY"", ""SENTRA""]",[],"[""35""]","[""DEPLOYMENT UNKNOWN"", ""DID NOT DEPLOY""]","[""NONE""]","[""NO INDICATION OF INJURY""]",2025,9,19,14,0,afternoon,41.85,-87.68,41.85_-87.68,0,0,35.0,35.0,35.0,Failure-to-Yield
STRAIGHT AND LEVEL,1232,2025-09-19 14:45:00,6,14,9,no injury / drive away,"OVER $1,500",,PARKED MOTOR VEHICLE,1.0,0.0,0.0,1.0,0.0,0.0,0.0,0.0,41.871726473,daylight,-87.6534871635,NO INDICATION OF INJURY,2,30,UNABLE TO DETERMINE,,,UNABLE TO DETERMINE,W,1057,,NOT DIVIDED,clear,,,,,,4,0,"[""FRONT-LEFT-CORNER"", ""UNKNOWN""]","[""TOYOTA"", ""UNKNOWN""]","[""PARKED"", ""UNKNOWN/NA""]","[""OTHER (EXPLAIN IN NARRATIVE)"", ""RAV4""]",[],[],"[""DEPLOYMENT UNKNOWN""]","[""UNKNOWN""]","[""NO INDICATION OF INJURY""]",2025,9,19,14,0,afternoon,41.87,-87.65,41.87_-87.65,0,0,,,,Other
STRAIGHT AND LEVEL,114,2025-09-19 14:49:00,6,14,9,no injury / drive away,"OVER $1,500",,REAR END,1.0,0.0,0.0,2.0,0.0,0.0,0.0,0.0,41.8770366926,daylight,-87.6175463867,NO INDICATION OF INJURY,2,30,UNABLE TO DETERMINE,,,UNABLE TO DETERMINE,S,400,,DIVIDED - W/MEDIAN BARRIER,clear,,,,,,4,1,"[""FRONT-LEFT-CORNER"", ""REAR-RIGHT-CORNER""]","[""DODGE"", ""LEXUS""]","[""STRAIGHT AHEAD""]","[""JOURNEY"", ""OTHER (EXPLAIN IN NARRATIVE)""]",[],"[""50""]","[""DEPLOYMENT UNKNOWN""]","[""UNKNOWN""]","[""NO INDICATION OF INJURY""]",2025,9,19,14,0,afternoon,41.88,-87.62,41.88_-87.62,0,0,50.0,50.0,50.0,Other
STRAIGHT AND LEVEL,222,2025-09-19 15:00:00,6,15,9,no injury / drive away,"OVER $1,500",NO CONTROLS,PARKED MOTOR VEHICLE,1.0,0.0,0.0,1.0,0.0,0.0,0.0,0.0,41.8097503336,daylight,-87.5969555534,NO INDICATION OF INJURY,2,10,UNABLE TO DETERMINE,,dry,UNABLE TO DETERMINE,E,1158,no controls,OTHER,clear,,,,,,4,0,"[""FRONT"", ""UNKNOWN""]","[""AUDI"", ""BMW""]","[""BACKING"", ""PARKED""]","[""OTHER (EXPLAIN IN NARRATIVE)"", ""X5""]",[],[],"[""DEPLOYMENT UNKNOWN""]","[""NONE""]","[""NO INDICATION OF INJURY""]",2025,9,19,15,0,afternoon,41.81,-87.6,41.81_-87.6,0,0,,,,Other
STRAIGHT AND LEVEL,1213,2025-09-19 15:00:00,6,15,9,injury and / or tow due to crash,$500 OR LESS,NO CONTROLS,PEDESTRIAN,1.0,0.0,0.0,1.0,1.0,0.0,1.0,0.0,41.8961823242,daylight,-87.6673560642,NONINCAPACITATING INJURY,2,30,UNABLE TO DETERMINE,,dry,UNABLE TO DETERMINE,W,1600,no controls,OTHER,clear,,,,,,2,1,"[""REAR""]","[""HYUNDAI""]","[""BACKING""]","[""OTHER (EXPLAIN IN NARRATIVE)""]",[],"[""32""]","[""DEPLOYMENT UNKNOWN""]","[""NONE""]","[""NO INDICATION OF INJURY"", ""NONINCAPACITATING INJURY""]",2025,9,19,15,0,afternoon,41.9,-87.67,41.9_-87.67,0,0,32.0,32.0,32.0,Other
STRAIGHT AND LEVEL,114,2025-09-19 15:00:00,6,15,9,no injury / drive away,"$501 - $1,500",,PARKED MOTOR VEHICLE,1.0,0.0,0.0,1.0,0.0,0.0,0.0,0.0,41.88462754,daylight,-87.6186430717,NO INDICATION OF INJURY,2,10,NOT APPLICABLE,,dry,NOT APPLICABLE,E,360,,NOT DIVIDED,clear,,,,,,3,0,"[""FRONT"", ""FRONT-LEFT-CORNER""]","[""FORD"", ""KIA""]","[""PARKED"", ""STRAIGHT AHEAD""]","[""OTHER (EXPLAIN IN NARRATIVE)""]",[],[],"[""DEPLOYMENT UNKNOWN""]","[""NONE""]","[""NO INDICATION OF INJURY""]",2025,9,19,15,0,afternoon,41.88,-87.62,41.88_-87.62,0,0,,,,Other
STRAIGHT AND LEVEL,2524,2025-09-19 15:14:00,6,15,9,no injury / drive away,"OVER $1,500",FUNCTIONING PROPERLY,REAR END,1.0,0.0,0.0,3.0,0.0,0.0,0.0,0.0,41.9288312849,daylight,-87.7270414567,NO INDICATION OF INJURY,2,35,IMPROPER OVERTAKING/PASSING,NO DEFECTS,dry,IMPROPER LANE USAGE,N,2622,traffic signal,NOT DIVIDED,clear,,,,,,4,2,"[""FRONT-LEFT-CORNER"", ""REAR-RIGHT-CORNER""]","[""CHEVROLET"", ""FORD""]","[""PASSING/OVERTAKING"", ""SLOW/STOP IN TRAFFIC""]","[""EXPLORER"", ""SILVERADO""]",[],"[""38"", ""40""]","[""DEPLOYMENT UNKNOWN"", ""NOT APPLICABLE""]","[""NONE""]","[""NO INDICATION OF INJURY""]",2025,9,19,15,0,afternoon,41.93,-87.73,41.93_-87.73,0,0,39.0,38.0,40.0,Other
STRAIGHT AND LEVEL,1034,2025-09-19 15:15:00,6,15,9,no injury / drive away,"$501 - $1,500",NO CONTROLS,PEDALCYCLIST,1.0,0.0,0.0,3.0,0.0,0.0,0.0,0.0,41.8483520422,daylight,-87.6856819345,NO INDICATION OF INJURY,2,30,DRIVING SKILLS/KNOWLEDGE/EXPERIENCE,NO DEFECTS,dry,NOT APPLICABLE,S,2400,no controls,NOT DIVIDED,clear,,,,,,2,1,"[""FRONT-RIGHT-CORNER""]","[""FORD""]","[""STRAIGHT AHEAD""]","[""OTHER (EXPLAIN IN NARRATIVE)""]",[],"[""41""]","[""DID NOT DEPLOY""]","[""NONE""]","[""NO INDICATION OF INJURY""]",2025,9,19,15,0,afternoon,41.85,-87.69,41.85_-87.69,0,0,41.0,41.0,41.0,Other
STRAIGHT AND LEVEL,2234,2025-09-19 15:24:00,6,15,9,injury and / or tow due to crash,"OVER $1,500",FUNCTIONING PROPERLY,SIDESWIPE SAME DIRECTION,1.0,0.0,0.0,8.0,0.0,0.0,0.0,0.0,41.6778366046,daylight,-87.6626311185,NO INDICATION OF INJURY,5,30,"OPERATING VEHICLE IN ERRATIC, RECKLESS, CARELESS, NEGLIGENT OR AGGRESSIVE MANNER",NO DEFECTS,dry,NOT APPLICABLE,S,11850,traffic signal,OTHER,clear,,,,,,5,5,"[""FRONT-LEFT-CORNER"", ""FRONT-RIGHT-CORNER"", ""SIDE-RIGHT"", ""UNKNOWN""]","[""CHEVROLET"", ""DODGE"", ""FORD"", ""HONDA"", ""TOYOTA""]","[""OTHER"", ""SLOW/STOP IN TRAFFIC"", ""STRAIGHT AHEAD""]","[""CIVIC"", ""EXPLORER"", ""GRAND CARAVAN"", ""PRIUS"", ""TRAVERSE""]","[""Y""]","[""26"", ""27"", ""35"", ""37"", ""41""]","[""DEPLOYMENT UNKNOWN"", ""DID NOT DEPLOY"", ""NOT APPLICABLE""]","[""NONE""]","[""NO INDICATION OF INJURY""]",2025,9,19,15,0,afternoon,41.68,-87.66,41.68_-87.66,0,0,33.2,26.0,41.0,Other
STRAIGHT AND LEVEL,614,2025-09-19 15:30:00,6,15,9,no injury / drive away,"$501 - $1,500",FUNCTIONING PROPERLY,REAR END,1.0,0.0,0.0,2.0,0.0,0.0,0.0,0.0,41.7356384439,daylight,-87.682405788,NO INDICATION OF INJURY,2,35,FAILING TO REDUCE SPEED TO AVOID CRASH,NO DEFECTS,dry,FOLLOWING TOO CLOSELY,W,2384,traffic signal,FOUR WAY,clear,,1.0,,,,4,1,"[""FRONT"", ""REAR""]","[""CHEVROLET"", ""JEEP""]","[""STRAIGHT AHEAD""]","[""EQUINOX"", ""GRAND CHEROKEE""]",[],"[""64""]","[""DEPLOYMENT UNKNOWN"", ""DID NOT DEPLOY""]","[""NONE""]","[""NO INDICATION OF INJURY""]",2025,9,19,15,0,afternoon,41.74,-87.68,41.74_-87.68,0,0,64.0,64.0,64.0,Speeding
STRAIGHT AND LEVEL,1833,2025-09-19 15:30:00,6,15,9,no injury / drive away,"OVER $1,500",,SIDESWIPE SAME DIRECTION,1.0,0.0,0.0,2.0,0.0,0.0,0.0,0.0,41.899248597,,-87.6242749782,NO INDICATION OF INJURY,2,25,NOT APPLICABLE,,,NOT APPLICABLE,N,900,,NOT DIVIDED,,,,,,,4,1,"[""FRONT-RIGHT-CORNER"", ""REAR-LEFT-CORNER""]","[""NOVA BUS"", ""SUBARU""]","[""UNKNOWN/NA""]","[""CROSSTREK"", ""OTHER (EXPLAIN IN NARRATIVE)""]",[],"[""75""]","[""DEPLOYMENT UNKNOWN"", ""NOT APPLICABLE""]","[""NONE""]","[""NO INDICATION OF INJURY""]",2025,9,19,15,0,afternoon,41.9,-87.62,41.9_-87.62,0,0,75.0,75.0,75.0,Other
STRAIGHT AND LEVEL,234,2025-09-19 15:45:00,6,15,9,no injury / drive away,"$501 - $1,500",NO CONTROLS,TURNING,1.0,0.0,0.0,2.0,0.0,0.0,0.0,0.0,41.7976776793,daylight,-87.5808641651,NO INDICATION OF INJURY,2,25,FAILING TO YIELD RIGHT-OF-WAY,NO DEFECTS,dry,UNABLE TO DETERMINE,S,5400,no controls,NOT DIVIDED,clear,,,,,,4,1,"[""SIDE-LEFT-FRONT"", ""UNKNOWN""]","[""HONDA"", ""VOLKSWAGEN""]","[""STRAIGHT AHEAD"", ""TURNING RIGHT""]","[""ODYSSEY"", ""OTHER (EXPLAIN IN NARRATIVE)""]",[],"[""37""]","[""DEPLOYMENT UNKNOWN"", ""DID NOT DEPLOY""]","[""NONE""]","[""NO INDICATION OF INJURY""]",2025,9,19,15,0,afternoon,41.8,-87.58,41.8_-87.58,0,0,37.0,37.0,37.0,Failure-to-Yield
STRAIGHT AND LEVEL,1722,2025-09-19 15:45:00,6,15,9,no injury / drive away,"OVER $1,500",NO CONTROLS,SIDESWIPE SAME DIRECTION,1.0,0.0,0.0,2.0,0.0,0.0,0.0,0.0,41.9606227836,daylight,-87.7467523884,NO INDICATION OF INJURY,2,30,FAILING TO YIELD RIGHT-OF-WAY,NO DEFECTS,dry,FAILING TO REDUCE SPEED TO AVOID CRASH,W,4739,no controls,CENTER TURN LANE,cloudy/overcast,,,,,,4,1,"[""FRONT-RIGHT-CORNER"", ""SIDE-LEFT-FRONT""]","[""CHEVROLET"", ""UNKNOWN""]","[""CHANGING LANES"", ""STRAIGHT AHEAD""]","[""CORVETTE"", ""OTHER (EXPLAIN IN NARRATIVE)""]",[],"[""67""]","[""DID NOT DEPLOY""]","[""NONE""]","[""NO INDICATION OF INJURY""]",2025,9,19,15,0,afternoon,41.96,-87.75,41.96_-87.75,0,0,67.0,67.0,67.0,Failure-to-Yield
STRAIGHT AND LEVEL,712,2025-09-19 15:55:00,6,15,9,no injury / drive away,"OVER $1,500",FUNCTIONING PROPERLY,SIDESWIPE SAME DIRECTION,1.0,0.0,0.0,5.0,0.0,0.0,0.0,0.0,41.7797672322,daylight,-87.6494990379,NO INDICATION OF INJURY,2,25,IMPROPER OVERTAKING/PASSING,NO DEFECTS,dry,UNABLE TO DETERMINE,S,6259,traffic signal,NOT DIVIDED,clear,,1.0,,,,3,1,"[""FRONT-RIGHT-CORNER"", ""REAR-LEFT-CORNER""]","[""CADILLAC"", ""VOLKSWAGEN""]","[""BACKING"", ""PASSING/OVERTAKING""]","[""OTHER (EXPLAIN IN NARRATIVE)""]",[],"[""70""]","[""DID NOT DEPLOY"", ""NOT APPLICABLE""]","[""NONE""]","[""NO INDICATION OF INJURY""]",2025,9,19,15,0,afternoon,41.78,-87.65,41.78_-87.65,0,0,70.0,70.0,70.0,Other