alignment,beat_of_occurrence,crash_date,crash_day_of_week,crash_hour,crash_month,crash_type,damage,device_condition,first_crash_type,hit_and_run_i,injuries_fatal,injuries_incapacitating,injuries_no_indication,injuries_non_incapacitating,injuries_reported_not_evident,injuries_total,injuries_unknown,latitude,lighting_condition,longitude,most_severe_injury,num_units,posted_speed_limit,prim_contributory_cause,road_defect,roadway_surface_cond,sec_contributory_cause,street_direction,street_no,traffic_control_device,trafficway_type,weather_condition,crash_date_est_i,intersection_related_i,work_zone_i,dooring_i,private_property_i,veh_count,ppl_count,veh_first_contact_point_list_json,veh_make_list_json,veh_maneuver_list_json,veh_model_list_json,veh_towed_i_list_json,ppl_age_list_json,ppl_airbag_deployed_list_json,ppl_ejection_list_json,ppl_injury_classification_list_json,year,month,day,hour,is_weekend,hour_bin,lat_bin,lng_bin,grid_id,veh_truck_i,veh_mc_i,ppl_age_mean,ppl_age_min,ppl_age_max,cause_group
STRAIGHT AND LEVEL,823,2025-09-19 15:57:00,6,15,9,injury and / or tow due to crash,"OVER $1,500",NO CONTROLS,SIDESWIPE SAME DIRECTION,1.0,0.0,0.0,1.0,0.0,1.0,1.0,0.0,41.780646109,dawn,-87.7226697643,"REPORTED, NOT EVIDENT",2,30,UNABLE TO DETERMINE,NO DEFECTS,dry,NOT APPLICABLE,S,6155,no controls,NOT DIVIDED,clear,,,,,,2,1,"[""FRONT-LEFT-CORNER"", ""UNKNOWN""]","[""BUICK""]","[""STRAIGHT AHEAD""]","[""ENCLAVE""]",[],"[""47""]","[""DEPLOYMENT UNKNOWN"", ""NOT APPLICABLE""]","[""NONE"", ""UNKNOWN""]","[""NO INDICATION OF INJURY"", ""REPORTED, NOT EVIDENT""]",2025,9,19,15,0,afternoon,41.78,-87.72,41.78_-87.72,0,0,47.0,47.0,47.0,Other
STRAIGHT AND LEVEL,524,2025-09-19 15:58:00,6,15,9,no injury / drive away,"$501 - $1,500",NO CONTROLS,PARKED MOTOR VEHICLE,1.0,0.0,0.0,1.0,0.0,0.0,0.0,0.0,41.6758965588,daylight,-87.6419907812,NO INDICATION OF INJURY,2,30,UNABLE TO DETERMINE,NO DEFECTS,dry,NOT APPLICABLE,S,12000,no controls,NOT DIVIDED,clear,,,,,,2,0,"[""OTHER"", ""UNKNOWN""]","[""UNKNOWN""]","[""PARKED"", ""STRAIGHT AHEAD""]","[""OTHER (EXPLAIN IN NARRATIVE)""]",[],[],"[""DEPLOYMENT UNKNOWN""]","[""NONE""]","[""NO INDICATION OF INJURY""]",2025,9,19,15,0,afternoon,41.68,-87.64,41.68_-87.64,0,0,,,,Other
STRAIGHT AND LEVEL,1023,2025-09-19 16:00:00,6,16,9,injury and / or tow due to crash,$500 OR LESS,NO CONTROLS,PEDALCYCLIST,1.0,0.0,0.0,1.0,1.0,0.0,1.0,0.0,41.8519640291,daylight,-87.6988296639,NONINCAPACITATING INJURY,2,30,IMPROPER OVERTAKING/PASSING,NO DEFECTS,dry,FAILING TO YIELD RIGHT-OF-WAY,W,2880,no controls,NOT DIVIDED,clear,,,,,,2,1,"[""FRONT""]","[""UNKNOWN""]","[""PASSING/OVERTAKING""]","[""OTHER (EXPLAIN IN NARRATIVE)""]",[],"[""32""]","[""DEPLOYMENT UNKNOWN""]","[""NONE"", ""UNKNOWN""]","[""NO INDICATION OF INJURY"", ""NONINCAPACITATING INJURY""]",2025,9,19,16,0,afternoon,41.85,-87.7,41.85_-87.7,0,0,32.0,32.0,32.0,Other
STRAIGHT AND LEVEL,811,2025-09-19 16:08:00,6,16,9,no injury / drive away,"$501 - $1,500",NO CONTROLS,SIDESWIPE SAME DIRECTION,1.0,0.0,0.0,2.0,0.0,0.0,0.0,0.0,41.794849958,daylight,-87.7672803563,NO INDICATION OF INJURY,2,30,IMPROPER OVERTAKING/PASSING,NO DEFECTS,dry,NOT APPLICABLE,S,6021,no controls,NOT DIVIDED,clear,,,,,,3,1,"[""SIDE-LEFT-FRONT"", ""SIDE-RIGHT""]","[""NOVA BUS"", ""UNKNOWN""]","[""PASSING/OVERTAKING"", ""STRAIGHT AHEAD""]","[""OTHER (EXPLAIN IN NARRATIVE)""]",[],"[""57""]","[""NOT APPLICABLE""]","[""NONE""]","[""NO INDICATION OF INJURY""]",2025,9,19,16,0,afternoon,41.79,-87.77,41.79_-87.77,0,0,57.0,57.0,57.0,Other
STRAIGHT AND LEVEL,2532,2025-09-19 16:15:00,6,16,9,no injury / drive away,"OVER $1,500",NO CONTROLS,SIDESWIPE OPPOSITE DIRECTION,1.0,0.0,0.0,2.0,0.0,0.0,0.0,0.0,41.9023063776,daylight,-87.7605177748,NO INDICATION OF INJURY,2,30,UNABLE TO DETERMINE,,dry,NOT APPLICABLE,W,5356,no controls,DIVIDED - W/MEDIAN (NOT RAISED),clear,,,,,,4,1,"[""SIDE-LEFT""]","[""DODGE"", ""HYUNDAI""]","[""OTHER"", ""STRAIGHT AHEAD""]","[""CHARGER"", ""ELANTRA""]",[],"[""39""]","[""DEPLOYMENT UNKNOWN"", ""NOT APPLICABLE""]","[""NONE""]","[""NO INDICATION OF INJURY""]",2025,9,19,16,0,afternoon,41.9,-87.76,41.9_-87.76,0,0,39.0,39.0,39.0,Other
STRAIGHT AND LEVEL,2011,2025-09-19 16:36:00,6,16,9,injury and / or tow due to crash,$500 OR LESS,FUNCTIONING PROPERLY,PEDALCYCLIST,1.0,0.0,0.0,1.0,0.0,1.0,1.0,0.0,41.9759780821,daylight,-87.6920592931,"REPORTED, NOT EVIDENT",2,30,FAILING TO YIELD RIGHT-OF-WAY,OTHER,dry,NOT APPLICABLE,W,2472,traffic signal,NOT DIVIDED,clear,,1.0,1.0,,,2,1,"[""FRONT""]","[""LEXUS""]","[""TURNING LEFT""]","[""CT200H""]",[],"[""28""]","[""DEPLOYMENT UNKNOWN""]","[""NONE"", ""PARTIALLY EJECTED""]","[""NO INDICATION OF INJURY"", ""REPORTED, NOT EVIDENT""]",2025,9,19,16,0,afternoon,41.98,-87.69,41.98_-87.69,0,0,28.0,28.0,28.0,Failure-to-Yield
STRAIGHT AND LEVEL,911,2025-09-19 17:00:00,6,17,9,no injury / drive away,"OVER $1,500",NO CONTROLS,REAR END,1.0,0.0,0.0,3.0,0.0,0.0,0.0,0.0,41.8254301434,dawn,-87.6855197917,NO INDICATION OF INJURY,3,30,UNABLE TO DETERMINE,NO DEFECTS,dry,NOT APPLICABLE,S,3743,no controls,NOT DIVIDED,clear,,,,,,5,2,"[""FRONT-RIGHT-CORNER"", ""SIDE-LEFT"", ""SIDE-RIGHT""]","[""CADILLAC"", ""FORD"", ""HONDA""]","[""STRAIGHT AHEAD""]","[""CIVIC"", ""CT6"", ""EXPLORER""]",[],"[""27"", ""75""]","[""DEPLOYMENT UNKNOWN"", ""NOT APPLICABLE""]","[""NONE"", ""UNKNOWN""]","[""NO INDICATION OF INJURY""]",2025,9,19,17,0,afternoon,41.83,-87.69,41.83_-87.69,0,0,51.0,27.0,75.0,Other
STRAIGHT AND LEVEL,2223,2025-09-19 17:00:00,6,17,9,injury and / or tow due to crash,"OVER $1,500",,PARKED MOTOR VEHICLE,1.0,0.0,0.0,1.0,0.0,0.0,0.0,0.0,41.7152908268,daylight,-87.6407659765,NO INDICATION OF INJURY,2,25,UNABLE TO DETERMINE,,,UNABLE TO DETERMINE,S,9820,,ONE-WAY,,1.0,,,,,4,0,"[""REAR-LEFT-CORNER"", ""UNKNOWN""]","[""BMW"", ""UNKNOWN""]","[""PARKED"", ""UNKNOWN/NA""]","[""OTHER (EXPLAIN IN NARRATIVE)"", ""X5""]","[""Y""]",[],"[""DEPLOYMENT UNKNOWN""]","[""UNKNOWN""]","[""NO INDICATION OF INJURY""]",2025,9,19,17,0,afternoon,41.72,-87.64,41.72_-87.64,0,0,,,,Other
STRAIGHT AND LEVEL,1122,2025-09-19 17:00:00,6,17,9,no injury / drive away,"OVER $1,500",NO CONTROLS,PARKED MOTOR VEHICLE,1.0,0.0,0.0,1.0,0.0,0.0,0.0,0.0,41.8905644707,daylight,-87.721201117,NO INDICATION OF INJURY,2,10,UNABLE TO DETERMINE,NO DEFECTS,dry,NOT APPLICABLE,N,520,no controls,PARKING LOT,clear,,,,,,4,0,"[""FRONT-RIGHT-CORNER"", ""UNKNOWN""]","[""DODGE"", ""UNKNOWN""]","[""PARKED"", ""UNKNOWN/NA""]","[""JOURNEY"", ""OTHER (EXPLAIN IN NARRATIVE)""]",[],[],"[""DEPLOYMENT UNKNOWN""]","[""NONE""]","[""NO INDICATION OF INJURY""]",2025,9,19,17,0,afternoon,41.89,-87.72,41.89_-87.72,0,0,,,,Other
STRAIGHT AND LEVEL,1612,2025-09-19 17:08:00,6,17,9,no injury / drive away,"$501 - $1,500",FUNCTIONING PROPERLY,TURNING,1.0,0.0,0.0,2.0,0.0,0.0,0.0,0.0,41.9830196776,daylight,-87.7878721451,NO INDICATION OF INJURY,2,30,IMPROPER TURNING/NO SIGNAL,NO DEFECTS,dry,IMPROPER OVERTAKING/PASSING,W,6402,traffic signal,OTHER,clear,,1.0,,,,4,1,"[""FRONT-LEFT-CORNER"", ""FRONT-RIGHT-CORNER""]","[""KIA"", ""TOYOTA""]","[""TURNING RIGHT""]","[""RAV4"", ""SORENTO""]",[],"[""34""]","[""DEPLOYMENT UNKNOWN"", ""DID NOT DEPLOY""]","[""NONE""]","[""NO INDICATION OF INJURY""]",2025,9,19,17,0,afternoon,41.98,-87.79,41.98_-87.79,0,0,34.0,34.0,34.0,Other
STRAIGHT AND LEVEL,1833,2025-09-19 17:10:00,6,17,9,no injury / drive away,"OVER $1,500",NO CONTROLS,SIDESWIPE SAME DIRECTION,1.0,0.0,0.0,2.0,0.0,0.0,0.0,0.0,41.897702581,daylight,-87.6234619563,NO INDICATION OF INJURY,2,30,FAILING TO YIELD RIGHT-OF-WAY,NO DEFECTS,dry,NOT APPLICABLE,E,160,no controls,ONE-WAY,clear,,,,,,4,1,"[""SIDE-RIGHT"", ""UNKNOWN""]","[""FORD"", ""UNKNOWN""]","[""ENTERING TRAFFIC LANE FROM PARKING"", ""STRAIGHT AHEAD""]","[""ESCAPE"", ""OTHER (EXPLAIN IN NARRATIVE)""]",[],"[""51""]","[""DEPLOYMENT UNKNOWN"", ""NOT APPLICABLE""]","[""NONE""]","[""NO INDICATION OF INJURY""]",2025,9,19,17,0,afternoon,41.9,-87.62,41.9_-87.62,0,0,51.0,51.0,51.0,Failure-to-Yield
STRAIGHT AND LEVEL,723,2025-09-19 17:11:00,6,17,9,injury and / or tow due to crash,"OVER $1,500",NO CONTROLS,REAR END,1.0,0.0,0.0,2.0,0.0,1.0,1.0,0.0,41.7705620429,daylight,-87.6446972229,"REPORTED, NOT EVIDENT",2,25,UNABLE TO DETERMINE,NO DEFECTS,dry,UNABLE TO DETERMINE,S,6800,no controls,NOT DIVIDED,clear,,1.0,,,,4,2,"[""FRONT"", ""REAR""]","[""CHEVROLET"", ""UNKNOWN""]","[""STRAIGHT AHEAD""]","[""EQUINOX"", ""OTHER (EXPLAIN IN NARRATIVE)""]","[""Y""]","[""37"", ""4""]","[""DEPLOYMENT UNKNOWN"", ""NOT APPLICABLE""]","[""NONE""]","[""NO INDICATION OF INJURY"", ""REPORTED, NOT EVIDENT""]",2025,9,19,17,0,afternoon,41.77,-87.64,41.77_-87.64,0,0,20.5,4.0,37.0,Other
STRAIGHT AND LEVEL,1433,2025-09-19 17:20:00,6,17,9,no injury / drive away,"OVER $1,500",NO CONTROLS,REAR END,1.0,0.0,0.0,2.0,0.0,0.0,0.0,0.0,41.9100574634,daylight,-87.6615832998,NO INDICATION OF INJURY,2,30,FOLLOWING TOO CLOSELY,NO DEFECTS,dry,FAILING TO REDUCE SPEED TO AVOID CRASH,N,1535,no controls,NOT DIVIDED,clear,,,,,,4,1,"[""FRONT"", ""REAR""]","[""HONDA"", ""NISSAN""]","[""STRAIGHT AHEAD""]","[""FIT"", ""VERSA""]",[],"[""50""]","[""DEPLOYMENT UNKNOWN"", ""NOT APPLICABLE""]","[""NONE""]","[""NO INDICATION OF INJURY""]",2025,9,19,17,0,afternoon,41.91,-87.66,41.91_-87.66,0,0,50.0,50.0,50.0,Following Too Closely
STRAIGHT AND LEVEL,1221,2025-09-19 17:22:00,6,17,9,no injury / drive away,"OVER $1,500",NO CONTROLS,TURNING,1.0,0.0,0.0,2.0,0.0,0.0,0.0,0.0,41.8954744615,daylight,-87.6768927747,NO INDICATION OF INJURY,2,15,FAILING TO REDUCE SPEED TO AVOID CRASH,NO DEFECTS,dry,IMPROPER TURNING/NO SIGNAL,N,745,no controls,ALLEY,clear,,1.0,,,,4,1,"[""FRONT-LEFT-CORNER"", ""SIDE-LEFT""]","[""AUDI"", ""MERCEDES-BENZ""]","[""STRAIGHT AHEAD"", ""TURNING LEFT""]","[""A4"", ""E-CLASS""]",[],"[""31""]","[""DEPLOYMENT UNKNOWN"", ""NOT APPLICABLE""]","[""NONE""]","[""NO INDICATION OF INJURY""]",2025,9,19,17,0,afternoon,41.9,-87.68,41.9_-87.68,0,0,31.0,31.0,31.0,Speeding
STRAIGHT AND LEVEL,834,2025-09-19 17:35:00,6,17,9,no injury / drive away,"$501 - $1,500",NO CONTROLS,SIDESWIPE SAME DIRECTION,1.0,0.0,0.0,2.0,0.0,0.0,0.0,0.0,41.7380328,daylight,-87.7213957409,NO INDICATION OF INJURY,2,30,IMPROPER OVERTAKING/PASSING,NO DEFECTS,dry,UNABLE TO DETERMINE,S,8515,no controls,NOT DIVIDED,clear,,,,,,4,1,"[""FRONT-LEFT-CORNER"", ""FRONT-RIGHT-CORNER""]","[""CHRYSLER"", ""JEEP""]","[""PASSING/OVERTAKING"", ""STRAIGHT AHEAD""]","[""GRAND CHEROKEE"", ""OTHER (EXPLAIN IN NARRATIVE)""]",[],"[""34""]","[""DEPLOYMENT UNKNOWN"", ""NOT APPLICABLE""]","[""NONE""]","[""NO INDICATION OF INJURY""]",2025,9,19,17,0,afternoon,41.74,-87.72,41.74_-87.72,0,0,34.0,34.0,34.0,Other
STRAIGHT AND LEVEL,413,2025-09-19 17:35:00,6,17,9,no injury / drive away,"$501 - $1,500",FUNCTIONING PROPERLY,REAR END,1.0,0.0,0.0,2.0,0.0,0.0,0.0,0.0,41.7228670788,daylight,-87.5852894796,NO INDICATION OF INJURY,2,30,FOLLOWING TOO CLOSELY,NO DEFECTS,dry,IMPROPER LANE USAGE,S,9440,traffic signal,DIVIDED - W/MEDIAN BARRIER,clear,,,,,,4,1,"[""FRONT"", ""REAR""]","[""BMW"", ""FORD""]","[""SLOW/STOP IN TRAFFIC"", ""STRAIGHT AHEAD""]","[""ESCAPE"", ""OTHER (EXPLAIN IN NARRATIVE)""]",[],"[""67""]","[""DEPLOYMENT UNKNOWN"", ""DID NOT DEPLOY""]","[""NONE""]","[""NO INDICATION OF INJURY""]",2025,9,19,17,0,afternoon,41.72,-87.59,41.72_-87.59,0,0,67.0,67.0,67.0,Following Too Closely
STRAIGHT AND LEVEL,1524,2025-09-19 17:40:00,6,17,9,no injury / drive away,"OVER $1,500",NO CONTROLS,PARKED MOTOR VEHICLE,1.0,0.0,0.0,1.0,0.0,0.0,0.0,0.0,41.9020979225,daylight,-87.759600383,NO INDICATION OF INJURY,2,30,"OPERATING VEHICLE IN ERRATIC, RECKLESS, CARELESS, NEGLIGENT OR AGGRESSIVE MANNER",,dry,NOT APPLICABLE,W,5335,no controls,DIVIDED - W/MEDIAN (NOT RAISED),clear,,,,,,4,0,"[""REAR-LEFT-CORNER"", ""UNKNOWN""]","[""NISSAN"", ""UNKNOWN""]","[""PARKED"", ""UNKNOWN/NA""]","[""OTHER (EXPLAIN IN NARRATIVE)"", ""ROGUE""]",[],[],"[""DEPLOYMENT UNKNOWN""]","[""NONE""]","[""NO INDICATION OF INJURY""]",2025,9,19,17,0,afternoon,41.9,-87.76,41.9_-87.76,0,0,,,,Other
STRAIGHT AND LEVEL,726,2025-09-19 17:56:00,6,17,9,injury and / or tow due to crash,"$501 - $1,500",NO CONTROLS,FIXED OBJECT,1.0,0.0,0.0,2.0,0.0,0.0,0.0,0.0,41.7792017361,"darkness, lighted road",-87.6742363585,NO INDICATION OF INJURY,1,30,UNABLE TO DETERMINE,NO DEFECTS,dry,NOT APPLICABLE,W,2007,other,PARKING LOT,other,,,,,1.0,2,1,"[""FRONT-RIGHT-CORNER""]","[""CHEVROLET""]","[""OTHER""]","[""TRAX""]","[""Y""]","[""45""]","[""DEPLOYMENT UNKNOWN"", ""NOT APPLICABLE""]","[""NONE""]","[""NO INDICATION OF INJURY""]",2025,9,19,17,0,afternoon,41.78,-87.67,41.78_-87.67,0,0,45.0,45.0,45.0,Other
STRAIGHT AND LEVEL,1834,2025-09-19 17:58:00,6,17,9,no injury / drive away,"OVER $1,500",,SIDESWIPE SAME DIRECTION,1.0,0.0,0.0,2.0,0.0,0.0,0.0,0.0,41.8926672756,daylight,-87.6143625489,NO INDICATION OF INJURY,2,30,UNABLE TO DETERMINE,,,UNABLE TO DETERMINE,N,600,,DIVIDED - W/MEDIAN BARRIER,clear,,,,,,4,1,"[""SIDE-LEFT"", ""SIDE-RIGHT""]","[""CHEVROLET"", ""VOLVO""]","[""CHANGING LANES"", ""STRAIGHT AHEAD""]","[""OTHER (EXPLAIN IN NARRATIVE)"", ""S90""]",[],"[""27""]","[""DEPLOYMENT UNKNOWN""]","[""UNKNOWN""]","[""NO INDICATION OF INJURY""]",2025,9,19,17,0,afternoon,41.89,-87.61,41.89_-87.61,0,0,27.0,27.0,27.0,Other
STRAIGHT AND LEVEL,912,2025-09-19 18:00:00,6,18,9,injury and / or tow due to crash,"OVER $1,500",,PARKED MOTOR VEHICLE,1.0,0.0,0.0,2.0,0.0,0.0,0.0,0.0,41.8232207071,daylight,-87.6751544847,NO INDICATION OF INJURY,2,30,UNABLE TO DETERMINE,NO DEFECTS,dry,UNABLE TO DETERMINE,W,2000,,NOT DIVIDED,clear,,,,,,4,1,"[""SIDE-LEFT-REAR"", ""UNKNOWN""]","[""LINCOLN"", ""VOLKSWAGEN""]","[""PARKED"", ""STRAIGHT AHEAD""]","[""JETTA"", ""MKT""]","[""Y""]","[""61""]","[""DEPLOYMENT UNKNOWN"", ""NOT APPLICABLE""]","[""NONE""]","[""NO INDICATION OF INJURY""]",2025,9,19,18,0,afternoon,41.82,-87.68,41.82_-87.68,0,0,61.0,61.0,61.0,Other
STRAIGHT AND LEVEL,1022,2025-09-19 18:20:00,6,18,9,no injury / drive away,"OVER $1,500",NO CONTROLS,REAR TO FRONT,1.0,0.0,0.0,2.0,0.0,0.0,0.0,0.0,41.8589859663,daylight,-87.7045009693,NO INDICATION OF INJURY,2,30,UNABLE TO DETERMINE,,dry,UNABLE TO DETERMINE,W,3139,no controls,DIVIDED - W/MEDIAN (NOT RAISED),clear,,,,,1.0,4,1,"[""FRONT"", ""REAR""]","[""FORD"", ""UNKNOWN""]","[""BACKING"", ""STRAIGHT AHEAD""]","[""ESCAPE"", ""MOTORIZED""]",[],"[""47""]","[""DEPLOYMENT UNKNOWN"", ""DID NOT DEPLOY""]","[""NONE""]","[""NO INDICATION OF INJURY""]",2025,9,19,18,0,afternoon,41.86,-87.7,41.86_-87.7,0,1,47.0,47.0,47.0,Other
STRAIGHT AND LEVEL,2535,2025-09-19 18:28:00,6,18,9,injury and / or tow due to crash,$500 OR LESS,FUNCTIONING PROPERLY,PEDALCYCLIST,1.0,0.0,0.0,1.0,1.0,0.0,1.0,0.0,41.9170572416,daylight,-87.7264950869,NONINCAPACITATING INJURY,2,30,IMPROPER OVERTAKING/PASSING,NO DEFECTS,dry,IMPROPER OVERTAKING/PASSING,W,3959,traffic signal,NOT DIVIDED,clear,,0.0,,0.0,,2,1,"[""FRONT-RIGHT-CORNER""]","[""UNKNOWN""]","[""STRAIGHT AHEAD""]","[""OTHER (EXPLAIN IN NARRATIVE)""]",[],"[""13""]","[""DEPLOYMENT UNKNOWN""]","[""NONE""]","[""NO INDICATION OF INJURY"", ""NONINCAPACITATING INJURY""]",2025,9,19,18,0,afternoon,41.92,-87.73,41.92_-87.73,0,0,13.0,13.0,13.0,Other
STRAIGHT AND LEVEL,2525,2025-09-19 18:28:00,6,18,9,no injury / drive away,"OVER $1,500",NO CONTROLS,PARKED MOTOR VEHICLE,0.0,0.0,0.0,1.0,0.0,0.0,0.0,0.0,41.9244231007,dusk,-87.7227265712,NO INDICATION OF INJURY,2,30,UNABLE TO DETERMINE,NO DEFECTS,dry,UNABLE TO DETERMINE,W,3821,no controls,PARKING LOT,clear,,,,,,4,1,"[""REAR"", ""SIDE-RIGHT""]","[""CADILLAC"", ""HONDA""]","[""PARKED"", ""UNKNOWN/NA""]","[""CR-V"", ""SRX""]",[],"[""25""]","[""NOT APPLICABLE""]","[""NONE""]","[""NO INDICATION OF INJURY""]",2025,9,19,18,0,afternoon,41.92,-87.72,41.92_-87.72,0,0,25.0,25.0,25.0,Other
STRAIGHT AND LEVEL,2513,2025-09-19 18:28:00,6,18,9,injury and / or tow due to crash,"OVER $1,500",FUNCTIONING PROPERLY,PEDALCYCLIST,1.0,0.0,0.0,1.0,0.0,1.0,1.0,0.0,41.9127257832,daylight,-87.7811195738,"REPORTED, NOT EVIDENT",2,15,FAILING TO YIELD RIGHT-OF-WAY,,dry,NOT APPLICABLE,W,6221,stop sign/flasher,NOT DIVIDED,clear,,1.0,,0.0,,2,1,"[""UNKNOWN""]","[""TOYOTA""]","[""STRAIGHT AHEAD""]","[""AVALON""]",[],"[""11""]","[""DEPLOYMENT UNKNOWN""]","[""NONE"", ""UNKNOWN""]","[""NO INDICATION OF INJURY"", ""REPORTED, NOT EVIDENT""]",2025,9,19,18,0,afternoon,41.91,-87.78,41.91_-87.78,0,0,11.0,11.0,11.0,Failure-to-Yield
STRAIGHT AND LEVEL,1624,2025-09-19 18:35:00,6,18,9,injury and / or tow due to crash,"OVER $1,500",FUNCTIONING PROPERLY,REAR END,1.0,0.0,0.0,1.0,0.0,1.0,1.0,0.0,41.953272751,daylight,-87.7671501513,"REPORTED, NOT EVIDENT",2,30,NOT APPLICABLE,NO DEFECTS,dry,NOT APPLICABLE,N,4000,traffic signal,FOUR WAY,clear,,,,,,4,1,"[""REAR"", ""UNKNOWN""]","[""UNKNOWN"", ""VOLKSWAGEN""]","[""PASSING/OVERTAKING"", ""STRAIGHT AHEAD""]","[""MOTORIZED"", ""TIGUAN""]",[],"[""0""]","[""DEPLOYMENT UNKNOWN"", ""NOT APPLICABLE""]","[""NONE""]","[""NO INDICATION OF INJURY"", ""REPORTED, NOT EVIDENT""]",2025,9,19,18,0,afternoon,41.95,-87.77,41.95_-87.77,0,1,0.0,0.0,0.0,Other
STRAIGHT AND LEVEL,835,2025-09-19 18:45:00,6,18,9,no injury / drive away,"$501 - $1,500",NO CONTROLS,ANGLE,1.0,0.0,0.0,3.0,0.0,0.0,0.0,0.0,41.7605809995,daylight,-87.7101857062,NO INDICATION OF INJURY,2,30,NOT APPLICABLE,NO DEFECTS,dry,NOT APPLICABLE,S,7300,no controls,NOT DIVIDED,clear,,,,,,4,1,"[""FRONT"", ""SIDE-RIGHT""]","[""CHEVROLET"", ""JEEP""]","[""STRAIGHT AHEAD""]","[""AVEO"", ""WRANGLER""]",[],"[""70""]","[""DEPLOYMENT UNKNOWN"", ""DID NOT DEPLOY"", ""NOT APPLICABLE""]","[""NONE""]","[""NO INDICATION OF INJURY""]",2025,9,19,18,0,afternoon,41.76,-87.71,41.76_-87.71,0,0,70.0,70.0,70.0,Other
STRAIGHT AND LEVEL,2525,2025-09-19 18:55:00,6,18,9,no injury / drive away,$500 OR LESS,NO CONTROLS,PARKED MOTOR VEHICLE,1.0,0.0,0.0,1.0,0.0,0.0,0.0,0.0,41.9209873118,dawn,-87.7301932505,NO INDICATION OF INJURY,2,20,UNABLE TO DETERMINE,,,NOT APPLICABLE,N,2205,no controls,ONE-WAY,clear,,,,,,4,0,"[""FRONT-RIGHT-CORNER"", ""SIDE-LEFT""]","[""HONDA"", ""TOYOTA""]","[""PARKED"", ""STRAIGHT AHEAD""]","[""ACCORD"", ""OTHER (EXPLAIN IN NARRATIVE)""]",[],[],"[""DEPLOYMENT UNKNOWN""]","[""NONE""]","[""NO INDICATION OF INJURY""]",2025,9,19,18,0,afternoon,41.92,-87.73,41.92_-87.73,0,0,,,,Other
STRAIGHT AND LEVEL,2513,2025-09-19 19:10:00,6,19,9,no injury / drive away,"OVER $1,500",NO CONTROLS,SIDESWIPE OPPOSITE DIRECTION,1.0,0.0,0.0,2.0,0.0,0.0,0.0,0.0,41.9103350965,daylight,-87.7754034742,NO INDICATION OF INJURY,2,30,UNABLE TO DETERMINE,,dry,NOT APPLICABLE,N,1636,no controls,NOT DIVIDED,clear,,,,,,4,1,"[""FRONT-LEFT-CORNER"", ""UNKNOWN""]","[""CHEVROLET"", ""MAZDA""]","[""BACKING"", ""STRAIGHT AHEAD""]","[""MAZDA3"", ""SILVERADO""]",[],"[""37""]","[""DEPLOYMENT UNKNOWN"", ""DID NOT DEPLOY""]","[""NONE"", ""UNKNOWN""]","[""NO INDICATION OF INJURY""]",2025,9,19,19,0,evening,41.91,-87.78,41.91_-87.78,0,0,37.0,37.0,37.0,Other
STRAIGHT AND LEVEL,1622,2025-09-19 19:30:00,6,19,9,no injury / drive away,"OVER $1,500",,REAR END,1.0,0.0,0.0,2.0,0.0,0.0,0.0,0.0,41.9828829463,"darkness, lighted road",-87.787588155,NO INDICATION OF INJURY,2,30,UNABLE TO DETERMINE,,,UNABLE TO DETERMINE,N,5599,,NOT DIVIDED,clear,,,,,,4,1,"[""FRONT"", ""REAR""]","[""AUDI"", ""TOYOTA""]","[""STRAIGHT AHEAD""]","[""CAMRY"", ""OTHER (EXPLAIN IN NARRATIVE)""]",[],"[""34""]","[""DEPLOYMENT UNKNOWN"", ""NOT APPLICABLE""]","[""NONE""]","[""NO INDICATION OF INJURY""]",2025,9,19,19,0,evening,41.98,-87.79,41.98_-87.79,0,0,34.0,34.0,34.0,Other
STRAIGHT AND LEVEL,1613,2025-09-19 19:30:00,6,19,9,no injury / drive away,"OVER $1,500",,SIDESWIPE SAME DIRECTION,1.0,0.0,0.0,2.0,0.0,0.0,0.0,0.0,41.9754825192,"darkness, lighted road",-87.7952054393,NO INDICATION OF INJURY,2,30,UNABLE TO DETERMINE,,,UNABLE TO DETERMINE,W,6701,,NOT DIVIDED,clear,,,,,,4,1,"[""FRONT-RIGHT-CORNER"", ""SIDE-LEFT""]","[""JEEP"", ""TOYOTA""]","[""CHANGING LANES"", ""STRAIGHT AHEAD""]","[""COMPASS"", ""COROLLA""]",[],"[""43""]","[""DEPLOYMENT UNKNOWN"", ""NOT APPLICABLE""]","[""NONE""]","[""NO INDICATION OF INJURY""]",2025,9,19,19,0,evening,41.98,-87.8,41.98_-87.8,0,0,43.0,43.0,43.0,Other