alignment,beat_of_occurrence,crash_date,crash_day_of_week,crash_hour,crash_month,crash_type,damage,device_condition,first_crash_type,hit_and_run_i,injuries_fatal,injuries_incapacitating,injuries_no_indication,injuries_non_incapacitating,injuries_reported_not_evident,injuries_total,injuries_unknown,latitude,lighting_condition,longitude,most_severe_injury,num_units,posted_speed_limit,prim_contributory_cause,road_defect,roadway_surface_cond,sec_contributory_cause,street_direction,street_no,traffic_control_device,trafficway_type,weather_condition,crash_date_est_i,intersection_related_i,work_zone_i,dooring_i,private_property_i,veh_count,ppl_count,veh_first_contact_point_list_json,veh_make_list_json,veh_maneuver_list_json,veh_model_list_json,veh_towed_i_list_json,ppl_age_list_json,ppl_airbag_deployed_list_json,ppl_ejection_list_json,ppl_injury_classification_list_json,year,month,day,hour,is_weekend,hour_bin,lat_bin,lng_bin,grid_id,veh_truck_i,veh_mc_i,ppl_age_mean,ppl_age_min,ppl_age_max,cause_group
STRAIGHT AND LEVEL,913,2025-09-19 19:40:00,6,19,9,injury and / or tow due to crash,$500 OR LESS,NO CONTROLS,REAR END,1.0,0.0,0.0,1.0,0.0,1.0,1.0,0.0,41.8307880824,"darkness, lighted road",-87.6514559053,"REPORTED, NOT EVIDENT",2,30,FAILING TO REDUCE SPEED TO AVOID CRASH,NO DEFECTS,dry,FAILING TO REDUCE SPEED TO AVOID CRASH,W,1010,no controls,NOT DIVIDED,clear,,,,,,4,1,"[""FRONT"", ""REAR""]","[""CHEVROLET"", ""MAZDA""]","[""STRAIGHT AHEAD""]","[""CRUZE"", ""CX-9""]",[],"[""37""]","[""DEPLOYMENT UNKNOWN"", ""DID NOT DEPLOY""]","[""NONE"", ""UNKNOWN""]","[""NO INDICATION OF INJURY"", ""REPORTED, NOT EVIDENT""]",2025,9,19,19,0,evening,41.83,-87.65,41.83_-87.65,0,0,37.0,37.0,37.0,Speeding
STRAIGHT AND LEVEL,2515,2025-09-19 19:42:00,6,19,9,injury and / or tow due to crash,"OVER $1,500",NO CONTROLS,TURNING,1.0,0.0,0.0,2.0,0.0,0.0,0.0,0.0,41.9195265945,"darkness, lighted road",-87.769375827,NO INDICATION OF INJURY,2,30,"OPERATING VEHICLE IN ERRATIC, RECKLESS, CARELESS, NEGLIGENT OR AGGRESSIVE MANNER",,dry,IMPROPER TURNING/NO SIGNAL,W,5726,no controls,DIVIDED - W/MEDIAN (NOT RAISED),clear,,1.0,,,,4,0,"[""FRONT"", ""SIDE-LEFT""]","[""CHEVROLET"", ""MINI""]","[""STRAIGHT AHEAD"", ""U-TURN""]","[""COOPER"", ""EQUINOX""]","[""Y""]",[],"[""DEPLOYMENT UNKNOWN"", ""DID NOT DEPLOY""]","[""NONE""]","[""NO INDICATION OF INJURY""]",2025,9,19,19,0,evening,41.92,-87.77,41.92_-87.77,0,0,,,,Other
STRAIGHT AND LEVEL,613,2025-09-19 20:08:00,6,20,9,injury and / or tow due to crash,"OVER $1,500",FUNCTIONING PROPERLY,PEDESTRIAN,1.0,0.0,0.0,1.0,1.0,0.0,1.0,0.0,41.7379677711,darkness,-87.6438184099,NONINCAPACITATING INJURY,2,30,FAILING TO YIELD RIGHT-OF-WAY,NO DEFECTS,dry,NOT APPLICABLE,S,8600,traffic signal,Y-INTERSECTION,clear,,,,,,2,2,"[""FRONT-LEFT-CORNER""]","[""FORD""]","[""STRAIGHT AHEAD""]","[""FUSION""]",[],"[""24"", ""5""]","[""DEPLOYMENT UNKNOWN""]","[""NONE""]","[""NO INDICATION OF INJURY"", ""NONINCAPACITATING INJURY""]",2025,9,19,20,0,evening,41.74,-87.64,41.74_-87.64,0,0,14.5,5.0,24.0,Failure-to-Yield
STRAIGHT AND LEVEL,1122,2025-09-19 20:10:00,6,20,9,injury and / or tow due to crash,"OVER $1,500",NO CONTROLS,SIDESWIPE OPPOSITE DIRECTION,1.0,0.0,0.0,1.0,1.0,0.0,1.0,0.0,41.8807043032,"darkness, lighted road",-87.7189399326,NONINCAPACITATING INJURY,2,30,IMPROPER TURNING/NO SIGNAL,NO DEFECTS,dry,NOT APPLICABLE,W,3715,no controls,NOT DIVIDED,clear,,,,,,3,1,"[""FRONT"", ""UNKNOWN""]","[""CAN-AM"", ""NISSAN""]","[""STRAIGHT AHEAD"", ""UNKNOWN/NA""]","[""CAN-AM"", ""OTHER (EXPLAIN IN NARRATIVE)""]",[],"[""29""]","[""DEPLOYMENT UNKNOWN"", ""NOT APPLICABLE""]","[""NONE"", ""UNKNOWN""]","[""NO INDICATION OF INJURY"", ""NONINCAPACITATING INJURY""]",2025,9,19,20,0,evening,41.88,-87.72,41.88_-87.72,0,0,29.0,29.0,29.0,Other
STRAIGHT AND LEVEL,133,2025-09-19 20:30:00,6,20,9,no injury / drive away,"OVER $1,500",NO CONTROLS,PARKED MOTOR VEHICLE,1.0,0.0,0.0,1.0,0.0,0.0,0.0,0.0,41.8401846133,,-87.617006543,NO INDICATION OF INJURY,2,15,UNABLE TO DETERMINE,,,UNABLE TO DETERMINE,S,3001,no controls,PARKING LOT,,,,,,,4,0,"[""UNKNOWN""]","[""JEEP"", ""UNKNOWN""]","[""PARKED"", ""UNKNOWN/NA""]","[""OTHER (EXPLAIN IN NARRATIVE)"", ""WRANGLER""]",[],[],"[""DEPLOYMENT UNKNOWN""]","[""UNKNOWN""]","[""NO INDICATION OF INJURY""]",2025,9,19,20,0,evening,41.84,-87.62,41.84_-87.62,0,0,,,,Other
STRAIGHT AND LEVEL,1024,2025-09-19 20:30:00,6,20,9,injury and / or tow due to crash,"OVER $1,500",NO CONTROLS,PARKED MOTOR VEHICLE,1.0,0.0,0.0,1.0,0.0,0.0,0.0,0.0,41.8481550385,,-87.7136157765,NO INDICATION OF INJURY,2,30,UNABLE TO DETERMINE,,,NOT APPLICABLE,W,3524,no controls,ONE-WAY,,1.0,,,,,4,0,"[""SIDE-RIGHT-REAR"", ""UNKNOWN""]","[""TOYOTA"", ""UNKNOWN""]","[""PARKED"", ""STRAIGHT AHEAD""]","[""COROLLA"", ""OTHER (EXPLAIN IN NARRATIVE)""]","[""Y""]",[],"[""DEPLOYMENT UNKNOWN""]","[""NONE""]","[""NO INDICATION OF INJURY""]",2025,9,19,20,0,evening,41.85,-87.71,41.85_-87.71,0,0,,,,Other
STRAIGHT AND LEVEL,1834,2025-09-19 20:40:00,6,20,9,no injury / drive away,"OVER $1,500",NO CONTROLS,SIDESWIPE SAME DIRECTION,1.0,0.0,0.0,2.0,0.0,0.0,0.0,0.0,41.895078838,darkness,-87.6158466585,NO INDICATION OF INJURY,2,30,UNABLE TO DETERMINE,,dry,UNABLE TO DETERMINE,N,700,no controls,DIVIDED - W/MEDIAN BARRIER,clear,,,,,,4,2,"[""SIDE-LEFT"", ""SIDE-RIGHT""]","[""CHRYSLER"", ""HYUNDAI""]","[""STRAIGHT AHEAD""]","[""ACCENT"", ""OTHER (EXPLAIN IN NARRATIVE)""]",[],"[""42"", ""54""]","[""DEPLOYMENT UNKNOWN"", ""DID NOT DEPLOY""]","[""NONE""]","[""NO INDICATION OF INJURY""]",2025,9,19,20,0,evening,41.9,-87.62,41.9_-87.62,0,0,48.0,42.0,54.0,Other
STRAIGHT AND LEVEL,1221,2025-09-19 21:00:00,6,21,9,injury and / or tow due to crash,"OVER $1,500",FUNCTIONING PROPERLY,TURNING,1.0,0.0,0.0,2.0,0.0,0.0,0.0,0.0,41.8894640229,"darkness, lighted road",-87.7016139093,NO INDICATION OF INJURY,2,30,IMPROPER TURNING/NO SIGNAL,NO DEFECTS,dry,NOT APPLICABLE,N,440,traffic signal,NOT DIVIDED,clear,,,,,,4,1,"[""FRONT-RIGHT-CORNER"", ""SIDE-LEFT-FRONT""]","[""MAZDA"", ""UNKNOWN""]","[""PASSING/OVERTAKING"", ""TURNING LEFT""]","[""CX-5"", ""OTHER (EXPLAIN IN NARRATIVE)""]","[""Y""]","[""23""]","[""DEPLOYMENT UNKNOWN"", ""NOT APPLICABLE""]","[""NONE""]","[""NO INDICATION OF INJURY""]",2025,9,19,21,0,evening,41.89,-87.7,41.89_-87.7,0,0,23.0,23.0,23.0,Other
STRAIGHT AND LEVEL,331,2025-09-19 21:32:00,6,21,9,no injury / drive away,"OVER $1,500",,SIDESWIPE SAME DIRECTION,1.0,0.0,0.0,2.0,0.0,0.0,0.0,0.0,41.7754200537,"darkness, lighted road",-87.5758885326,NO INDICATION OF INJURY,2,30,UNABLE TO DETERMINE,,dry,UNABLE TO DETERMINE,E,2015,,NOT DIVIDED,clear,,,,,,4,1,"[""FRONT-RIGHT-CORNER"", ""SIDE-LEFT""]","[""CHEVROLET"", ""FORD""]","[""STRAIGHT AHEAD""]","[""EXPLORER"", ""TAHOE""]",[],"[""22""]","[""DEPLOYMENT UNKNOWN"", ""DID NOT DEPLOY""]","[""NONE""]","[""NO INDICATION OF INJURY""]",2025,9,19,21,0,evening,41.78,-87.58,41.78_-87.58,0,0,22.0,22.0,22.0,Other
STRAIGHT AND LEVEL,332,2025-09-19 21:58:00,6,21,9,injury and / or tow due to crash,"OVER $1,500",NO CONTROLS,TURNING,0.0,0.0,0.0,2.0,0.0,0.0,0.0,0.0,41.7733409702,"darkness, lighted road",-87.5769745558,NO INDICATION OF INJURY,2,30,IMPROPER TURNING/NO SIGNAL,,dry,NOT APPLICABLE,E,1949,no controls,DIVIDED - W/MEDIAN (NOT RAISED),clear,,,,,,4,1,"[""FRONT""]","[""BUICK"", ""DODGE""]","[""TURNING LEFT"", ""TURNING RIGHT""]","[""AVENGER"", ""OTHER (EXPLAIN IN NARRATIVE)""]","[""Y""]","[""26""]","[""DEPLOYMENT UNKNOWN"", ""DID NOT DEPLOY""]","[""NONE"", ""UNKNOWN""]","[""NO INDICATION OF INJURY""]",2025,9,19,21,0,evening,41.77,-87.58,41.77_-87.58,0,0,26.0,26.0,26.0,Other
STRAIGHT AND LEVEL,915,2025-09-19 22:08:00,6,22,9,no injury / drive away,"OVER $1,500",NO CONTROLS,REAR END,1.0,0.0,0.0,2.0,0.0,0.0,0.0,0.0,41.8309111801,"darkness, lighted road",-87.6423969827,NO INDICATION OF INJURY,2,30,FOLLOWING TOO CLOSELY,NO DEFECTS,dry,NOT APPLICABLE,W,628,no controls,NOT DIVIDED,cloudy/overcast,1.0,1.0,,,,4,1,"[""FRONT"", ""REAR""]","[""JEEP"", ""NISSAN""]","[""STRAIGHT AHEAD""]","[""GRAND CHEROKEE"", ""MAXIMA""]",[],"[""38""]","[""DEPLOYMENT UNKNOWN"", ""NOT APPLICABLE""]","[""NONE""]","[""NO INDICATION OF INJURY""]",2025,9,19,22,0,evening,41.83,-87.64,41.83_-87.64,0,0,38.0,38.0,38.0,Following Too Closely
STRAIGHT AND LEVEL,1421,2025-09-19 22:26:00,6,22,9,no injury / drive away,"$501 - $1,500",NO CONTROLS,SIDESWIPE SAME DIRECTION,1.0,0.0,0.0,2.0,0.0,0.0,0.0,0.0,41.9124292858,"darkness, lighted road",-87.6971962528,NO INDICATION OF INJURY,2,30,IMPROPER OVERTAKING/PASSING,NO DEFECTS,dry,NOT APPLICABLE,N,1704,no controls,NOT DIVIDED,clear,,,,,,4,1,"[""SIDE-LEFT-FRONT"", ""SIDE-RIGHT-FRONT""]","[""DODGE"", ""UNKNOWN""]","[""MERGING"", ""STRAIGHT AHEAD""]","[""OTHER (EXPLAIN IN NARRATIVE)"", ""RAM 1500 PU""]",[],"[""19""]","[""DEPLOYMENT UNKNOWN"", ""NOT APPLICABLE""]","[""NONE""]","[""NO INDICATION OF INJURY""]",2025,9,19,22,0,evening,41.91,-87.7,41.91_-87.7,0,0,19.0,19.0,19.0,Other
STRAIGHT AND LEVEL,433,2025-09-19 22:30:00,6,22,9,no injury / drive away,"OVER $1,500",NO CONTROLS,PARKED MOTOR VEHICLE,1.0,0.0,0.0,1.0,0.0,0.0,0.0,0.0,41.6884236349,"darkness, lighted road",-87.537548042,NO INDICATION OF INJURY,3,30,UNABLE TO DETERMINE,NO DEFECTS,dry,NOT APPLICABLE,S,11355,no controls,ONE-WAY,clear,1.0,,,,,5,0,"[""OTHER"", ""REAR-LEFT-CORNER"", ""UNKNOWN""]","[""JEEP"", ""NISSAN"", ""UNKNOWN""]","[""PARKED"", ""UNKNOWN/NA""]","[""ALTIMA"", ""OTHER (EXPLAIN IN NARRATIVE)"", ""PATRIOT""]",[],[],"[""DEPLOYMENT UNKNOWN""]","[""UNKNOWN""]","[""NO INDICATION OF INJURY""]",2025,9,19,22,0,evening,41.69,-87.54,41.69_-87.54,0,0,,,,Other
STRAIGHT AND LEVEL,1133,2025-09-19 22:44:00,6,22,9,no injury / drive away,"OVER $1,500",NO CONTROLS,SIDESWIPE SAME DIRECTION,1.0,0.0,0.0,2.0,0.0,0.0,0.0,0.0,41.8737367309,"darkness, lighted road",-87.7109060035,NO INDICATION OF INJURY,2,30,IMPROPER LANE USAGE,NO DEFECTS,dry,FOLLOWING TOO CLOSELY,W,3400,no controls,NOT DIVIDED,clear,,,,,,4,1,"[""FRONT-LEFT-CORNER"", ""REAR-RIGHT-CORNER""]","[""FORD"", ""NISSAN""]","[""PASSING/OVERTAKING"", ""STRAIGHT AHEAD""]","[""ALTIMA"", ""FUSION""]",[],"[""66""]","[""DEPLOYMENT UNKNOWN"", ""NOT APPLICABLE""]","[""NONE""]","[""NO INDICATION OF INJURY""]",2025,9,19,22,0,evening,41.87,-87.71,41.87_-87.71,0,0,66.0,66.0,66.0,Other
STRAIGHT AND LEVEL,924,2025-09-19 23:11:00,6,23,9,injury and / or tow due to crash,$500 OR LESS,FUNCTIONING PROPERLY,PEDALCYCLIST,1.0,0.0,0.0,1.0,1.0,0.0,1.0,0.0,41.8103461274,"darkness, lighted road",-87.6651655862,NONINCAPACITATING INJURY,2,30,FAILING TO YIELD RIGHT-OF-WAY,NO DEFECTS,dry,UNABLE TO DETERMINE,S,4600,traffic signal,FOUR WAY,clear,,1.0,,,,2,1,"[""UNKNOWN""]","[""GENERAL MOTORS CORPORATION (GMC)""]","[""TURNING LEFT""]","[""TERRAIN""]",[],"[""16""]","[""NOT APPLICABLE""]","[""NONE""]","[""NO INDICATION OF INJURY"", ""NONINCAPACITATING INJURY""]",2025,9,19,23,0,evening,41.81,-87.67,41.81_-87.67,0,1,16.0,16.0,16.0,Failure-to-Yield
STRAIGHT AND LEVEL,122,2025-09-19 23:13:00,6,23,9,no injury / drive away,"OVER $1,500",NO CONTROLS,SIDESWIPE SAME DIRECTION,1.0,0.0,0.0,2.0,0.0,0.0,0.0,0.0,41.8757001185,"darkness, lighted road",-87.6336295055,NO INDICATION OF INJURY,2,30,IMPROPER LANE USAGE,NO DEFECTS,dry,UNABLE TO DETERMINE,W,198,no controls,NOT DIVIDED,clear,,,,,,4,1,"[""SIDE-LEFT-REAR"", ""SIDE-RIGHT-REAR""]","[""FORD"", ""TOYOTA""]","[""CHANGING LANES"", ""STRAIGHT AHEAD""]","[""RANGER"", ""RAV4""]",[],"[""23""]","[""DEPLOYMENT UNKNOWN"", ""DID NOT DEPLOY""]","[""NONE""]","[""NO INDICATION OF INJURY""]",2025,9,19,23,0,evening,41.88,-87.63,41.88_-87.63,0,0,23.0,23.0,23.0,Other
STRAIGHT AND LEVEL,523,2025-09-19 23:13:00,6,23,9,no injury / drive away,"OVER $1,500",NO CONTROLS,REAR END,1.0,0.0,0.0,2.0,0.0,0.0,0.0,0.0,41.6634482575,"darkness, lighted road",-87.6300670397,NO INDICATION OF INJURY,2,35,UNABLE TO DETERMINE,NO DEFECTS,dry,NOT APPLICABLE,W,314,no controls,NOT DIVIDED,clear,,,,,,4,1,"[""FRONT"", ""REAR""]","[""CHEVROLET"", ""UNKNOWN""]","[""STRAIGHT AHEAD""]","[""MOTORIZED"", ""OTHER (EXPLAIN IN NARRATIVE)""]",[],"[""22""]","[""DEPLOYMENT UNKNOWN"", ""DID NOT DEPLOY""]","[""NONE""]","[""NO INDICATION OF INJURY""]",2025,9,19,23,0,evening,41.66,-87.63,41.66_-87.63,0,1,22.0,22.0,22.0,Other
STRAIGHT AND LEVEL,1811,2025-09-19 23:20:00,6,23,9,no injury / drive away,"OVER $1,500",NO CONTROLS,PARKED MOTOR VEHICLE,1.0,0.0,0.0,1.0,0.0,0.0,0.0,0.0,41.9169915623,"darkness, lighted road",-87.6555284016,NO INDICATION OF INJURY,2,20,NOT APPLICABLE,NO DEFECTS,dry,NOT APPLICABLE,N,1932,no controls,NOT DIVIDED,clear,,,,,,4,0,"[""TOTAL (ALL AREAS)"", ""UNKNOWN""]","[""CHEVROLET"", ""UNKNOWN""]","[""PARKED"", ""UNKNOWN/NA""]","[""MALIBU"", ""OTHER (EXPLAIN IN NARRATIVE)""]",[],[],"[""DEPLOYMENT UNKNOWN""]","[""UNKNOWN""]","[""NO INDICATION OF INJURY""]",2025,9,19,23,0,evening,41.92,-87.66,41.92_-87.66,0,0,,,,Other
STRAIGHT AND LEVEL,1113,2025-09-19 23:30:00,6,23,9,injury and / or tow due to crash,"OVER $1,500",FUNCTIONING PROPERLY,ANGLE,1.0,0.0,0.0,2.0,0.0,0.0,0.0,0.0,41.8804603974,"darkness, lighted road",-87.742974644,NO INDICATION OF INJURY,2,30,FAILING TO YIELD RIGHT-OF-WAY,NO DEFECTS,dry,DISREGARDING STOP SIGN,S,2,stop sign/flasher,FOUR WAY,clear,,1.0,,,,4,1,"[""FRONT"", ""SIDE-RIGHT""]","[""BUICK"", ""HYUNDAI""]","[""STRAIGHT AHEAD""]","[""OTHER (EXPLAIN IN NARRATIVE)"", ""SANTA FE""]","[""Y""]","[""43""]","[""DEPLOYMENT UNKNOWN""]","[""NONE""]","[""NO INDICATION OF INJURY""]",2025,9,19,23,0,evening,41.88,-87.74,41.88_-87.74,0,0,43.0,43.0,43.0,Failure-to-Yield
STRAIGHT AND LEVEL,834,2025-09-19 23:42:00,6,23,9,injury and / or tow due to crash,"$501 - $1,500",NO CONTROLS,SIDESWIPE SAME DIRECTION,1.0,0.0,0.0,2.0,1.0,0.0,1.0,0.0,41.7425656332,"darkness, lighted road",-87.7047734247,NONINCAPACITATING INJURY,2,30,FAILING TO REDUCE SPEED TO AVOID CRASH,NO DEFECTS,dry,IMPROPER LANE USAGE,W,3302,no controls,NOT DIVIDED,clear,,,,,,4,2,"[""FRONT-RIGHT-CORNER"", ""REAR-LEFT-CORNER""]","[""HONDA"", ""KIA""]","[""STRAIGHT AHEAD""]","[""CIVIC"", ""SORENTO""]",[],"[""42"", ""45""]","[""DEPLOYMENT UNKNOWN"", ""NOT APPLICABLE""]","[""NONE"", ""UNKNOWN""]","[""NO INDICATION OF INJURY"", ""NONINCAPACITATING INJURY""]",2025,9,19,23,0,evening,41.74,-87.7,41.74_-87.7,0,0,43.5,42.0,45.0,Speeding
STRAIGHT AND LEVEL,814,2025-09-20 00:03:00,7,0,9,injury and / or tow due to crash,"OVER $1,500",FUNCTIONING PROPERLY,HEAD ON,1.0,0.0,0.0,8.0,0.0,0.0,0.0,0.0,41.8075303729,"darkness, lighted road",-87.7432968212,NO INDICATION OF INJURY,5,30,FOLLOWING TOO CLOSELY,NO DEFECTS,dry,FAILING TO YIELD RIGHT-OF-WAY,S,4700,traffic signal,DIVIDED - W/MEDIAN (NOT RAISED),clear,,1.0,,,,5,4,"[""FRONT-LEFT-CORNER"", ""REAR-LEFT-CORNER""]","[""CHEVROLET"", ""HONDA"", ""NISSAN"", ""TESLA"", ""UNKNOWN""]","[""STRAIGHT AHEAD""]","[""ALTIMA"", ""CR-V"", ""MODEL X"", ""OTHER (EXPLAIN IN NARRATIVE)"", ""SUBURBAN""]","[""Y""]","[""19"", ""20"", ""24"", ""45""]","[""DEPLOYMENT UNKNOWN"", ""DID NOT DEPLOY""]","[""NONE""]","[""NO INDICATION OF INJURY""]",2025,9,20,0,1,night,41.81,-87.74,41.81_-87.74,0,0,27.0,19.0,45.0,Following Too Closely
STRAIGHT AND LEVEL,2521,2025-09-20 00:10:00,7,0,9,no injury / drive away,"$501 - $1,500",FUNCTIONING PROPERLY,TURNING,1.0,0.0,0.0,3.0,0.0,0.0,0.0,0.0,41.9315756084,"darkness, lighted road",-87.7467433011,NO INDICATION OF INJURY,2,30,DISREGARDING TRAFFIC SIGNALS,NO DEFECTS,dry,UNABLE TO DETERMINE,N,2800,traffic signal,FOUR WAY,clear,,1.0,,,,4,2,"[""FRONT"", ""SIDE-LEFT-FRONT""]","[""BUICK"", ""HONDA""]","[""STRAIGHT AHEAD"", ""TURNING LEFT""]","[""CIVIC"", ""REGAL""]",[],"[""23"", ""26""]","[""DID NOT DEPLOY""]","[""NONE""]","[""NO INDICATION OF INJURY""]",2025,9,20,0,1,night,41.93,-87.75,41.93_-87.75,0,0,24.5,23.0,26.0,Other
STRAIGHT AND LEVEL,1213,2025-09-20 00:15:00,7,0,9,no injury / drive away,"$501 - $1,500",,TURNING,1.0,0.0,0.0,2.0,0.0,0.0,0.0,0.0,41.899714227,dusk,-87.671209124,NO INDICATION OF INJURY,2,30,NOT APPLICABLE,,dry,UNABLE TO DETERMINE,N,1000,,FOUR WAY,clear,,1.0,,,,4,1,"[""SIDE-LEFT-REAR"", ""UNKNOWN""]","[""ALFA ROMEO"", ""LEXUS""]","[""STRAIGHT AHEAD"", ""TURNING RIGHT""]","[""OTHER (EXPLAIN IN NARRATIVE)"", ""RX350""]",[],"[""31""]","[""DID NOT DEPLOY""]","[""NONE""]","[""NO INDICATION OF INJURY""]",2025,9,20,0,1,night,41.9,-87.67,41.9_-87.67,0,0,31.0,31.0,31.0,Other
STRAIGHT AND LEVEL,1214,2025-09-20 00:28:00,7,0,9,no injury / drive away,"OVER $1,500",FUNCTIONING PROPERLY,ANGLE,1.0,0.0,0.0,2.0,0.0,0.0,0.0,0.0,41.8865619418,"darkness, lighted road",-87.6444173129,NO INDICATION OF INJURY,2,30,FAILING TO YIELD RIGHT-OF-WAY,,dry,NOT APPLICABLE,N,224,traffic signal,NOT DIVIDED,clear,,,,,,4,1,"[""FRONT"", ""FRONT-LEFT-CORNER""]","[""JEEP"", ""UNKNOWN""]","[""STRAIGHT AHEAD""]","[""OTHER (EXPLAIN IN NARRATIVE)"", ""WRANGLER""]",[],"[""37""]","[""DEPLOYMENT UNKNOWN"", ""DID NOT DEPLOY""]","[""NONE"", ""UNKNOWN""]","[""NO INDICATION OF INJURY""]",2025,9,20,0,1,night,41.89,-87.64,41.89_-87.64,0,0,37.0,37.0,37.0,Failure-to-Yield
STRAIGHT AND LEVEL,2211,2025-09-20 00:36:00,7,0,9,no injury / drive away,"OVER $1,500",NO CONTROLS,PARKED MOTOR VEHICLE,1.0,0.0,0.0,1.0,0.0,0.0,0.0,0.0,41.6865995033,darkness,-87.7072444817,NO INDICATION OF INJURY,3,25,NOT APPLICABLE,,dry,NOT APPLICABLE,W,3442,no controls,NOT DIVIDED,clear,0.0,,,,,5,0,"[""OTHER"", ""REAR"", ""UNKNOWN""]","[""GENERAL MOTORS CORPORATION (GMC)"", ""HONDA"", ""UNKNOWN""]","[""PARKED"", ""UNKNOWN/NA""]","[""ACADIA"", ""CR-V"", ""OTHER (EXPLAIN IN NARRATIVE)""]",[],[],"[""DEPLOYMENT UNKNOWN""]","[""UNKNOWN""]","[""NO INDICATION OF INJURY""]",2025,9,20,0,1,night,41.69,-87.71,41.69_-87.71,0,1,,,,Other
STRAIGHT AND LEVEL,1524,2025-09-20 01:00:00,7,1,9,injury and / or tow due to crash,"OVER $1,500",FUNCTIONING PROPERLY,FIXED OBJECT,0.0,0.0,0.0,1.0,0.0,0.0,0.0,0.0,41.8947483495,darkness,-87.7650569613,NO INDICATION OF INJURY,1,35,UNABLE TO DETERMINE,NO DEFECTS,dry,UNABLE TO DETERMINE,W,5535,traffic signal,DIVIDED - W/MEDIAN (NOT RAISED),clear,1.0,,,,,2,0,"[""FRONT""]","[""NISSAN""]","[""UNKNOWN/NA""]","[""ALTIMA""]","[""Y""]",[],"[""DEPLOYMENT UNKNOWN""]","[""NONE""]","[""NO INDICATION OF INJURY""]",2025,9,20,1,1,night,41.89,-87.77,41.89_-87.77,0,0,,,,Other
STRAIGHT AND LEVEL,312,2025-09-20 01:05:00,7,1,9,injury and / or tow due to crash,"OVER $1,500",NO CONTROLS,SIDESWIPE OPPOSITE DIRECTION,1.0,0.0,0.0,2.0,0.0,0.0,0.0,0.0,41.7730803104,"darkness, lighted road",-87.6153926216,NO INDICATION OF INJURY,2,25,FOLLOWING TOO CLOSELY,NO DEFECTS,dry,NOT APPLICABLE,E,400,no controls,DIVIDED - W/MEDIAN (NOT RAISED),clear,1.0,0.0,,,,4,1,"[""SIDE-RIGHT"", ""UNKNOWN""]","[""CHEVROLET"", ""UNKNOWN""]","[""STRAIGHT AHEAD""]","[""CRUZE"", ""ULTRALIGHT""]","[""Y""]","[""45""]","[""DEPLOYMENT UNKNOWN"", ""DID NOT DEPLOY""]","[""NONE""]","[""NO INDICATION OF INJURY""]",2025,9,20,1,1,night,41.77,-87.62,41.77_-87.62,0,0,45.0,45.0,45.0,Following Too Closely
STRAIGHT AND LEVEL,2423,2025-09-20 01:30:00,7,1,9,injury and / or tow due to crash,"$501 - $1,500",FUNCTIONING PROPERLY,PEDESTRIAN,1.0,0.0,0.0,1.0,0.0,1.0,1.0,0.0,42.0139577767,"darkness, lighted road",-87.6642432364,"REPORTED, NOT EVIDENT",2,30,FAILING TO YIELD RIGHT-OF-WAY,NO DEFECTS,dry,NOT APPLICABLE,N,7300,traffic signal,NOT DIVIDED,clear,,1.0,,,,2,1,"[""FRONT""]","[""UNKNOWN""]","[""STRAIGHT AHEAD""]","[""MOTORIZED""]",[],"[""65""]","[""DEPLOYMENT UNKNOWN""]","[""NONE""]","[""NO INDICATION OF INJURY"", ""REPORTED, NOT EVIDENT""]",2025,9,20,1,1,night,42.01,-87.66,42.01_-87.66,0,1,65.0,65.0,65.0,Failure-to-Yield
STRAIGHT AND LEVEL,2411,2025-09-20 01:54:00,7,1,9,injury and / or tow due to crash,"OVER $1,500",FUNCTIONING PROPERLY,PARKED MOTOR VEHICLE,1.0,0.0,0.0,1.0,0.0,0.0,0.0,0.0,42.0159129553,"darkness, lighted road",-87.6949923831,NO INDICATION OF INJURY,3,25,UNABLE TO DETERMINE,NO DEFECTS,dry,UNABLE TO DETERMINE,W,2600,stop sign/flasher,NOT DIVIDED,clear,,,,,,5,0,"[""FRONT-RIGHT-CORNER"", ""REAR"", ""REAR-LEFT-CORNER""]","[""HONDA"", ""MAZDA""]","[""PARKED"", ""UNKNOWN/NA""]","[""CR-V"", ""CX-9"", ""FIT""]","[""Y""]",[],"[""DEPLOYMENT UNKNOWN""]","[""UNKNOWN""]","[""NO INDICATION OF INJURY""]",2025,9,20,1,1,night,42.02,-87.69,42.02_-87.69,0,0,,,,Other