alignment,beat_of_occurrence,crash_date,crash_day_of_week,crash_hour,crash_month,crash_type,damage,device_condition,first_crash_type,hit_and_run_i,injuries_fatal,injuries_incapacitating,injuries_no_indication,injuries_non_incapacitating,injuries_reported_not_evident,injuries_total,injuries_unknown,latitude,lighting_condition,longitude,most_severe_injury,num_units,posted_speed_limit,prim_contributory_cause,road_defect,roadway_surface_cond,sec_contributory_cause,street_direction,street_no,traffic_control_device,trafficway_type,weather_condition,crash_date_est_i,intersection_related_i,work_zone_i,dooring_i,private_property_i,veh_count,ppl_count,veh_first_contact_point_list_json,veh_make_list_json,veh_maneuver_list_json,veh_model_list_json,veh_towed_i_list_json,ppl_age_list_json,ppl_airbag_deployed_list_json,ppl_ejection_list_json,ppl_injury_classification_list_json,year,month,day,hour,is_weekend,hour_bin,lat_bin,lng_bin,grid_id,veh_truck_i,veh_mc_i,ppl_age_mean,ppl_age_min,ppl_age_max,cause_group
STRAIGHT AND LEVEL,1832,2025-09-20 01:55:00,7,1,9,no injury / drive away,"OVER $1,500",,SIDESWIPE SAME DIRECTION,0.0,0.0,0.0,2.0,0.0,0.0,0.0,0.0,41.8924452824,"darkness, lighted road",-87.6327553744,NO INDICATION OF INJURY,2,30,UNABLE TO DETERMINE,NO DEFECTS,wet,UNABLE TO DETERMINE,N,600,,DIVIDED - W/MEDIAN (NOT RAISED),rain,,,,,,4,1,"[""SIDE-RIGHT"", ""UNKNOWN""]","[""HONDA"", ""UNKNOWN""]","[""STRAIGHT AHEAD""]","[""CIVIC"", ""OTHER (EXPLAIN IN NARRATIVE)""]",[],"[""77""]","[""DEPLOYMENT UNKNOWN"", ""DID NOT DEPLOY""]","[""NONE""]","[""NO INDICATION OF INJURY""]",2025,9,20,1,1,night,41.89,-87.63,41.89_-87.63,0,0,77.0,77.0,77.0,Other
STRAIGHT AND LEVEL,733,2025-09-20 02:02:00,7,2,9,no injury / drive away,"OVER $1,500",,ANGLE,1.0,0.0,0.0,2.0,0.0,0.0,0.0,0.0,41.7687443409,"darkness, lighted road",-87.6446513782,NO INDICATION OF INJURY,2,30,FAILING TO YIELD RIGHT-OF-WAY,,,FAILING TO YIELD RIGHT-OF-WAY,S,6900,traffic signal,FOUR WAY,clear,,1.0,,,,4,1,"[""FRONT-LEFT-CORNER"", ""FRONT-RIGHT-CORNER""]","[""CHEVROLET"", ""KIA""]","[""STRAIGHT AHEAD""]","[""OTHER (EXPLAIN IN NARRATIVE)"", ""TRAVERSE""]",[],"[""46""]","[""DEPLOYMENT UNKNOWN"", ""NOT APPLICABLE""]","[""NONE""]","[""NO INDICATION OF INJURY""]",2025,9,20,2,1,night,41.77,-87.64,41.77_-87.64,0,0,46.0,46.0,46.0,Failure-to-Yield
STRAIGHT AND LEVEL,2515,2025-09-20 02:30:00,7,2,9,injury and / or tow due to crash,"$501 - $1,500",NO CONTROLS,PARKED MOTOR VEHICLE,1.0,0.0,0.0,1.0,0.0,0.0,0.0,0.0,41.9258928802,"darkness, lighted road",-87.7662048258,NO INDICATION OF INJURY,2,30,UNABLE TO DETERMINE,NO DEFECTS,dry,UNABLE TO DETERMINE,N,2500,no controls,NOT DIVIDED,clear,,,,,,4,0,"[""FRONT"", ""REAR""]","[""JEEP"", ""UNKNOWN""]","[""PARKED"", ""UNKNOWN/NA""]","[""CHEROKEE"", ""OTHER (EXPLAIN IN NARRATIVE)""]","[""Y""]",[],"[""DEPLOYMENT UNKNOWN""]","[""NONE""]","[""NO INDICATION OF INJURY""]",2025,9,20,2,1,night,41.93,-87.77,41.93_-87.77,0,0,,,,Other
STRAIGHT AND LEVEL,215,2025-09-20 02:41:00,7,2,9,no injury / drive away,"OVER $1,500",NO CONTROLS,PARKED MOTOR VEHICLE,1.0,0.0,0.0,1.0,0.0,0.0,0.0,0.0,41.8112317508,"darkness, lighted road",-87.6214363327,NO INDICATION OF INJURY,2,30,UNABLE TO DETERMINE,NO DEFECTS,dry,UNABLE TO DETERMINE,E,132,no controls,NOT DIVIDED,clear,,,,,,4,0,"[""FRONT-RIGHT-CORNER"", ""UNKNOWN""]","[""NISSAN"", ""UNKNOWN""]","[""PARKED"", ""UNKNOWN/NA""]","[""MOTORIZED"", ""ROGUE""]",[],[],"[""DEPLOYMENT UNKNOWN""]","[""NONE""]","[""NO INDICATION OF INJURY""]",2025,9,20,2,1,night,41.81,-87.62,41.81_-87.62,0,1,,,,Other
STRAIGHT AND LEVEL,2411,2025-09-20 03:00:00,7,3,9,injury and / or tow due to crash,"OVER $1,500",NO CONTROLS,FIXED OBJECT,1.0,0.0,0.0,1.0,0.0,0.0,0.0,0.0,42.0103095549,"darkness, lighted road",-87.6995977859,NO INDICATION OF INJURY,1,30,UNABLE TO DETERMINE,"RUT, HOLES",dry,NOT APPLICABLE,N,7101,no controls,DIVIDED - W/MEDIAN (NOT RAISED),clear,,0.0,,,,2,0,"[""FRONT""]","[""HONDA""]","[""UNKNOWN/NA""]","[""FIT""]","[""Y""]",[],"[""DEPLOYED, FRONT""]","[""NONE""]","[""NO INDICATION OF INJURY""]",2025,9,20,3,1,night,42.01,-87.7,42.01_-87.7,0,0,,,,Other
STRAIGHT AND LEVEL,332,2025-09-20 03:00:00,7,3,9,injury and / or tow due to crash,$500 OR LESS,NO CONTROLS,OTHER OBJECT,1.0,0.0,0.0,1.0,0.0,0.0,0.0,0.0,41.7728835824,darkness,-87.5824880537,NO INDICATION OF INJURY,1,30,UNABLE TO DETERMINE,OTHER,,NOT APPLICABLE,S,6715,no controls,ALLEY,clear,,,,,,2,0,"[""FRONT-RIGHT-CORNER""]","[""JEEP""]","[""UNKNOWN/NA""]","[""CHEROKEE""]","[""Y""]",[],"[""DEPLOYMENT UNKNOWN""]","[""NONE""]","[""NO INDICATION OF INJURY""]",2025,9,20,3,1,night,41.77,-87.58,41.77_-87.58,0,0,,,,Other
STRAIGHT AND LEVEL,1111,2025-09-20 03:00:00,7,3,9,no injury / drive away,"OVER $1,500",NO CONTROLS,PARKED MOTOR VEHICLE,1.0,0.0,0.0,1.0,0.0,0.0,0.0,0.0,41.9009902105,"darkness, lighted road",-87.7264008187,NO INDICATION OF INJURY,2,30,UNABLE TO DETERMINE,NO DEFECTS,wet,NOT APPLICABLE,N,1102,no controls,NOT DIVIDED,rain,,,,,,4,0,"[""REAR"", ""UNKNOWN""]","[""DODGE"", ""UNKNOWN""]","[""PARKED"", ""UNKNOWN/NA""]","[""CHALLENGER"", ""ENGINE""]",[],[],"[""DEPLOYMENT UNKNOWN""]","[""NONE""]","[""NO INDICATION OF INJURY""]",2025,9,20,3,1,night,41.9,-87.73,41.9_-87.73,0,0,,,,Other
STRAIGHT AND LEVEL,1925,2025-09-20 03:00:00,7,3,9,no injury / drive away,"OVER $1,500",NO CONTROLS,PARKED MOTOR VEHICLE,1.0,0.0,0.0,1.0,0.0,0.0,0.0,0.0,41.9401316375,"darkness, lighted road",-87.6460285793,NO INDICATION OF INJURY,2,20,UNABLE TO DETERMINE,NO DEFECTS,dry,UNABLE TO DETERMINE,W,644,no controls,NOT DIVIDED,clear,,,,,,4,0,"[""FRONT-RIGHT-CORNER"", ""SIDE-LEFT""]","[""SUBARU"", ""UNKNOWN""]","[""PARKED"", ""STRAIGHT AHEAD""]","[""MOTORIZED"", ""OUTBACK""]",[],[],"[""DEPLOYMENT UNKNOWN""]","[""NONE""]","[""NO INDICATION OF INJURY""]",2025,9,20,3,1,night,41.94,-87.65,41.94_-87.65,0,1,,,,Other
STRAIGHT AND LEVEL,234,2025-09-20 03:15:00,7,3,9,no injury / drive away,"OVER $1,500",,REAR TO SIDE,1.0,0.0,0.0,2.0,0.0,0.0,0.0,0.0,41.8023797296,,-87.5879794066,NO INDICATION OF INJURY,2,30,UNABLE TO DETERMINE,,,NOT APPLICABLE,S,5100,,,,,,,,,4,1,"[""FRONT-LEFT-CORNER"", ""REAR-LEFT-CORNER""]","[""LINCOLN"", ""UNKNOWN""]","[""UNKNOWN/NA""]","[""ENGINE"", ""MKZ""]",[],"[""42""]","[""DEPLOYMENT UNKNOWN""]","[""UNKNOWN""]","[""NO INDICATION OF INJURY""]",2025,9,20,3,1,night,41.8,-87.59,41.8_-87.59,0,0,42.0,42.0,42.0,Other
STRAIGHT AND LEVEL,923,2025-09-20 03:20:00,7,3,9,no injury / drive away,"OVER $1,500",NO CONTROLS,TURNING,1.0,0.0,0.0,2.0,0.0,0.0,0.0,0.0,41.7952959821,"darkness, lighted road",-87.7034649215,NO INDICATION OF INJURY,2,30,FAILING TO REDUCE SPEED TO AVOID CRASH,NO DEFECTS,dry,FOLLOWING TOO CLOSELY,S,5401,no controls,NOT DIVIDED,clear,,,,,,4,1,"[""FRONT"", ""REAR""]","[""HONDA"", ""UNKNOWN""]","[""STRAIGHT AHEAD"", ""TURNING LEFT""]","[""OTHER (EXPLAIN IN NARRATIVE)"", ""PILOT""]",[],"[""28""]","[""DEPLOYMENT UNKNOWN"", ""DID NOT DEPLOY""]","[""NONE"", ""UNKNOWN""]","[""NO INDICATION OF INJURY""]",2025,9,20,3,1,night,41.8,-87.7,41.8_-87.7,0,0,28.0,28.0,28.0,Speeding
STRAIGHT AND LEVEL,524,2025-09-20 03:30:00,7,3,9,injury and / or tow due to crash,"OVER $1,500",FUNCTIONING PROPERLY,PARKED MOTOR VEHICLE,1.0,0.0,0.0,1.0,0.0,0.0,0.0,0.0,41.6847765205,darkness,-87.6581007189,NO INDICATION OF INJURY,2,30,IMPROPER OVERTAKING/PASSING,NO DEFECTS,dry,NOT APPLICABLE,S,11500,stop sign/flasher,NOT DIVIDED,clear,,,,,,4,0,"[""FRONT"", ""UNKNOWN""]","[""AUDI"", ""UNKNOWN""]","[""PARKED"", ""STRAIGHT AHEAD""]","[""OTHER (EXPLAIN IN NARRATIVE)"", ""Q7""]","[""Y""]",[],"[""NOT APPLICABLE""]","[""UNKNOWN""]","[""NO INDICATION OF INJURY""]",2025,9,20,3,1,night,41.68,-87.66,41.68_-87.66,0,0,,,,Other
STRAIGHT AND LEVEL,414,2025-09-20 04:00:00,7,4,9,no injury / drive away,"OVER $1,500",NO CONTROLS,REAR END,1.0,0.0,0.0,2.0,0.0,0.0,0.0,0.0,41.7524849996,"darkness, lighted road",-87.5761518197,NO INDICATION OF INJURY,2,30,FOLLOWING TOO CLOSELY,NO DEFECTS,wet,NOT APPLICABLE,S,7830,no controls,NOT DIVIDED,rain,,,,,,4,1,"[""FRONT"", ""REAR""]","[""CHEVROLET"", ""DODGE""]","[""OTHER"", ""STRAIGHT AHEAD""]","[""CARAVAN"", ""EQUINOX""]",[],"[""34""]","[""DEPLOYMENT UNKNOWN"", ""NOT APPLICABLE""]","[""NONE""]","[""NO INDICATION OF INJURY""]",2025,9,20,4,1,night,41.75,-87.58,41.75_-87.58,0,0,34.0,34.0,34.0,Following Too Closely
STRAIGHT AND LEVEL,1122,2025-09-20 04:26:00,7,4,9,injury and / or tow due to crash,"OVER $1,500",NO CONTROLS,SIDESWIPE OPPOSITE DIRECTION,1.0,0.0,0.0,5.0,0.0,0.0,0.0,0.0,41.8772866866,"darkness, lighted road",-87.7184384848,NO INDICATION OF INJURY,2,30,IMPROPER OVERTAKING/PASSING,NO DEFECTS,wet,FAILING TO REDUCE SPEED TO AVOID CRASH,W,3658,no controls,NOT DIVIDED,rain,,,,,,4,2,"[""FRONT-LEFT-CORNER"", ""REAR-LEFT-CORNER""]","[""CADILLAC"", ""KIA""]","[""PASSING/OVERTAKING"", ""STRAIGHT AHEAD""]","[""ESCALADE"", ""FORTE""]","[""Y""]","[""34"", ""37""]","[""DEPLOYED, FRONT"", ""NOT APPLICABLE""]","[""NONE"", ""UNKNOWN""]","[""NO INDICATION OF INJURY""]",2025,9,20,4,1,night,41.88,-87.72,41.88_-87.72,0,0,35.5,34.0,37.0,Other
STRAIGHT AND LEVEL,2514,2025-09-20 04:40:00,7,4,9,injury and / or tow due to crash,"OVER $1,500",NO CONTROLS,PARKED MOTOR VEHICLE,1.0,0.0,0.0,1.0,0.0,0.0,0.0,0.0,41.9363585305,"darkness, lighted road",-87.7567520048,NO INDICATION OF INJURY,5,30,DRIVING SKILLS/KNOWLEDGE/EXPERIENCE,NO DEFECTS,wet,NOT APPLICABLE,N,3042,no controls,DIVIDED - W/MEDIAN (NOT RAISED),rain,,,,,,5,1,"[""FRONT-RIGHT-CORNER"", ""REAR"", ""REAR-RIGHT-CORNER"", ""SIDE-LEFT-FRONT""]","[""CHEVROLET"", ""FORD"", ""PONTIAC"", ""TOYOTA""]","[""PARKED"", ""STRAIGHT AHEAD""]","[""EQUINOX"", ""ESCAPE"", ""PRIUS"", ""VIBE""]","[""Y""]","[""36""]","[""DID NOT DEPLOY""]","[""NONE""]","[""NO INDICATION OF INJURY""]",2025,9,20,4,1,night,41.94,-87.76,41.94_-87.76,0,0,36.0,36.0,36.0,Other
STRAIGHT AND LEVEL,1723,2025-09-20 04:47:00,7,4,9,injury and / or tow due to crash,"OVER $1,500",FUNCTIONING PROPERLY,TURNING,1.0,0.0,0.0,2.0,0.0,0.0,0.0,0.0,41.961238465,"darkness, lighted road",-87.713199375,NO INDICATION OF INJURY,2,30,UNABLE TO DETERMINE,NO DEFECTS,wet,NOT APPLICABLE,W,3400,traffic signal,T-INTERSECTION,rain,,1.0,,,,4,1,"[""FRONT-LEFT-CORNER"", ""UNKNOWN""]","[""HYUNDAI"", ""UNKNOWN""]","[""STRAIGHT AHEAD"", ""TURNING RIGHT""]","[""MOTORIZED"", ""TUCSON""]","[""Y""]","[""30""]","[""DEPLOYMENT UNKNOWN"", ""NOT APPLICABLE""]","[""NONE""]","[""NO INDICATION OF INJURY""]",2025,9,20,4,1,night,41.96,-87.71,41.96_-87.71,0,1,30.0,30.0,30.0,Other
STRAIGHT AND LEVEL,211,2025-09-20 06:01:00,7,6,9,no injury / drive away,"OVER $1,500",NO CONTROLS,SIDESWIPE SAME DIRECTION,1.0,0.0,0.0,3.0,0.0,0.0,0.0,0.0,41.8383932992,,-87.6087495204,NO INDICATION OF INJURY,2,30,IMPROPER LANE USAGE,,wet,NOT APPLICABLE,S,3100,no controls,DIVIDED - W/MEDIAN BARRIER,rain,,,,,,4,1,"[""SIDE-LEFT"", ""SIDE-RIGHT""]","[""CHEVROLET"", ""TESLA""]","[""STRAIGHT AHEAD""]","[""EQUINOX"", ""OTHER (EXPLAIN IN NARRATIVE)""]",[],"[""49""]","[""DEPLOYMENT UNKNOWN"", ""NOT APPLICABLE""]","[""NONE""]","[""NO INDICATION OF INJURY""]",2025,9,20,6,1,night,41.84,-87.61,41.84_-87.61,0,0,49.0,49.0,49.0,Other
STRAIGHT AND LEVEL,333,2025-09-20 06:19:00,7,6,9,no injury / drive away,"OVER $1,500",,SIDESWIPE SAME DIRECTION,1.0,0.0,0.0,2.0,0.0,0.0,0.0,0.0,41.7660277795,daylight,-87.5764431228,NO INDICATION OF INJURY,2,30,NOT APPLICABLE,,wet,NOT APPLICABLE,S,7100,,NOT DIVIDED,rain,,,,,,4,1,"[""SIDE-RIGHT-REAR"", ""UNKNOWN""]","[""UNKNOWN"", ""VOLVO""]","[""STARTING IN TRAFFIC"", ""STRAIGHT AHEAD""]","[""260 SERIES"", ""OTHER (EXPLAIN IN NARRATIVE)""]",[],"[""54""]","[""DEPLOYMENT UNKNOWN"", ""DID NOT DEPLOY""]","[""NONE""]","[""NO INDICATION OF INJURY""]",2025,9,20,6,1,night,41.77,-87.58,41.77_-87.58,0,0,54.0,54.0,54.0,Other
STRAIGHT AND LEVEL,331,2025-09-20 06:35:00,7,6,9,injury and / or tow due to crash,"OVER $1,500",FUNCTIONING PROPERLY,OTHER OBJECT,1.0,0.0,0.0,1.0,0.0,0.0,0.0,0.0,41.7915339165,daylight,-87.5802087355,NO INDICATION OF INJURY,1,40,UNABLE TO DETERMINE,NO DEFECTS,wet,UNABLE TO DETERMINE,S,5698,traffic signal,FOUR WAY,other,,,,,,2,0,"[""FRONT-RIGHT-CORNER""]","[""CHRYSLER""]","[""UNKNOWN/NA""]","[""300""]","[""Y""]",[],"[""DEPLOYED, COMBINATION""]","[""NONE""]","[""NO INDICATION OF INJURY""]",2025,9,20,6,1,night,41.79,-87.58,41.79_-87.58,0,0,,,,Other
"CURVE, LEVEL",1824,2025-09-20 06:50:00,7,6,9,injury and / or tow due to crash,"$501 - $1,500",NO CONTROLS,SIDESWIPE SAME DIRECTION,1.0,0.0,0.0,2.0,0.0,0.0,0.0,0.0,41.900752974,daylight,-87.6242349998,NO INDICATION OF INJURY,2,30,IMPROPER OVERTAKING/PASSING,,wet,NOT APPLICABLE,N,1000,no controls,DIVIDED - W/MEDIAN BARRIER,rain,,,,,,3,1,"[""FRONT-RIGHT-CORNER"", ""UNKNOWN""]","[""HONDA""]","[""CHANGING LANES"", ""NEGOTIATING A CURVE""]","[""CR-V"", ""ODYSSEY""]","[""Y""]","[""50""]","[""DEPLOYMENT UNKNOWN"", ""DID NOT DEPLOY""]","[""NONE""]","[""NO INDICATION OF INJURY""]",2025,9,20,6,1,night,41.9,-87.62,41.9_-87.62,0,0,50.0,50.0,50.0,Other
STRAIGHT AND LEVEL,1713,2025-09-20 07:30:00,7,7,9,no injury / drive away,"$501 - $1,500",NO CONTROLS,PARKED MOTOR VEHICLE,1.0,0.0,0.0,1.0,0.0,0.0,0.0,0.0,41.9701539337,daylight,-87.7092628152,NO INDICATION OF INJURY,3,25,UNABLE TO DETERMINE,NO DEFECTS,dry,UNABLE TO DETERMINE,W,3217,no controls,ONE-WAY,clear,1.0,,,,,4,0,"[""SIDE-LEFT"", ""UNKNOWN""]","[""HONDA"", ""UNKNOWN""]","[""PARKED"", ""UNKNOWN/NA""]","[""CR-V"", ""OTHER (EXPLAIN IN NARRATIVE)""]",[],[],"[""DEPLOYMENT UNKNOWN""]","[""UNKNOWN""]","[""NO INDICATION OF INJURY""]",2025,9,20,7,1,morning,41.97,-87.71,41.97_-87.71,0,0,,,,Other
STRAIGHT AND LEVEL,1022,2025-09-20 07:30:00,7,7,9,no injury / drive away,"OVER $1,500",NO CONTROLS,PARKED MOTOR VEHICLE,1.0,0.0,0.0,1.0,0.0,0.0,0.0,0.0,41.8614210938,daylight,-87.7049782985,NO INDICATION OF INJURY,2,30,UNABLE TO DETERMINE,NO DEFECTS,dry,UNABLE TO DETERMINE,W,3148,no controls,NOT DIVIDED,clear,,,,,,4,0,"[""FRONT-LEFT-CORNER"", ""UNKNOWN""]","[""HONDA"", ""UNKNOWN""]","[""PARKED"", ""UNKNOWN/NA""]","[""HR-V"", ""OTHER (EXPLAIN IN NARRATIVE)""]",[],[],"[""DEPLOYMENT UNKNOWN""]","[""NONE""]","[""NO INDICATION OF INJURY""]",2025,9,20,7,1,morning,41.86,-87.7,41.86_-87.7,0,0,,,,Other
STRAIGHT AND LEVEL,1125,2025-09-20 08:08:00,7,8,9,injury and / or tow due to crash,"OVER $1,500",FUNCTIONING PROPERLY,OTHER OBJECT,1.0,0.0,0.0,1.0,0.0,0.0,0.0,0.0,41.8770964027,,-87.6938990626,NO INDICATION OF INJURY,1,25,UNABLE TO DETERMINE,NO DEFECTS,dry,UNABLE TO DETERMINE,S,310,stop sign/flasher,NOT DIVIDED,,1.0,,,,,2,0,"[""FRONT""]","[""KIA""]","[""UNKNOWN/NA""]","[""OPTIMA / K5""]","[""Y""]",[],"[""DEPLOYMENT UNKNOWN""]","[""UNKNOWN""]","[""NO INDICATION OF INJURY""]",2025,9,20,8,1,morning,41.88,-87.69,41.88_-87.69,0,0,,,,Other
STRAIGHT AND LEVEL,1833,2025-09-20 08:30:00,7,8,9,injury and / or tow due to crash,"OVER $1,500",NO CONTROLS,REAR END,1.0,0.0,0.0,3.0,0.0,1.0,1.0,0.0,41.898341319,"darkness, lighted road",-87.618057856,"REPORTED, NOT EVIDENT",2,25,UNABLE TO DETERMINE,,,NOT APPLICABLE,N,860,no controls,DIVIDED - W/MEDIAN BARRIER,,,,,,,4,1,"[""REAR"", ""UNKNOWN""]","[""NISSAN"", ""UNKNOWN""]","[""SLOW/STOP IN TRAFFIC"", ""STRAIGHT AHEAD""]","[""ALTIMA"", ""OTHER (EXPLAIN IN NARRATIVE)""]",[],"[""52""]","[""DEPLOYMENT UNKNOWN"", ""DID NOT DEPLOY""]","[""NONE"", ""UNKNOWN""]","[""NO INDICATION OF INJURY"", ""REPORTED, NOT EVIDENT""]",2025,9,20,8,1,morning,41.9,-87.62,41.9_-87.62,0,0,52.0,52.0,52.0,Other
STRAIGHT AND LEVEL,1621,2025-09-20 09:00:00,7,9,9,no injury / drive away,$500 OR LESS,NO CONTROLS,PARKED MOTOR VEHICLE,1.0,0.0,0.0,1.0,0.0,0.0,0.0,0.0,41.9787102644,daylight,-87.757153772,NO INDICATION OF INJURY,2,10,DRIVING SKILLS/KNOWLEDGE/EXPERIENCE,NO DEFECTS,wet,NOT APPLICABLE,N,5353,no controls,PARKING LOT,clear,,,,,,4,0,"[""REAR-RIGHT-CORNER"", ""UNKNOWN""]","[""FORD"", ""UNKNOWN""]","[""PARKED"", ""UNKNOWN/NA""]","[""ESCAPE"", ""OTHER (EXPLAIN IN NARRATIVE)""]",[],[],"[""DEPLOYMENT UNKNOWN""]","[""NONE""]","[""NO INDICATION OF INJURY""]",2025,9,20,9,1,morning,41.98,-87.76,41.98_-87.76,0,0,,,,Other
STRAIGHT AND LEVEL,2522,2025-09-20 09:00:00,7,9,9,no injury / drive away,"OVER $1,500",NO CONTROLS,PARKED MOTOR VEHICLE,1.0,0.0,0.0,1.0,0.0,0.0,0.0,0.0,41.9170691133,,-87.7438185051,NO INDICATION OF INJURY,2,30,UNABLE TO DETERMINE,NO DEFECTS,dry,UNABLE TO DETERMINE,W,4700,no controls,NOT DIVIDED,,,,,,,4,0,"[""FRONT-LEFT-CORNER"", ""UNKNOWN""]","[""HYUNDAI"", ""UNKNOWN""]","[""PARKED"", ""UNKNOWN/NA""]","[""OTHER (EXPLAIN IN NARRATIVE)"", ""SONATA""]",[],[],"[""DEPLOYMENT UNKNOWN""]","[""UNKNOWN""]","[""NO INDICATION OF INJURY""]",2025,9,20,9,1,morning,41.92,-87.74,41.92_-87.74,0,0,,,,Other
STRAIGHT AND LEVEL,1413,2025-09-20 09:15:00,7,9,9,no injury / drive away,"OVER $1,500",NO CONTROLS,PARKED MOTOR VEHICLE,1.0,0.0,0.0,1.0,0.0,0.0,0.0,0.0,41.9211391685,,-87.7096644676,NO INDICATION OF INJURY,2,30,UNABLE TO DETERMINE,,,UNABLE TO DETERMINE,W,3256,no controls,NOT DIVIDED,,1.0,,,,,4,0,"[""SIDE-LEFT"", ""UNKNOWN""]","[""TOYOTA"", ""UNKNOWN""]","[""PARKED"", ""UNKNOWN/NA""]","[""OTHER (EXPLAIN IN NARRATIVE)"", ""PRIUS""]",[],[],"[""DEPLOYMENT UNKNOWN""]","[""NONE""]","[""NO INDICATION OF INJURY""]",2025,9,20,9,1,morning,41.92,-87.71,41.92_-87.71,0,0,,,,Other
STRAIGHT AND LEVEL,1621,2025-09-20 09:15:00,7,9,9,no injury / drive away,"OVER $1,500",NO CONTROLS,PARKED MOTOR VEHICLE,1.0,0.0,0.0,1.0,0.0,0.0,0.0,0.0,41.9787102644,daylight,-87.757153772,NO INDICATION OF INJURY,2,15,UNABLE TO DETERMINE,NO DEFECTS,dry,UNABLE TO DETERMINE,N,5353,no controls,PARKING LOT,clear,1.0,,,,,4,0,"[""FRONT-LEFT-CORNER"", ""UNKNOWN""]","[""FORD"", ""UNKNOWN""]","[""PARKED"", ""UNKNOWN/NA""]","[""FOCUS"", ""OTHER (EXPLAIN IN NARRATIVE)""]",[],[],"[""DEPLOYMENT UNKNOWN""]","[""NONE""]","[""NO INDICATION OF INJURY""]",2025,9,20,9,1,morning,41.98,-87.76,41.98_-87.76,0,0,,,,Other
STRAIGHT AND LEVEL,1524,2025-09-20 09:30:00,7,9,9,no injury / drive away,"OVER $1,500",NO CONTROLS,SIDESWIPE SAME DIRECTION,1.0,0.0,0.0,2.0,0.0,0.0,0.0,0.0,41.8965654523,daylight,-87.7653655667,NO INDICATION OF INJURY,2,20,IMPROPER OVERTAKING/PASSING,NO DEFECTS,dry,UNABLE TO DETERMINE,W,5559,no controls,ONE-WAY,clear,,,,,,3,1,"[""FRONT"", ""FRONT-LEFT-CORNER""]","[""CHEVROLET"", ""TOYOTA""]","[""ENTERING TRAFFIC LANE FROM PARKING"", ""STRAIGHT AHEAD""]","[""OTHER (EXPLAIN IN NARRATIVE)""]",[],"[""61""]","[""DEPLOYMENT UNKNOWN""]","[""NONE""]","[""NO INDICATION OF INJURY""]",2025,9,20,9,1,morning,41.9,-87.77,41.9_-87.77,0,0,61.0,61.0,61.0,Other
STRAIGHT AND LEVEL,411,2025-09-20 10:20:00,7,10,9,injury and / or tow due to crash,"$501 - $1,500",FUNCTIONING PROPERLY,PEDESTRIAN,1.0,0.0,1.0,2.0,0.0,0.0,1.0,0.0,41.7514606032,"darkness, lighted road",-87.585971993,INCAPACITATING INJURY,2,30,"OPERATING VEHICLE IN ERRATIC, RECKLESS, CARELESS, NEGLIGENT OR AGGRESSIVE MANNER",NO DEFECTS,wet,"OPERATING VEHICLE IN ERRATIC, RECKLESS, CARELESS, NEGLIGENT OR AGGRESSIVE MANNER",S,7900,traffic signal,"FIVE POINT, OR MORE",clear,1.0,1.0,,,,2,1,"[""FRONT""]","[""UNKNOWN""]","[""STRAIGHT AHEAD""]","[""OTHER (EXPLAIN IN NARRATIVE)""]",[],"[""18""]","[""DEPLOYMENT UNKNOWN"", ""NOT APPLICABLE""]","[""NONE""]","[""INCAPACITATING INJURY"", ""NO INDICATION OF INJURY""]",2025,9,20,10,1,morning,41.75,-87.59,41.75_-87.59,0,0,18.0,18.0,18.0,Other