alignment,beat_of_occurrence,crash_date,crash_day_of_week,crash_hour,crash_month,crash_type,damage,device_condition,first_crash_type,hit_and_run_i,injuries_fatal,injuries_incapacitating,injuries_no_indication,injuries_non_incapacitating,injuries_reported_not_evident,injuries_total,injuries_unknown,latitude,lighting_condition,longitude,most_severe_injury,num_units,posted_speed_limit,prim_contributory_cause,road_defect,roadway_surface_cond,sec_contributory_cause,street_direction,street_no,traffic_control_device,trafficway_type,weather_condition,crash_date_est_i,intersection_related_i,work_zone_i,dooring_i,private_property_i,veh_count,ppl_count,veh_first_contact_point_list_json,veh_make_list_json,veh_maneuver_list_json,veh_model_list_json,veh_towed_i_list_json,ppl_age_list_json,ppl_airbag_deployed_list_json,ppl_ejection_list_json,ppl_injury_classification_list_json,year,month,day,hour,is_weekend,hour_bin,lat_bin,lng_bin,grid_id,veh_truck_i,veh_mc_i,ppl_age_mean,ppl_age_min,ppl_age_max,cause_group
STRAIGHT AND LEVEL,913,2025-09-20 10:33:00,7,10,9,no injury / drive away,$500 OR LESS,NO CONTROLS,PARKED MOTOR VEHICLE,1.0,0.0,0.0,2.0,0.0,0.0,0.0,0.0,41.8413773872,daylight,-87.6587848021,NO INDICATION OF INJURY,2,30,UNABLE TO DETERMINE,NO DEFECTS,dry,NOT APPLICABLE,S,2928,no controls,NOT DIVIDED,clear,,,,,,4,1,"[""OTHER""]","[""FORD"", ""UNKNOWN""]","[""OTHER"", ""PARKED""]","[""OTHER (EXPLAIN IN NARRATIVE)"", ""TRANSIT""]",[],"[""33""]","[""DEPLOYMENT UNKNOWN"", ""DID NOT DEPLOY""]","[""NONE""]","[""NO INDICATION OF INJURY""]",2025,9,20,10,1,morning,41.84,-87.66,41.84_-87.66,0,0,33.0,33.0,33.0,Other
STRAIGHT AND LEVEL,1013,2025-09-20 10:45:00,7,10,9,no injury / drive away,"OVER $1,500",NO CONTROLS,TURNING,1.0,0.0,0.0,2.0,0.0,0.0,0.0,0.0,41.8511195666,daylight,-87.7243009044,NO INDICATION OF INJURY,2,30,UNABLE TO DETERMINE,NO DEFECTS,dry,UNABLE TO DETERMINE,W,3953,no controls,NOT DIVIDED,clear,,,,,1.0,4,2,"[""FRONT"", ""SIDE-RIGHT-FRONT""]","[""NISSAN"", ""SUBARU""]","[""STRAIGHT AHEAD"", ""TURNING LEFT""]","[""FORESTER"", ""OTHER (EXPLAIN IN NARRATIVE)""]",[],"[""27"", ""43""]","[""DEPLOYMENT UNKNOWN"", ""DID NOT DEPLOY""]","[""NONE""]","[""NO INDICATION OF INJURY""]",2025,9,20,10,1,morning,41.85,-87.72,41.85_-87.72,0,0,35.0,27.0,43.0,Other
STRAIGHT AND LEVEL,1113,2025-09-20 11:15:00,7,11,9,no injury / drive away,"OVER $1,500",NO CONTROLS,PARKED MOTOR VEHICLE,1.0,0.0,0.0,1.0,0.0,0.0,0.0,0.0,41.8770536197,,-87.7372216966,NO INDICATION OF INJURY,2,30,UNABLE TO DETERMINE,,,UNABLE TO DETERMINE,W,4446,no controls,NOT DIVIDED,,,,,,,4,0,"[""FRONT-LEFT-CORNER"", ""UNKNOWN""]","[""INFINITI"", ""UNKNOWN""]","[""PARKED"", ""UNKNOWN/NA""]","[""MOTORIZED"", ""QX60""]",[],[],"[""DEPLOYMENT UNKNOWN""]","[""NONE""]","[""NO INDICATION OF INJURY""]",2025,9,20,11,1,morning,41.88,-87.74,41.88_-87.74,0,1,,,,Other
STRAIGHT AND LEVEL,811,2025-09-20 11:30:00,7,11,9,no injury / drive away,"OVER $1,500",NO CONTROLS,PARKED MOTOR VEHICLE,1.0,0.0,0.0,1.0,0.0,0.0,0.0,0.0,41.7919321154,,-87.7779896159,NO INDICATION OF INJURY,2,30,"OPERATING VEHICLE IN ERRATIC, RECKLESS, CARELESS, NEGLIGENT OR AGGRESSIVE MANNER",NO DEFECTS,,NOT APPLICABLE,S,5515,no controls,ONE-WAY,clear,1.0,,,,,4,0,"[""SIDE-RIGHT"", ""UNKNOWN""]","[""ACURA"", ""UNKNOWN""]","[""PARKED"", ""UNKNOWN/NA""]","[""MOTORIZED"", ""RLX""]",[],[],"[""DEPLOYMENT UNKNOWN""]","[""NONE""]","[""NO INDICATION OF INJURY""]",2025,9,20,11,1,morning,41.79,-87.78,41.79_-87.78,0,1,,,,Other
STRAIGHT AND LEVEL,2213,2025-09-20 11:42:00,7,11,9,no injury / drive away,"OVER $1,500",,SIDESWIPE OPPOSITE DIRECTION,1.0,0.0,0.0,3.0,0.0,0.0,0.0,0.0,41.7064862488,,-87.6813103437,NO INDICATION OF INJURY,2,30,UNABLE TO DETERMINE,,,NOT APPLICABLE,W,2352,,DIVIDED - W/MEDIAN BARRIER,,,,,,,4,1,"[""FRONT-LEFT-CORNER"", ""UNKNOWN""]","[""CHEVROLET"", ""CHRYSLER""]","[""SLOW/STOP IN TRAFFIC"", ""UNKNOWN/NA""]","[""200"", ""TRAX""]",[],"[""42""]","[""DEPLOYMENT UNKNOWN""]","[""UNKNOWN""]","[""NO INDICATION OF INJURY""]",2025,9,20,11,1,morning,41.71,-87.68,41.71_-87.68,0,0,42.0,42.0,42.0,Other
STRAIGHT AND LEVEL,323,2025-09-20 11:50:00,7,11,9,injury and / or tow due to crash,"OVER $1,500",,PEDESTRIAN,1.0,0.0,0.0,1.0,0.0,1.0,1.0,0.0,41.7621362769,daylight,-87.6056334905,"REPORTED, NOT EVIDENT",2,30,UNABLE TO DETERMINE,NO DEFECTS,dry,UNABLE TO DETERMINE,S,7300,traffic signal,FOUR WAY,clear,,,,,,2,1,"[""UNKNOWN""]","[""UNKNOWN""]","[""UNKNOWN/NA""]","[""MOTORIZED""]",[],"[""35""]","[""DEPLOYMENT UNKNOWN""]","[""UNKNOWN""]","[""NO INDICATION OF INJURY"", ""REPORTED, NOT EVIDENT""]",2025,9,20,11,1,morning,41.76,-87.61,41.76_-87.61,0,1,35.0,35.0,35.0,Other
STRAIGHT AND LEVEL,2012,2025-09-20 11:50:00,7,11,9,no injury / drive away,$500 OR LESS,NO CONTROLS,REAR END,0.0,0.0,0.0,2.0,0.0,0.0,0.0,0.0,41.9901302642,daylight,-87.670592054,NO INDICATION OF INJURY,2,30,DRIVING SKILLS/KNOWLEDGE/EXPERIENCE,,,UNABLE TO DETERMINE,N,5961,no controls,NOT DIVIDED,clear,,,,,,4,2,"[""FRONT"", ""REAR""]","[""TOYOTA"", ""VOLKSWAGEN""]","[""SLOW/STOP IN TRAFFIC"", ""STRAIGHT AHEAD""]","[""JETTA"", ""RAV4""]",[],"[""26"", ""38""]","[""NOT APPLICABLE""]","[""NONE""]","[""NO INDICATION OF INJURY""]",2025,9,20,11,1,morning,41.99,-87.67,41.99_-87.67,0,0,32.0,26.0,38.0,Other
STRAIGHT AND LEVEL,2432,2025-09-20 12:00:00,7,12,9,no injury / drive away,"$501 - $1,500",NO CONTROLS,PARKED MOTOR VEHICLE,1.0,0.0,0.0,1.0,0.0,0.0,0.0,0.0,42.003604391,,-87.6642347538,NO INDICATION OF INJURY,2,10,UNABLE TO DETERMINE,NO DEFECTS,dry,NOT APPLICABLE,W,1314,no controls,PARKING LOT,,1.0,,,,1.0,4,0,"[""FRONT-LEFT-CORNER"", ""SIDE-LEFT""]","[""AUDI"", ""UNKNOWN""]","[""PARKED"", ""UNKNOWN/NA""]","[""OTHER (EXPLAIN IN NARRATIVE)"", ""S5""]",[],[],"[""DEPLOYMENT UNKNOWN""]","[""NONE""]","[""NO INDICATION OF INJURY""]",2025,9,20,12,1,morning,42.0,-87.66,42.0_-87.66,0,0,,,,Other
STRAIGHT AND LEVEL,1834,2025-09-20 12:15:00,7,12,9,no injury / drive away,$500 OR LESS,NO CONTROLS,SIDESWIPE SAME DIRECTION,1.0,0.0,0.0,2.0,0.0,0.0,0.0,0.0,41.895296419,daylight,-87.6154605904,NO INDICATION OF INJURY,2,30,IMPROPER LANE USAGE,NO DEFECTS,dry,NOT APPLICABLE,N,705,no controls,DIVIDED - W/MEDIAN BARRIER,clear,,,,,,4,1,"[""SIDE-LEFT"", ""SIDE-RIGHT""]","[""KIA"", ""MITSUBISHI""]","[""STRAIGHT AHEAD""]","[""FORTE"", ""OTHER (EXPLAIN IN NARRATIVE)""]",[],"[""54""]","[""DEPLOYMENT UNKNOWN"", ""NOT APPLICABLE""]","[""NONE""]","[""NO INDICATION OF INJURY""]",2025,9,20,12,1,morning,41.9,-87.62,41.9_-87.62,0,0,54.0,54.0,54.0,Other
"CURVE, LEVEL",2433,2025-09-20 12:18:00,7,12,9,no injury / drive away,"OVER $1,500",NO CONTROLS,REAR END,1.0,0.0,0.0,2.0,0.0,0.0,0.0,0.0,41.9981190787,daylight,-87.6569628463,NO INDICATION OF INJURY,2,30,FOLLOWING TOO CLOSELY,NO DEFECTS,dry,NOT APPLICABLE,W,1031,no controls,NOT DIVIDED,clear,,,,,,4,1,"[""FRONT"", ""REAR""]","[""TOYOTA"", ""VOLKSWAGEN""]","[""SLOW/STOP IN TRAFFIC"", ""STRAIGHT AHEAD""]","[""CAMRY"", ""OTHER (EXPLAIN IN NARRATIVE)""]",[],"[""28""]","[""DEPLOYMENT UNKNOWN"", ""DID NOT DEPLOY""]","[""NONE""]","[""NO INDICATION OF INJURY""]",2025,9,20,12,1,morning,42.0,-87.66,42.0_-87.66,0,0,28.0,28.0,28.0,Following Too Closely
STRAIGHT AND LEVEL,1424,2025-09-20 12:58:00,7,12,9,no injury / drive away,"OVER $1,500",NO CONTROLS,PARKED MOTOR VEHICLE,1.0,0.0,0.0,1.0,0.0,0.0,0.0,0.0,41.9103810872,daylight,-87.6771761709,NO INDICATION OF INJURY,2,30,UNABLE TO DETERMINE,NO DEFECTS,dry,NOT APPLICABLE,W,1951,,NOT DIVIDED,clear,,,,,,4,0,"[""SIDE-LEFT"", ""SIDE-RIGHT""]","[""FORD"", ""JEEP""]","[""PARKED"", ""STRAIGHT AHEAD""]","[""OTHER (EXPLAIN IN NARRATIVE)"", ""WRANGLER""]",[],[],"[""DEPLOYMENT UNKNOWN""]","[""NONE""]","[""NO INDICATION OF INJURY""]",2025,9,20,12,1,morning,41.91,-87.68,41.91_-87.68,0,0,,,,Other
STRAIGHT AND LEVEL,1522,2025-09-20 13:00:00,7,13,9,no injury / drive away,"OVER $1,500",NO CONTROLS,PARKED MOTOR VEHICLE,1.0,0.0,0.0,1.0,0.0,0.0,0.0,0.0,41.8815714514,daylight,-87.7600163206,NO INDICATION OF INJURY,2,30,NOT APPLICABLE,,wet,UNABLE TO DETERMINE,N,41,no controls,ONE-WAY,clear,,,,,,4,0,"[""SIDE-RIGHT"", ""UNKNOWN""]","[""DODGE"", ""UNKNOWN""]","[""PARKED"", ""UNKNOWN/NA""]","[""JOURNEY"", ""MOTORIZED""]",[],[],"[""DEPLOYMENT UNKNOWN""]","[""UNKNOWN""]","[""NO INDICATION OF INJURY""]",2025,9,20,13,1,afternoon,41.88,-87.76,41.88_-87.76,0,1,,,,Other
STRAIGHT AND LEVEL,2535,2025-09-20 13:05:00,7,13,9,no injury / drive away,"OVER $1,500",FUNCTIONING PROPERLY,REAR END,1.0,0.0,0.0,2.0,0.0,0.0,0.0,0.0,41.9107144764,daylight,-87.7262104228,NO INDICATION OF INJURY,2,30,UNABLE TO DETERMINE,NO DEFECTS,dry,UNABLE TO DETERMINE,N,1627,traffic signal,NOT DIVIDED,clear,,,,,,4,1,"[""REAR"", ""UNKNOWN""]","[""KIA"", ""UNKNOWN""]","[""STRAIGHT AHEAD""]","[""OTHER (EXPLAIN IN NARRATIVE)"", ""SELTOS""]",[],"[""52""]","[""DEPLOYMENT UNKNOWN"", ""NOT APPLICABLE""]","[""NONE""]","[""NO INDICATION OF INJURY""]",2025,9,20,13,1,afternoon,41.91,-87.73,41.91_-87.73,0,0,52.0,52.0,52.0,Other
STRAIGHT AND LEVEL,313,2025-09-20 13:22:00,7,13,9,no injury / drive away,$500 OR LESS,FUNCTIONING PROPERLY,REAR END,1.0,0.0,0.0,3.0,0.0,0.0,0.0,0.0,41.7803545149,daylight,-87.6153139027,NO INDICATION OF INJURY,2,30,UNABLE TO DETERMINE,NO DEFECTS,dry,UNABLE TO DETERMINE,E,406,traffic signal,NOT DIVIDED,clear,,,,,,4,2,"[""FRONT"", ""REAR""]","[""FORD"", ""TOYOTA""]","[""SLOW/STOP IN TRAFFIC"", ""STRAIGHT AHEAD""]","[""OTHER (EXPLAIN IN NARRATIVE)"", ""VAN""]",[],"[""29"", ""42""]","[""DEPLOYMENT UNKNOWN"", ""DID NOT DEPLOY""]","[""NONE""]","[""NO INDICATION OF INJURY""]",2025,9,20,13,1,afternoon,41.78,-87.62,41.78_-87.62,0,0,35.5,29.0,42.0,Other
STRAIGHT AND LEVEL,2534,2025-09-20 13:40:00,7,13,9,no injury / drive away,"OVER $1,500",FUNCTIONING PROPERLY,REAR END,1.0,0.0,0.0,2.0,0.0,0.0,0.0,0.0,41.9099284207,daylight,-87.7313179391,NO INDICATION OF INJURY,2,30,UNABLE TO DETERMINE,NO DEFECTS,dry,UNABLE TO DETERMINE,W,4200,traffic signal,DIVIDED - W/MEDIAN (NOT RAISED),cloudy/overcast,,,,,,4,1,"[""FRONT"", ""REAR""]","[""HONDA"", ""UNKNOWN""]","[""SLOW/STOP IN TRAFFIC"", ""STRAIGHT AHEAD""]","[""CIVIC"", ""MOTORIZED""]",[],"[""82""]","[""DID NOT DEPLOY""]","[""NONE""]","[""NO INDICATION OF INJURY""]",2025,9,20,13,1,afternoon,41.91,-87.73,41.91_-87.73,0,1,82.0,82.0,82.0,Other
STRAIGHT AND LEVEL,2532,2025-09-20 13:41:00,7,13,9,no injury / drive away,"$501 - $1,500",FUNCTIONING PROPERLY,ANGLE,1.0,0.0,0.0,2.0,0.0,0.0,0.0,0.0,41.9022927347,daylight,-87.7559219562,NO INDICATION OF INJURY,2,30,UNABLE TO DETERMINE,,dry,NOT APPLICABLE,N,1200,traffic signal,FOUR WAY,cloudy/overcast,,1.0,,,,4,1,"[""FRONT"", ""SIDE-RIGHT""]","[""FORD"", ""HYUNDAI""]","[""STRAIGHT AHEAD""]","[""EDGE"", ""SONATA""]",[],"[""50""]","[""DEPLOYMENT UNKNOWN"", ""DID NOT DEPLOY""]","[""NONE""]","[""NO INDICATION OF INJURY""]",2025,9,20,13,1,afternoon,41.9,-87.76,41.9_-87.76,0,0,50.0,50.0,50.0,Other
STRAIGHT AND LEVEL,2512,2025-09-20 13:47:00,7,13,9,no injury / drive away,"OVER $1,500",NO CONTROLS,PARKED MOTOR VEHICLE,1.0,0.0,0.0,1.0,0.0,0.0,0.0,0.0,41.9237604017,daylight,-87.7887477626,NO INDICATION OF INJURY,2,10,IMPROPER BACKING,NO DEFECTS,dry,IMPROPER BACKING,W,6520,no controls,PARKING LOT,clear,,,,,,4,0,"[""REAR-LEFT-CORNER"", ""UNKNOWN""]","[""CHEVROLET"", ""TOYOTA""]","[""BACKING"", ""PARKED""]","[""EQUINOX"", ""RAV4""]",[],[],"[""DEPLOYMENT UNKNOWN""]","[""NONE""]","[""NO INDICATION OF INJURY""]",2025,9,20,13,1,afternoon,41.92,-87.79,41.92_-87.79,0,0,,,,DUI/Impairment
STRAIGHT AND LEVEL,2521,2025-09-20 14:14:00,7,14,9,no injury / drive away,"OVER $1,500",NO CONTROLS,PARKED MOTOR VEHICLE,1.0,0.0,0.0,2.0,0.0,0.0,0.0,0.0,41.9286286732,daylight,-87.752281355,NO INDICATION OF INJURY,2,25,DRIVING SKILLS/KNOWLEDGE/EXPERIENCE,,,UNABLE TO DETERMINE,W,5021,no controls,ONE-WAY,,,,,,,4,0,"[""SIDE-LEFT-FRONT"", ""SIDE-RIGHT-REAR""]","[""NISSAN"", ""TOYOTA""]","[""ENTERING TRAFFIC LANE FROM PARKING"", ""PARKED""]","[""RAV4"", ""SENTRA""]",[],[],"[""DEPLOYMENT UNKNOWN"", ""NOT APPLICABLE""]","[""NONE""]","[""NO INDICATION OF INJURY""]",2025,9,20,14,1,afternoon,41.93,-87.75,41.93_-87.75,0,0,,,,Other
STRAIGHT AND LEVEL,1432,2025-09-20 14:15:00,7,14,9,no injury / drive away,"OVER $1,500",NO CONTROLS,PARKED MOTOR VEHICLE,1.0,0.0,0.0,1.0,0.0,0.0,0.0,0.0,41.9199063173,daylight,-87.6790829915,NO INDICATION OF INJURY,2,20,UNABLE TO DETERMINE,NO DEFECTS,dry,NOT APPLICABLE,W,2035,no controls,ONE-WAY,clear,,,,,,4,0,"[""SIDE-RIGHT"", ""UNKNOWN""]","[""HONDA"", ""UNKNOWN""]","[""PARKED"", ""UNKNOWN/NA""]","[""MOTORIZED"", ""PILOT""]",[],[],"[""DEPLOYMENT UNKNOWN""]","[""UNKNOWN""]","[""NO INDICATION OF INJURY""]",2025,9,20,14,1,afternoon,41.92,-87.68,41.92_-87.68,0,1,,,,Other
STRAIGHT AND LEVEL,1214,2025-09-20 15:30:00,7,15,9,no injury / drive away,"OVER $1,500",NO CONTROLS,PEDALCYCLIST,1.0,0.0,0.0,2.0,0.0,0.0,0.0,0.0,41.8961983286,daylight,-87.6526797277,NO INDICATION OF INJURY,2,30,UNABLE TO DETERMINE,NO DEFECTS,dry,NOT APPLICABLE,W,1001,no controls,NOT DIVIDED,clear,,,,,,2,1,"[""FRONT-RIGHT-CORNER""]","[""NISSAN""]","[""STRAIGHT AHEAD""]","[""ALTIMA""]",[],"[""25""]","[""DID NOT DEPLOY""]","[""NONE""]","[""NO INDICATION OF INJURY""]",2025,9,20,15,1,afternoon,41.9,-87.65,41.9_-87.65,0,0,25.0,25.0,25.0,Other
STRAIGHT AND LEVEL,223,2025-09-20 15:40:00,7,15,9,no injury / drive away,$500 OR LESS,FUNCTIONING PROPERLY,REAR END,1.0,0.0,0.0,3.0,0.0,0.0,0.0,0.0,41.8023585012,daylight,-87.6064872794,NO INDICATION OF INJURY,2,30,UNABLE TO DETERMINE,NO DEFECTS,dry,NOT APPLICABLE,E,798,traffic signal,FOUR WAY,clear,,,,,,4,1,"[""FRONT"", ""REAR""]","[""MITSUBISHI"", ""UNKNOWN""]","[""STRAIGHT AHEAD""]","[""MIRAGE"", ""OTHER (EXPLAIN IN NARRATIVE)""]",[],"[""30""]","[""DEPLOYMENT UNKNOWN"", ""NOT APPLICABLE""]","[""NONE"", ""UNKNOWN""]","[""NO INDICATION OF INJURY""]",2025,9,20,15,1,afternoon,41.8,-87.61,41.8_-87.61,0,0,30.0,30.0,30.0,Other
STRAIGHT AND LEVEL,1434,2025-09-20 15:40:00,7,15,9,no injury / drive away,"OVER $1,500",NO CONTROLS,PARKED MOTOR VEHICLE,1.0,0.0,0.0,1.0,0.0,0.0,0.0,0.0,41.9177223874,daylight,-87.677473221,NO INDICATION OF INJURY,2,30,UNABLE TO DETERMINE,NO DEFECTS,dry,UNABLE TO DETERMINE,N,1971,no controls,NOT DIVIDED,clear,,,,,,4,0,"[""FRONT-LEFT-CORNER"", ""UNKNOWN""]","[""NISSAN"", ""UNKNOWN""]","[""PARKED"", ""UNKNOWN/NA""]","[""OTHER (EXPLAIN IN NARRATIVE)"", ""ROGUE""]",[],[],"[""DEPLOYMENT UNKNOWN""]","[""UNKNOWN""]","[""NO INDICATION OF INJURY""]",2025,9,20,15,1,afternoon,41.92,-87.68,41.92_-87.68,0,0,,,,Other
STRAIGHT AND LEVEL,1231,2025-09-20 15:45:00,7,15,9,injury and / or tow due to crash,"OVER $1,500",NO CONTROLS,PARKED MOTOR VEHICLE,1.0,0.0,0.0,1.0,0.0,0.0,0.0,0.0,41.8670171521,daylight,-87.6622264023,NO INDICATION OF INJURY,2,30,UNABLE TO DETERMINE,NO DEFECTS,dry,UNABLE TO DETERMINE,W,1414,no controls,DIVIDED - W/MEDIAN BARRIER,clear,,,,,,4,1,"[""FRONT-RIGHT-CORNER"", ""SIDE-LEFT""]","[""CHEVROLET"", ""SUBARU""]","[""PARKED"", ""STRAIGHT AHEAD""]","[""EQUINOX"", ""OUTBACK""]","[""Y""]","[""26""]","[""DID NOT DEPLOY""]","[""NONE""]","[""NO INDICATION OF INJURY""]",2025,9,20,15,1,afternoon,41.87,-87.66,41.87_-87.66,0,0,26.0,26.0,26.0,Other
STRAIGHT AND LEVEL,1234,2025-09-20 16:00:00,7,16,9,injury and / or tow due to crash,$500 OR LESS,NO CONTROLS,PEDALCYCLIST,1.0,0.0,1.0,1.0,0.0,0.0,1.0,0.0,41.853080276,daylight,-87.6845234805,INCAPACITATING INJURY,2,30,FAILING TO REDUCE SPEED TO AVOID CRASH,NO DEFECTS,dry,UNABLE TO DETERMINE,W,2330,no controls,NOT DIVIDED,clear,,,,,,2,1,"[""FRONT-RIGHT-CORNER""]","[""DODGE""]","[""STRAIGHT AHEAD""]","[""RAM 1500 PU""]","[""Y""]","[""22""]","[""DID NOT DEPLOY""]","[""NONE"", ""TOTALLY EJECTED""]","[""INCAPACITATING INJURY"", ""NO INDICATION OF INJURY""]",2025,9,20,16,1,afternoon,41.85,-87.68,41.85_-87.68,0,0,22.0,22.0,22.0,Speeding
STRAIGHT AND LEVEL,1132,2025-09-20 16:11:00,7,16,9,injury and / or tow due to crash,$500 OR LESS,NO CONTROLS,PARKED MOTOR VEHICLE,1.0,0.0,0.0,1.0,0.0,0.0,0.0,0.0,41.8751077651,daylight,-87.7294248303,NO INDICATION OF INJURY,2,30,UNABLE TO DETERMINE,NO DEFECTS,dry,NOT APPLICABLE,W,4137,no controls,ONE-WAY,clear,,,,,,4,0,"[""SIDE-RIGHT"", ""UNKNOWN""]","[""BUICK"", ""TOYOTA""]","[""PARKED"", ""STRAIGHT AHEAD""]","[""CAMRY"", ""REGAL""]","[""Y""]",[],"[""DEPLOYMENT UNKNOWN""]","[""NONE""]","[""NO INDICATION OF INJURY""]",2025,9,20,16,1,afternoon,41.88,-87.73,41.88_-87.73,0,0,,,,Other
STRAIGHT AND LEVEL,414,2025-09-20 16:14:00,7,16,9,injury and / or tow due to crash,"OVER $1,500",FUNCTIONING PROPERLY,ANGLE,1.0,0.0,0.0,2.0,0.0,0.0,0.0,0.0,41.7497897091,daylight,-87.5687844444,NO INDICATION OF INJURY,2,20,UNABLE TO DETERMINE,,dry,UNABLE TO DETERMINE,S,8000,stop sign/flasher,FOUR WAY,clear,,1.0,,,,4,1,"[""FRONT"", ""FRONT-LEFT-CORNER""]","[""MITSUBISHI"", ""UNKNOWN""]","[""STRAIGHT AHEAD""]","[""MIRAGE"", ""OTHER (EXPLAIN IN NARRATIVE)""]","[""Y""]","[""77""]","[""DEPLOYMENT UNKNOWN"", ""NOT APPLICABLE""]","[""NONE""]","[""NO INDICATION OF INJURY""]",2025,9,20,16,1,afternoon,41.75,-87.57,41.75_-87.57,0,0,77.0,77.0,77.0,Other
STRAIGHT AND LEVEL,833,2025-09-20 16:15:00,7,16,9,no injury / drive away,"OVER $1,500",NO CONTROLS,SIDESWIPE SAME DIRECTION,1.0,0.0,0.0,2.0,0.0,0.0,0.0,0.0,41.7712669977,daylight,-87.7227197265,NO INDICATION OF INJURY,2,10,"OPERATING VEHICLE IN ERRATIC, RECKLESS, CARELESS, NEGLIGENT OR AGGRESSIVE MANNER",NO DEFECTS,dry,UNABLE TO DETERMINE,S,6702,no controls,OTHER,clear,,,,,,4,2,"[""FRONT-LEFT-CORNER"", ""FRONT-RIGHT-CORNER""]","[""FORD"", ""TOYOTA""]","[""OTHER"", ""STRAIGHT AHEAD""]","[""EXPLORER"", ""RAV4""]",[],"[""37"", ""56""]","[""DEPLOYMENT UNKNOWN"", ""NOT APPLICABLE""]","[""NONE""]","[""NO INDICATION OF INJURY""]",2025,9,20,16,1,afternoon,41.77,-87.72,41.77_-87.72,0,0,46.5,37.0,56.0,Other
STRAIGHT AND LEVEL,1822,2025-09-20 16:35:00,7,16,9,no injury / drive away,"OVER $1,500",NO CONTROLS,SIDESWIPE SAME DIRECTION,1.0,0.0,0.0,3.0,0.0,0.0,0.0,0.0,41.9107292921,daylight,-87.6531526219,NO INDICATION OF INJURY,2,30,FOLLOWING TOO CLOSELY,NO DEFECTS,dry,IMPROPER OVERTAKING/PASSING,W,1001,no controls,DIVIDED - W/MEDIAN (NOT RAISED),clear,,,,,,4,2,"[""FRONT-LEFT-CORNER"", ""SIDE-RIGHT""]","[""HONDA"", ""TOYOTA""]","[""STRAIGHT AHEAD""]","[""CR-V"", ""RAV4""]",[],"[""46"", ""71""]","[""DEPLOYMENT UNKNOWN"", ""NOT APPLICABLE""]","[""NONE""]","[""NO INDICATION OF INJURY""]",2025,9,20,16,1,afternoon,41.91,-87.65,41.91_-87.65,0,0,58.5,46.0,71.0,Following Too Closely
STRAIGHT AND LEVEL,433,2025-09-20 16:45:00,7,16,9,no injury / drive away,"OVER $1,500",FUNCTIONING PROPERLY,TURNING,1.0,0.0,0.0,2.0,0.0,0.0,0.0,0.0,41.6661129912,daylight,-87.5590030803,NO INDICATION OF INJURY,2,30,IMPROPER LANE USAGE,NO DEFECTS,dry,NOT APPLICABLE,S,12600,traffic signal,NOT DIVIDED,clear,,1.0,,,,4,1,"[""FRONT-RIGHT-CORNER"", ""SIDE-LEFT-REAR""]","[""NISSAN"", ""UNKNOWN""]","[""TURNING LEFT""]","[""ALTIMA"", ""OTHER (EXPLAIN IN NARRATIVE)""]",[],"[""67""]","[""DEPLOYMENT UNKNOWN"", ""DID NOT DEPLOY""]","[""NONE""]","[""NO INDICATION OF INJURY""]",2025,9,20,16,1,afternoon,41.67,-87.56,41.67_-87.56,0,0,67.0,67.0,67.0,Other
STRAIGHT AND LEVEL,431,2025-09-20 16:46:00,7,16,9,no injury / drive away,$500 OR LESS,NO CONTROLS,TURNING,1.0,0.0,0.0,3.0,0.0,0.0,0.0,0.0,41.722375907,daylight,-87.5754999033,NO INDICATION OF INJURY,2,30,TURNING RIGHT ON RED,NO DEFECTS,dry,NOT APPLICABLE,S,9500,no controls,OTHER,clear,,,,,,4,1,"[""REAR"", ""UNKNOWN""]","[""FORD"", ""UNKNOWN""]","[""TURNING RIGHT""]","[""MUSTANG"", ""OTHER (EXPLAIN IN NARRATIVE)""]",[],"[""21""]","[""NOT APPLICABLE""]","[""NONE""]","[""NO INDICATION OF INJURY""]",2025,9,20,16,1,afternoon,41.72,-87.58,41.72_-87.58,0,0,21.0,21.0,21.0,Other
STRAIGHT AND LEVEL,231,2025-09-20 16:49:00,7,16,9,injury and / or tow due to crash,"OVER $1,500",FUNCTIONING PROPERLY,PARKED MOTOR VEHICLE,1.0,0.0,0.0,1.0,0.0,0.0,0.0,0.0,41.7966905861,daylight,-87.6194479354,NO INDICATION OF INJURY,3,30,FAILING TO REDUCE SPEED TO AVOID CRASH,NO DEFECTS,wet,UNABLE TO DETERMINE,E,230,stop sign/flasher,NOT DIVIDED,rain,,,,,,4,0,"[""FRONT-RIGHT-CORNER"", ""REAR"", ""REAR-LEFT-CORNER""]","[""FORD"", ""NISSAN""]","[""PARKED"", ""STRAIGHT AHEAD""]","[""ALTIMA"", ""ECONOLINE E450""]","[""Y""]",[],"[""DEPLOYMENT UNKNOWN""]","[""NONE""]","[""NO INDICATION OF INJURY""]",2025,9,20,16,1,afternoon,41.8,-87.62,41.8_-87.62,0,0,,,,Speeding