alignment,beat_of_occurrence,crash_date,crash_day_of_week,crash_hour,crash_month,crash_type,damage,device_condition,first_crash_type,hit_and_run_i,injuries_fatal,injuries_incapacitating,injuries_no_indication,injuries_non_incapacitating,injuries_reported_not_evident,injuries_total,injuries_unknown,latitude,lighting_condition,longitude,most_severe_injury,num_units,posted_speed_limit,prim_contributory_cause,road_defect,roadway_surface_cond,sec_contributory_cause,street_direction,street_no,traffic_control_device,trafficway_type,weather_condition,crash_date_est_i,intersection_related_i,work_zone_i,dooring_i,private_property_i,veh_count,ppl_count,veh_first_contact_point_list_json,veh_make_list_json,veh_maneuver_list_json,veh_model_list_json,veh_towed_i_list_json,ppl_age_list_json,ppl_airbag_deployed_list_json,ppl_ejection_list_json,ppl_injury_classification_list_json,year,month,day,hour,is_weekend,hour_bin,lat_bin,lng_bin,grid_id,veh_truck_i,veh_mc_i,ppl_age_mean,ppl_age_min,ppl_age_max,cause_group
STRAIGHT AND LEVEL,924,2025-09-20 17:00:00,7,17,9,injury and / or tow due to crash,"OVER $1,500",NO CONTROLS,PARKED MOTOR VEHICLE,1.0,0.0,0.0,1.0,0.0,0.0,0.0,0.0,41.8102754412,"darkness, lighted road",-87.669058788,NO INDICATION OF INJURY,2,30,UNABLE TO DETERMINE,NO DEFECTS,wet,UNABLE TO DETERMINE,W,1741,school zone,NOT DIVIDED,cloudy/overcast,1.0,,,,,4,0,"[""SIDE-LEFT-REAR"", ""UNKNOWN""]","[""FORD"", ""UNKNOWN""]","[""PARKED"", ""UNKNOWN/NA""]","[""EXPLORER"", ""OTHER (EXPLAIN IN NARRATIVE)""]","[""Y""]",[],"[""DEPLOYMENT UNKNOWN""]","[""UNKNOWN""]","[""NO INDICATION OF INJURY""]",2025,9,20,17,1,afternoon,41.81,-87.67,41.81_-87.67,0,0,,,,Other
STRAIGHT AND LEVEL,1831,2025-09-20 17:00:00,7,17,9,no injury / drive away,"$501 - $1,500",NO CONTROLS,PARKED MOTOR VEHICLE,1.0,0.0,0.0,1.0,0.0,0.0,0.0,0.0,41.8892152218,"darkness, lighted road",-87.6338644008,NO INDICATION OF INJURY,2,15,UNABLE TO DETERMINE,NO DEFECTS,dry,NOT APPLICABLE,N,401,no controls,PARKING LOT,clear,,,,,1.0,4,0,"[""FRONT"", ""FRONT-RIGHT-CORNER""]","[""CHEVROLET"", ""HONDA""]","[""PARKED"", ""STRAIGHT AHEAD""]","[""CR-V"", ""UPLANDER""]",[],[],"[""DID NOT DEPLOY""]","[""NONE""]","[""NO INDICATION OF INJURY""]",2025,9,20,17,1,afternoon,41.89,-87.63,41.89_-87.63,0,0,,,,Other
STRAIGHT AND LEVEL,1831,2025-09-20 17:15:00,7,17,9,no injury / drive away,"OVER $1,500",,REAR END,1.0,0.0,0.0,2.0,0.0,0.0,0.0,0.0,41.8917424442,,-87.6327324851,NO INDICATION OF INJURY,2,25,NOT APPLICABLE,,,NOT APPLICABLE,N,532,,NOT DIVIDED,,,,,,,4,1,"[""FRONT"", ""REAR""]","[""FORD"", ""LINCOLN""]","[""UNKNOWN/NA""]","[""AVIATOR"", ""ESCAPE""]",[],"[""68""]","[""DEPLOYMENT UNKNOWN"", ""NOT APPLICABLE""]","[""UNKNOWN""]","[""NO INDICATION OF INJURY""]",2025,9,20,17,1,afternoon,41.89,-87.63,41.89_-87.63,0,0,68.0,68.0,68.0,Other
STRAIGHT AND LEVEL,834,2025-09-20 17:40:00,7,17,9,no injury / drive away,"OVER $1,500",NO CONTROLS,ANGLE,1.0,0.0,0.0,2.0,0.0,0.0,0.0,0.0,41.748790364,daylight,-87.7411793005,NO INDICATION OF INJURY,2,30,FAILING TO YIELD RIGHT-OF-WAY,NO DEFECTS,dry,NOT APPLICABLE,S,7915,no controls,NOT DIVIDED,cloudy/overcast,,,,,,4,1,"[""FRONT-LEFT-CORNER"", ""SIDE-RIGHT""]","[""JEEP"", ""TOYOTA""]","[""STRAIGHT AHEAD"", ""UNKNOWN/NA""]","[""PRIUS"", ""WRANGLER""]",[],"[""37""]","[""DEPLOYMENT UNKNOWN"", ""DID NOT DEPLOY""]","[""NONE""]","[""NO INDICATION OF INJURY""]",2025,9,20,17,1,afternoon,41.75,-87.74,41.75_-87.74,0,0,37.0,37.0,37.0,Failure-to-Yield
STRAIGHT AND LEVEL,323,2025-09-20 17:54:00,7,17,9,injury and / or tow due to crash,"OVER $1,500",NO CONTROLS,ANGLE,1.0,0.0,0.0,1.0,1.0,0.0,1.0,0.0,41.7599457624,,-87.6247113873,NONINCAPACITATING INJURY,2,10,UNABLE TO DETERMINE,,,UNABLE TO DETERMINE,E,1,no controls,PARKING LOT,,,,,0.0,,3,1,"[""UNKNOWN""]","[""UNKNOWN""]","[""STRAIGHT AHEAD"", ""UNKNOWN/NA""]","[""MOTORIZED"", ""OTHER (EXPLAIN IN NARRATIVE)""]",[],"[""24""]","[""DEPLOYMENT UNKNOWN"", ""NOT APPLICABLE""]","[""NONE""]","[""NO INDICATION OF INJURY"", ""NONINCAPACITATING INJURY""]",2025,9,20,17,1,afternoon,41.76,-87.62,41.76_-87.62,0,1,24.0,24.0,24.0,Other
STRAIGHT AND LEVEL,1014,2025-09-20 18:00:00,7,18,9,no injury / drive away,"OVER $1,500",FUNCTIONING PROPERLY,REAR END,1.0,0.0,0.0,4.0,0.0,0.0,0.0,0.0,41.8559094266,daylight,-87.7164870505,NO INDICATION OF INJURY,2,30,FOLLOWING TOO CLOSELY,NO DEFECTS,dry,NOT APPLICABLE,S,1840,traffic signal,NOT DIVIDED,clear,,,,,,4,1,"[""FRONT"", ""REAR""]","[""NISSAN"", ""UNKNOWN""]","[""STRAIGHT AHEAD""]","[""ARMADA"", ""OTHER (EXPLAIN IN NARRATIVE)""]",[],"[""51""]","[""DEPLOYMENT UNKNOWN"", ""DID NOT DEPLOY""]","[""NONE"", ""UNKNOWN""]","[""NO INDICATION OF INJURY""]",2025,9,20,18,1,afternoon,41.86,-87.72,41.86_-87.72,0,0,51.0,51.0,51.0,Following Too Closely
STRAIGHT AND LEVEL,912,2025-09-20 18:00:00,7,18,9,no injury / drive away,"OVER $1,500",NO CONTROLS,PARKED MOTOR VEHICLE,1.0,0.0,0.0,1.0,0.0,0.0,0.0,0.0,41.8268387841,daylight,-87.6764659915,NO INDICATION OF INJURY,2,30,UNABLE TO DETERMINE,NO DEFECTS,dry,NOT APPLICABLE,W,2032,no controls,NOT DIVIDED,clear,,,,,,4,0,"[""FRONT"", ""UNDER CARRIAGE""]","[""NISSAN"", ""UNKNOWN""]","[""PARKED"", ""STRAIGHT AHEAD""]","[""OTHER (EXPLAIN IN NARRATIVE)"", ""SE""]",[],[],"[""DEPLOYMENT UNKNOWN""]","[""NONE""]","[""NO INDICATION OF INJURY""]",2025,9,20,18,1,afternoon,41.83,-87.68,41.83_-87.68,0,0,,,,Other
STRAIGHT AND LEVEL,1523,2025-09-20 18:00:00,7,18,9,injury and / or tow due to crash,"OVER $1,500",FUNCTIONING PROPERLY,ANGLE,1.0,0.0,0.0,1.0,0.0,2.0,2.0,0.0,41.8823981051,daylight,-87.761540817,"REPORTED, NOT EVIDENT",2,30,UNABLE TO DETERMINE,NO DEFECTS,dry,UNABLE TO DETERMINE,W,5432,stop sign/flasher,FOUR WAY,clear,,,,,,4,1,"[""FRONT"", ""SIDE-LEFT""]","[""JAGUAR"", ""UNKNOWN""]","[""STRAIGHT AHEAD""]","[""MOTORIZED"", ""XJ""]",[],"[""37""]","[""DEPLOYED, FRONT"", ""DEPLOYMENT UNKNOWN""]","[""NONE""]","[""NO INDICATION OF INJURY"", ""REPORTED, NOT EVIDENT""]",2025,9,20,18,1,afternoon,41.88,-87.76,41.88_-87.76,0,1,37.0,37.0,37.0,Other
STRAIGHT AND LEVEL,821,2025-09-20 18:28:00,7,18,9,injury and / or tow due to crash,"OVER $1,500",FUNCTIONING PROPERLY,TURNING,1.0,0.0,0.0,1.0,0.0,1.0,1.0,0.0,41.8138421438,dusk,-87.7043483367,"REPORTED, NOT EVIDENT",2,35,FAILING TO YIELD RIGHT-OF-WAY,NO DEFECTS,wet,NOT APPLICABLE,S,4356,traffic signal,Y-INTERSECTION,rain,,,,,,4,1,"[""FRONT"", ""SIDE-LEFT-REAR""]","[""FORD"", ""UNKNOWN""]","[""TURNING LEFT""]","[""MUSTANG"", ""OTHER (EXPLAIN IN NARRATIVE)""]",[],"[""36""]","[""DEPLOYMENT UNKNOWN"", ""DID NOT DEPLOY""]","[""NONE""]","[""NO INDICATION OF INJURY"", ""REPORTED, NOT EVIDENT""]",2025,9,20,18,1,afternoon,41.81,-87.7,41.81_-87.7,0,0,36.0,36.0,36.0,Failure-to-Yield
STRAIGHT AND LEVEL,1231,2025-09-20 19:00:00,7,19,9,no injury / drive away,"OVER $1,500",NO CONTROLS,PARKED MOTOR VEHICLE,1.0,0.0,0.0,1.0,0.0,0.0,0.0,0.0,41.8702091464,daylight,-87.6630325991,NO INDICATION OF INJURY,2,30,IMPROPER BACKING,NO DEFECTS,dry,IMPROPER BACKING,S,908,no controls,DIVIDED - W/MEDIAN BARRIER,clear,,,,,,4,0,"[""FRONT-LEFT-CORNER"", ""REAR""]","[""TOYOTA"", ""UNKNOWN""]","[""BACKING"", ""PARKED""]","[""OTHER (EXPLAIN IN NARRATIVE)"", ""RAV4""]",[],[],"[""DEPLOYMENT UNKNOWN""]","[""UNKNOWN""]","[""NO INDICATION OF INJURY""]",2025,9,20,19,1,evening,41.87,-87.66,41.87_-87.66,0,0,,,,DUI/Impairment
STRAIGHT AND LEVEL,1925,2025-09-20 19:00:00,7,19,9,injury and / or tow due to crash,"OVER $1,500",FUNCTIONING PROPERLY,PEDESTRIAN,1.0,0.0,0.0,1.0,1.0,1.0,2.0,0.0,41.9436609963,darkness,-87.645183607,NONINCAPACITATING INJURY,3,30,FAILING TO YIELD RIGHT-OF-WAY,NO DEFECTS,wet,FAILING TO YIELD RIGHT-OF-WAY,N,3406,traffic signal,NOT DIVIDED,rain,,,,,,2,2,"[""FRONT""]","[""UNKNOWN""]","[""TURNING LEFT""]","[""OTHER (EXPLAIN IN NARRATIVE)""]",[],"[""20"", ""29""]","[""DEPLOYMENT UNKNOWN""]","[""NONE""]","[""NO INDICATION OF INJURY"", ""NONINCAPACITATING INJURY"", ""REPORTED, NOT EVIDENT""]",2025,9,20,19,1,evening,41.94,-87.65,41.94_-87.65,0,0,24.5,20.0,29.0,Failure-to-Yield
STRAIGHT AND LEVEL,1225,2025-09-20 20:00:00,7,20,9,no injury / drive away,"OVER $1,500",NO CONTROLS,PARKED MOTOR VEHICLE,1.0,0.0,0.0,1.0,0.0,0.0,0.0,0.0,41.8745973438,,-87.6763255803,NO INDICATION OF INJURY,2,10,UNABLE TO DETERMINE,,,UNABLE TO DETERMINE,S,513,no controls,PARKING LOT,other,,,,,1.0,4,0,"[""FRONT-RIGHT-CORNER"", ""UNKNOWN""]","[""GENERAL MOTORS CORPORATION (GMC)"", ""UNKNOWN""]","[""PARKED"", ""UNKNOWN/NA""]","[""OTHER (EXPLAIN IN NARRATIVE)"", ""TERRAIN""]",[],[],"[""DEPLOYMENT UNKNOWN""]","[""NONE""]","[""NO INDICATION OF INJURY""]",2025,9,20,20,1,evening,41.87,-87.68,41.87_-87.68,0,1,,,,Other
STRAIGHT AND LEVEL,2422,2025-09-20 20:00:00,7,20,9,no injury / drive away,"$501 - $1,500",NO CONTROLS,PARKED MOTOR VEHICLE,1.0,0.0,0.0,1.0,0.0,0.0,0.0,0.0,42.0192885501,daylight,-87.6750585094,NO INDICATION OF INJURY,2,30,UNABLE TO DETERMINE,NO DEFECTS,dry,UNABLE TO DETERMINE,W,1763,no controls,PARKING LOT,clear,,,,,,4,0,"[""SIDE-LEFT"", ""SIDE-RIGHT""]","[""DODGE"", ""UNKNOWN""]","[""PARKED"", ""UNKNOWN/NA""]","[""CARAVAN"", ""MOTORIZED""]",[],[],"[""DEPLOYMENT UNKNOWN""]","[""NONE""]","[""NO INDICATION OF INJURY""]",2025,9,20,20,1,evening,42.02,-87.68,42.02_-87.68,0,1,,,,Other
STRAIGHT AND LEVEL,512,2025-09-20 20:01:00,7,20,9,injury and / or tow due to crash,"OVER $1,500",,PEDESTRIAN,1.0,0.0,0.0,1.0,1.0,0.0,1.0,0.0,41.7072900641,,-87.6081774651,NONINCAPACITATING INJURY,2,25,UNABLE TO DETERMINE,,,UNABLE TO DETERMINE,E,619,,NOT DIVIDED,,,,,,,2,1,"[""UNKNOWN""]","[""UNKNOWN""]","[""UNKNOWN/NA""]","[""OTHER (EXPLAIN IN NARRATIVE)""]",[],"[""28""]","[""DEPLOYMENT UNKNOWN""]","[""UNKNOWN""]","[""NO INDICATION OF INJURY"", ""NONINCAPACITATING INJURY""]",2025,9,20,20,1,evening,41.71,-87.61,41.71_-87.61,0,0,28.0,28.0,28.0,Other
STRAIGHT AND LEVEL,723,2025-09-20 20:30:00,7,20,9,no injury / drive away,"$501 - $1,500",NO CONTROLS,PARKED MOTOR VEHICLE,1.0,0.0,0.0,1.0,0.0,0.0,0.0,0.0,41.7767878853,"darkness, lighted road",-87.6469936307,NO INDICATION OF INJURY,2,30,FAILING TO YIELD RIGHT-OF-WAY,,wet,UNABLE TO DETERMINE,S,6437,no controls,ONE-WAY,rain,,,,,,3,0,"[""REAR-LEFT-CORNER"", ""UNKNOWN""]","[""CHEVROLET""]","[""PARKED"", ""STRAIGHT AHEAD""]","[""MALIBU"", ""TRAX""]",[],[],"[""DEPLOYMENT UNKNOWN""]","[""NONE""]","[""NO INDICATION OF INJURY""]",2025,9,20,20,1,evening,41.78,-87.65,41.78_-87.65,0,0,,,,Failure-to-Yield
STRAIGHT AND LEVEL,1824,2025-09-20 20:30:00,7,20,9,no injury / drive away,"OVER $1,500",NO CONTROLS,SIDESWIPE SAME DIRECTION,1.0,0.0,0.0,4.0,0.0,0.0,0.0,0.0,41.9009589191,"darkness, lighted road",-87.6199281737,NO INDICATION OF INJURY,3,40,UNABLE TO DETERMINE,NO DEFECTS,wet,FAILING TO REDUCE SPEED TO AVOID CRASH,N,1000,no controls,DIVIDED - W/MEDIAN BARRIER,clear,,,,,,5,1,"[""FRONT-LEFT-CORNER"", ""FRONT-RIGHT-CORNER""]","[""HONDA"", ""TOYOTA"", ""VOLKSWAGEN""]","[""SKIDDING/CONTROL LOSS"", ""STRAIGHT AHEAD""]","[""CR-V"", ""PASSAT"", ""PRIUS""]",[],"[""39""]","[""DEPLOYMENT UNKNOWN"", ""DID NOT DEPLOY""]","[""NONE"", ""UNKNOWN""]","[""NO INDICATION OF INJURY""]",2025,9,20,20,1,evening,41.9,-87.62,41.9_-87.62,0,0,39.0,39.0,39.0,Other
STRAIGHT AND LEVEL,2533,2025-09-20 20:50:00,7,20,9,no injury / drive away,"OVER $1,500",NO CONTROLS,HEAD ON,1.0,0.0,0.0,2.0,0.0,0.0,0.0,0.0,41.9168314692,"darkness, lighted road",-87.745312908,NO INDICATION OF INJURY,2,30,DRIVING ON WRONG SIDE/WRONG WAY,,dry,IMPROPER OVERTAKING/PASSING,W,4741,no controls,NOT DIVIDED,clear,,,,,,4,1,"[""FRONT""]","[""BMW"", ""FORD""]","[""DRIVING WRONG WAY"", ""SLOW/STOP IN TRAFFIC""]","[""MUSTANG"", ""OTHER (EXPLAIN IN NARRATIVE)""]",[],"[""67""]","[""DEPLOYMENT UNKNOWN"", ""NOT APPLICABLE""]","[""NONE""]","[""NO INDICATION OF INJURY""]",2025,9,20,20,1,evening,41.92,-87.75,41.92_-87.75,0,0,67.0,67.0,67.0,Other
STRAIGHT AND LEVEL,932,2025-09-20 21:10:00,7,21,9,injury and / or tow due to crash,"OVER $1,500",FUNCTIONING PROPERLY,ANGLE,1.0,0.0,0.0,2.0,0.0,0.0,0.0,0.0,41.7940133348,darkness,-87.6741591019,NO INDICATION OF INJURY,2,30,IMPROPER OVERTAKING/PASSING,NO DEFECTS,wet,NOT APPLICABLE,S,5463,traffic signal,T-INTERSECTION,rain,,,,,,4,1,"[""FRONT""]","[""KIA"", ""UNKNOWN""]","[""PASSING/OVERTAKING"", ""STRAIGHT AHEAD""]","[""OTHER (EXPLAIN IN NARRATIVE)"", ""SOUL""]","[""Y""]","[""24""]","[""NOT APPLICABLE""]","[""NONE"", ""UNKNOWN""]","[""NO INDICATION OF INJURY""]",2025,9,20,21,1,evening,41.79,-87.67,41.79_-87.67,0,0,24.0,24.0,24.0,Other
STRAIGHT AND LEVEL,715,2025-09-20 21:14:00,7,21,9,injury and / or tow due to crash,"OVER $1,500",FUNCTIONING PROPERLY,ANGLE,1.0,0.0,0.0,1.0,1.0,0.0,1.0,0.0,41.7886579718,darkness,-87.6740062187,NONINCAPACITATING INJURY,4,30,FAILING TO YIELD RIGHT-OF-WAY,NO DEFECTS,wet,UNABLE TO DETERMINE,S,5755,stop sign/flasher,FOUR WAY,clear,,,,,,5,1,"[""FRONT"", ""FRONT-LEFT-CORNER"", ""REAR-LEFT-CORNER""]","[""CHEVROLET"", ""KIA"", ""OLDSMOBILE"", ""UNKNOWN""]","[""PARKED"", ""STRAIGHT AHEAD"", ""UNKNOWN/NA""]","[""ASTRO"", ""BRAVADA"", ""FORTE"", ""MOTORIZED""]",[],"[""59""]","[""DEPLOYMENT UNKNOWN"", ""DID NOT DEPLOY""]","[""NONE""]","[""NO INDICATION OF INJURY"", ""NONINCAPACITATING INJURY""]",2025,9,20,21,1,evening,41.79,-87.67,41.79_-87.67,0,1,59.0,59.0,59.0,Failure-to-Yield
STRAIGHT AND LEVEL,623,2025-09-20 21:28:00,7,21,9,no injury / drive away,"OVER $1,500",FUNCTIONING PROPERLY,HEAD ON,1.0,0.0,0.0,2.0,0.0,0.0,0.0,0.0,41.7562857008,darkness,-87.6324066628,NO INDICATION OF INJURY,2,30,FAILING TO YIELD RIGHT-OF-WAY,NO DEFECTS,wet,NOT APPLICABLE,S,7600,traffic signal,FOUR WAY,rain,,,,,,4,1,"[""FRONT""]","[""CHEVROLET"", ""NISSAN""]","[""STRAIGHT AHEAD""]","[""ALTIMA"", ""SILVERADO""]",[],"[""56""]","[""DEPLOYMENT UNKNOWN"", ""NOT APPLICABLE""]","[""NONE"", ""UNKNOWN""]","[""NO INDICATION OF INJURY""]",2025,9,20,21,1,evening,41.76,-87.63,41.76_-87.63,0,0,56.0,56.0,56.0,Failure-to-Yield
STRAIGHT AND LEVEL,1832,2025-09-20 21:30:00,7,21,9,no injury / drive away,"OVER $1,500",NO CONTROLS,PARKED MOTOR VEHICLE,1.0,0.0,0.0,1.0,0.0,0.0,0.0,0.0,41.8955683487,"darkness, lighted road",-87.6282518615,NO INDICATION OF INJURY,2,10,UNABLE TO DETERMINE,NO DEFECTS,dry,UNABLE TO DETERMINE,W,1,no controls,PARKING LOT,clear,,,,,1.0,4,0,"[""REAR-RIGHT-CORNER"", ""UNKNOWN""]","[""AUDI"", ""UNKNOWN""]","[""PARKED"", ""UNKNOWN/NA""]","[""A3"", ""OTHER (EXPLAIN IN NARRATIVE)""]",[],[],"[""DEPLOYMENT UNKNOWN""]","[""NONE""]","[""NO INDICATION OF INJURY""]",2025,9,20,21,1,evening,41.9,-87.63,41.9_-87.63,0,0,,,,Other
STRAIGHT AND LEVEL,835,2025-09-20 21:50:00,7,21,9,no injury / drive away,"OVER $1,500",NO CONTROLS,PARKED MOTOR VEHICLE,1.0,0.0,0.0,3.0,0.0,0.0,0.0,0.0,41.7527987972,"darkness, lighted road",-87.7023340783,NO INDICATION OF INJURY,2,30,FAILING TO REDUCE SPEED TO AVOID CRASH,NO DEFECTS,dry,UNABLE TO DETERMINE,S,7723,no controls,NOT DIVIDED,clear,,,,,,4,2,"[""UNKNOWN""]","[""CHEVROLET"", ""GENERAL MOTORS CORPORATION (GMC)""]","[""PARKED IN TRAFFIC LANE"", ""STRAIGHT AHEAD""]","[""OTHER (EXPLAIN IN NARRATIVE)"", ""YUKON""]",[],"[""24"", ""3""]","[""DEPLOYMENT UNKNOWN"", ""NOT APPLICABLE""]","[""NONE""]","[""NO INDICATION OF INJURY""]",2025,9,20,21,1,evening,41.75,-87.7,41.75_-87.7,0,1,13.5,3.0,24.0,Speeding
STRAIGHT AND LEVEL,124,2025-09-20 22:00:00,7,22,9,injury and / or tow due to crash,"OVER $1,500",FUNCTIONING PROPERLY,PEDALCYCLIST,1.0,0.0,0.0,1.0,1.0,0.0,1.0,0.0,41.8669015974,"darkness, lighted road",-87.6405682481,NONINCAPACITATING INJURY,2,30,FAILING TO REDUCE SPEED TO AVOID CRASH,NO DEFECTS,wet,NOT APPLICABLE,S,1211,traffic signal,NOT DIVIDED,clear,,1.0,,,,2,1,"[""SIDE-LEFT-FRONT""]","[""MERCEDES-BENZ""]","[""STRAIGHT AHEAD""]","[""C300""]",[],"[""31""]","[""NOT APPLICABLE""]","[""NONE""]","[""NO INDICATION OF INJURY"", ""NONINCAPACITATING INJURY""]",2025,9,20,22,1,evening,41.87,-87.64,41.87_-87.64,0,0,31.0,31.0,31.0,Speeding
STRAIGHT AND LEVEL,424,2025-09-20 22:01:00,7,22,9,injury and / or tow due to crash,"OVER $1,500",FUNCTIONING PROPERLY,REAR END,1.0,0.0,0.0,3.0,0.0,0.0,0.0,0.0,41.7373739463,"darkness, lighted road",-87.5430052179,NO INDICATION OF INJURY,2,30,FOLLOWING TOO CLOSELY,NO DEFECTS,wet,UNABLE TO DETERMINE,E,3333,traffic signal,DIVIDED - W/MEDIAN (NOT RAISED),rain,,1.0,,,,4,2,"[""FRONT"", ""REAR""]","[""CHEVROLET"", ""CHRYSLER""]","[""SLOW/STOP IN TRAFFIC"", ""STRAIGHT AHEAD""]","[""200"", ""EQUINOX""]","[""Y""]","[""30"", ""54""]","[""DEPLOYMENT UNKNOWN"", ""DID NOT DEPLOY""]","[""NONE""]","[""NO INDICATION OF INJURY""]",2025,9,20,22,1,evening,41.74,-87.54,41.74_-87.54,0,0,42.0,30.0,54.0,Following Too Closely
STRAIGHT AND LEVEL,623,2025-09-20 22:06:00,7,22,9,injury and / or tow due to crash,"OVER $1,500",FUNCTIONING PROPERLY,ANGLE,1.0,0.0,0.0,1.0,3.0,0.0,3.0,0.0,41.756231795,"darkness, lighted road",-87.6324323658,NONINCAPACITATING INJURY,2,30,DISREGARDING TRAFFIC SIGNALS,NO DEFECTS,dry,UNABLE TO DETERMINE,S,7602,traffic signal,FOUR WAY,clear,,1.0,,,,4,3,"[""UNKNOWN""]","[""ALFA ROMEO"", ""TOYOTA""]","[""STRAIGHT AHEAD""]","[""CAMRY"", ""STELVIO""]","[""Y""]","[""20"", ""27"", ""46""]","[""DEPLOYED, FRONT"", ""DEPLOYMENT UNKNOWN"", ""DID NOT DEPLOY""]","[""NONE"", ""UNKNOWN""]","[""NO INDICATION OF INJURY"", ""NONINCAPACITATING INJURY""]",2025,9,20,22,1,evening,41.76,-87.63,41.76_-87.63,0,0,31.0,20.0,46.0,Other
STRAIGHT AND LEVEL,2521,2025-09-20 22:10:00,7,22,9,injury and / or tow due to crash,"OVER $1,500",NO CONTROLS,PARKED MOTOR VEHICLE,1.0,0.0,0.0,1.0,0.0,0.0,0.0,0.0,41.9251704423,"darkness, lighted road",-87.7560602484,NO INDICATION OF INJURY,2,30,UNABLE TO DETERMINE,NO DEFECTS,wet,NOT APPLICABLE,W,5198,no controls,ONE-WAY,rain,,,,,,4,0,"[""FRONT"", ""REAR""]","[""MITSUBISHI"", ""SUBARU""]","[""PARKED"", ""UNKNOWN/NA""]","[""OTHER (EXPLAIN IN NARRATIVE)"", ""WRX""]","[""Y""]",[],"[""DEPLOYMENT UNKNOWN""]","[""NONE""]","[""NO INDICATION OF INJURY""]",2025,9,20,22,1,evening,41.93,-87.76,41.93_-87.76,0,0,,,,Other
STRAIGHT AND LEVEL,1914,2025-09-20 22:30:00,7,22,9,injury and / or tow due to crash,"OVER $1,500",FUNCTIONING PROPERLY,REAR END,1.0,0.0,0.0,1.0,0.0,1.0,1.0,0.0,41.9689820543,"darkness, lighted road",-87.6547033367,"REPORTED, NOT EVIDENT",2,30,UNABLE TO DETERMINE,NO DEFECTS,dry,NOT APPLICABLE,W,997,stop sign/flasher,NOT DIVIDED,clear,,,,,1.0,4,1,"[""FRONT"", ""REAR-LEFT-CORNER""]","[""ACURA"", ""TOYOTA""]","[""STRAIGHT AHEAD""]","[""CAMRY"", ""TLX""]",[],"[""38""]","[""DEPLOYMENT UNKNOWN"", ""NOT APPLICABLE""]","[""NONE""]","[""NO INDICATION OF INJURY"", ""REPORTED, NOT EVIDENT""]",2025,9,20,22,1,evening,41.97,-87.65,41.97_-87.65,0,0,38.0,38.0,38.0,Other
STRAIGHT AND LEVEL,1622,2025-09-20 22:35:00,7,22,9,no injury / drive away,"OVER $1,500",NO CONTROLS,REAR TO FRONT,1.0,0.0,0.0,4.0,0.0,0.0,0.0,0.0,41.9767014663,"darkness, lighted road",-87.7684264173,NO INDICATION OF INJURY,2,30,UNABLE TO DETERMINE,NO DEFECTS,dry,UNABLE TO DETERMINE,N,5301,no controls,,clear,1.0,,,,,4,1,"[""FRONT"", ""REAR""]","[""CHEVROLET"", ""TESLA""]","[""ENTERING TRAFFIC LANE FROM PARKING"", ""OTHER""]","[""IMPALA"", ""MODEL 3""]",[],"[""23""]","[""DEPLOYMENT UNKNOWN"", ""NOT APPLICABLE""]","[""NONE"", ""UNKNOWN""]","[""NO INDICATION OF INJURY""]",2025,9,20,22,1,evening,41.98,-87.77,41.98_-87.77,0,0,23.0,23.0,23.0,Other
STRAIGHT AND LEVEL,1623,2025-09-20 22:40:00,7,22,9,injury and / or tow due to crash,"OVER $1,500",FUNCTIONING PROPERLY,ANGLE,1.0,0.0,0.0,2.0,1.0,0.0,1.0,0.0,41.9814353382,"darkness, lighted road",-87.7682250463,NONINCAPACITATING INJURY,3,30,DISREGARDING STOP SIGN,NO DEFECTS,dry,FAILING TO REDUCE SPEED TO AVOID CRASH,N,5509,stop sign/flasher,NOT DIVIDED,clear,,1.0,,,,5,1,"[""FRONT"", ""FRONT-LEFT-CORNER"", ""REAR-RIGHT-CORNER""]","[""HONDA"", ""NOVA BUS"", ""TESLA""]","[""PARKED"", ""STRAIGHT AHEAD""]","[""CR-V"", ""MODEL 3"", ""OTHER (EXPLAIN IN NARRATIVE)""]","[""Y""]","[""46""]","[""DEPLOYED, COMBINATION"", ""NOT APPLICABLE""]","[""NONE""]","[""NO INDICATION OF INJURY"", ""NONINCAPACITATING INJURY""]",2025,9,20,22,1,evening,41.98,-87.77,41.98_-87.77,0,0,46.0,46.0,46.0,Other