alignment,beat_of_occurrence,crash_date,crash_day_of_week,crash_hour,crash_month,crash_type,damage,device_condition,first_crash_type,hit_and_run_i,injuries_fatal,injuries_incapacitating,injuries_no_indication,injuries_non_incapacitating,injuries_reported_not_evident,injuries_total,injuries_unknown,latitude,lighting_condition,longitude,most_severe_injury,num_units,posted_speed_limit,prim_contributory_cause,road_defect,roadway_surface_cond,sec_contributory_cause,street_direction,street_no,traffic_control_device,trafficway_type,weather_condition,crash_date_est_i,intersection_related_i,work_zone_i,dooring_i,private_property_i,veh_count,ppl_count,veh_first_contact_point_list_json,veh_make_list_json,veh_maneuver_list_json,veh_model_list_json,veh_towed_i_list_json,ppl_age_list_json,ppl_airbag_deployed_list_json,ppl_ejection_list_json,ppl_injury_classification_list_json,year,month,day,hour,is_weekend,hour_bin,lat_bin,lng_bin,grid_id,veh_truck_i,veh_mc_i,ppl_age_mean,ppl_age_min,ppl_age_max,cause_group
STRAIGHT AND LEVEL,1133,2025-09-20 23:10:00,7,23,9,no injury / drive away,"$501 - $1,500",FUNCTIONING PROPERLY,TURNING,1.0,0.0,0.0,2.0,0.0,0.0,0.0,0.0,41.8736241188,"darkness, lighted road",-87.7204065573,NO INDICATION OF INJURY,2,30,IMPROPER LANE USAGE,NO DEFECTS,wet,FAILING TO YIELD RIGHT-OF-WAY,W,3800,traffic signal,FOUR WAY,rain,,1.0,,,,4,1,"[""FRONT-RIGHT-CORNER"", ""SIDE-LEFT""]","[""HONDA"", ""INFINITI""]","[""STRAIGHT AHEAD"", ""TURNING LEFT""]","[""CIVIC"", ""OTHER (EXPLAIN IN NARRATIVE)""]",[],"[""22""]","[""DEPLOYMENT UNKNOWN"", ""NOT APPLICABLE""]","[""NONE""]","[""NO INDICATION OF INJURY""]",2025,9,20,23,1,evening,41.87,-87.72,41.87_-87.72,0,0,22.0,22.0,22.0,Other
STRAIGHT AND LEVEL,1021,2025-09-20 23:10:00,7,23,9,injury and / or tow due to crash,"$501 - $1,500",NO CONTROLS,PEDESTRIAN,1.0,0.0,0.0,1.0,1.0,0.0,1.0,0.0,41.8620738764,"darkness, lighted road",-87.7105679707,NONINCAPACITATING INJURY,2,30,UNABLE TO DETERMINE,NO DEFECTS,wet,NOT APPLICABLE,S,1410,no controls,NOT DIVIDED,clear,,,,,,2,1,"[""FRONT-LEFT-CORNER""]","[""UNKNOWN""]","[""STRAIGHT AHEAD""]","[""OTHER (EXPLAIN IN NARRATIVE)""]",[],"[""30""]","[""DEPLOYMENT UNKNOWN""]","[""NONE""]","[""NO INDICATION OF INJURY"", ""NONINCAPACITATING INJURY""]",2025,9,20,23,1,evening,41.86,-87.71,41.86_-87.71,0,0,30.0,30.0,30.0,Other
STRAIGHT AND LEVEL,312,2025-09-20 23:14:00,7,23,9,no injury / drive away,"OVER $1,500",,SIDESWIPE SAME DIRECTION,1.0,0.0,0.0,2.0,0.0,0.0,0.0,0.0,41.7801482643,"darkness, lighted road",-87.6145521353,NO INDICATION OF INJURY,2,30,UNABLE TO DETERMINE,,other,NOT APPLICABLE,E,425,,FOUR WAY,cloudy/overcast,,,,,,4,1,"[""FRONT-RIGHT-CORNER"", ""SIDE-LEFT""]","[""CHEVROLET"", ""LAND ROVER""]","[""STRAIGHT AHEAD""]","[""DEFENDER"", ""MALIBU""]",[],"[""21""]","[""DEPLOYMENT UNKNOWN""]","[""NONE"", ""UNKNOWN""]","[""NO INDICATION OF INJURY""]",2025,9,20,23,1,evening,41.78,-87.61,41.78_-87.61,0,0,21.0,21.0,21.0,Other
STRAIGHT AND LEVEL,835,2025-09-20 23:19:00,7,23,9,injury and / or tow due to crash,"OVER $1,500",NO CONTROLS,PARKED MOTOR VEHICLE,1.0,0.0,0.0,4.0,0.0,0.0,0.0,0.0,41.7376470434,"darkness, lighted road",-87.6917275799,NO INDICATION OF INJURY,2,10,FOLLOWING TOO CLOSELY,NO DEFECTS,dry,NOT APPLICABLE,W,2751,no controls,NOT DIVIDED,clear,,,,,,4,0,"[""FRONT"", ""FRONT-LEFT-CORNER""]","[""FORD"", ""MITSUBISHI""]","[""PARKED"", ""STRAIGHT AHEAD""]","[""ECLIPSE"", ""ESCAPE""]","[""Y""]",[],"[""DEPLOYED, FRONT"", ""DID NOT DEPLOY"", ""NOT APPLICABLE""]","[""NONE""]","[""NO INDICATION OF INJURY""]",2025,9,20,23,1,evening,41.74,-87.69,41.74_-87.69,0,0,,,,Following Too Closely
STRAIGHT AND LEVEL,432,2025-09-20 23:26:00,7,23,9,injury and / or tow due to crash,"OVER $1,500",NO CONTROLS,FIXED OBJECT,1.0,0.0,0.0,1.0,0.0,0.0,0.0,0.0,41.7223164717,"darkness, lighted road",-87.5332347334,NO INDICATION OF INJURY,1,30,UNABLE TO DETERMINE,NO DEFECTS,wet,UNABLE TO DETERMINE,E,3730,no controls,NOT DIVIDED,clear,,,,,,2,0,"[""FRONT""]","[""CHEVROLET""]","[""STRAIGHT AHEAD""]","[""SILVERADO""]","[""Y""]",[],"[""DEPLOYED, FRONT""]","[""NONE""]","[""NO INDICATION OF INJURY""]",2025,9,20,23,1,evening,41.72,-87.53,41.72_-87.53,0,0,,,,Other
STRAIGHT AND LEVEL,234,2025-09-21 00:30:00,1,0,9,no injury / drive away,"OVER $1,500",,SIDESWIPE SAME DIRECTION,1.0,0.0,0.0,2.0,0.0,0.0,0.0,0.0,41.8024704203,,-87.5817779276,NO INDICATION OF INJURY,2,30,UNABLE TO DETERMINE,,,DRIVING SKILLS/KNOWLEDGE/EXPERIENCE,S,5100,no controls,NOT DIVIDED,,,,,,,4,1,"[""SIDE-LEFT"", ""SIDE-RIGHT""]","[""CHEVROLET"", ""UNKNOWN""]","[""STRAIGHT AHEAD""]","[""BLAZER"", ""OTHER (EXPLAIN IN NARRATIVE)""]",[],"[""38""]","[""DEPLOYMENT UNKNOWN"", ""NOT APPLICABLE""]","[""NONE""]","[""NO INDICATION OF INJURY""]",2025,9,21,0,1,night,41.8,-87.58,41.8_-87.58,0,0,38.0,38.0,38.0,Other
STRAIGHT AND LEVEL,632,2025-09-21 00:30:00,1,0,9,no injury / drive away,"OVER $1,500",FUNCTIONING PROPERLY,REAR END,0.0,0.0,0.0,4.0,0.0,0.0,0.0,0.0,41.7383698914,darkness,-87.6050189968,NO INDICATION OF INJURY,2,30,UNABLE TO DETERMINE,,,NOT APPLICABLE,S,8600,traffic signal,NOT DIVIDED,clear,,,,,,4,1,"[""FRONT"", ""REAR""]","[""CHEVROLET"", ""JEEP""]","[""STRAIGHT AHEAD""]","[""OTHER (EXPLAIN IN NARRATIVE)"", ""RENEGADE""]",[],"[""31""]","[""DEPLOYMENT UNKNOWN"", ""DID NOT DEPLOY""]","[""NONE""]","[""NO INDICATION OF INJURY""]",2025,9,21,0,1,night,41.74,-87.61,41.74_-87.61,0,0,31.0,31.0,31.0,Other
STRAIGHT AND LEVEL,815,2025-09-21 00:35:00,1,0,9,no injury / drive away,"OVER $1,500",FUNCTIONING PROPERLY,REAR END,1.0,0.0,0.0,2.0,0.0,0.0,0.0,0.0,41.8077519558,"darkness, lighted road",-87.7258823749,NO INDICATION OF INJURY,2,35,FOLLOWING TOO CLOSELY,NO DEFECTS,dry,FAILING TO REDUCE SPEED TO AVOID CRASH,S,4701,stop sign/flasher,ONE-WAY,clear,,,,,,4,1,"[""FRONT"", ""REAR""]","[""CHEVROLET"", ""MAZDA""]","[""SLOW/STOP IN TRAFFIC"", ""STRAIGHT AHEAD""]","[""MALIBU"", ""OTHER (EXPLAIN IN NARRATIVE)""]",[],"[""32""]","[""DEPLOYMENT UNKNOWN"", ""NOT APPLICABLE""]","[""NONE""]","[""NO INDICATION OF INJURY""]",2025,9,21,0,1,night,41.81,-87.73,41.81_-87.73,0,0,32.0,32.0,32.0,Following Too Closely
"CURVE, LEVEL",2422,2025-09-21 00:50:00,1,0,9,injury and / or tow due to crash,"OVER $1,500",,FIXED OBJECT,1.0,0.0,0.0,1.0,0.0,0.0,0.0,0.0,42.0226518702,darkness,-87.6663073503,NO INDICATION OF INJURY,1,25,UNABLE TO DETERMINE,,wet,UNABLE TO DETERMINE,N,7758,traffic signal,DIVIDED - W/MEDIAN (NOT RAISED),rain,1.0,,,,,2,0,"[""FRONT-RIGHT-CORNER""]","[""VOLKSWAGEN""]","[""UNKNOWN/NA""]","[""TIGUAN""]","[""Y""]",[],"[""DEPLOYED, COMBINATION""]","[""NONE""]","[""NO INDICATION OF INJURY""]",2025,9,21,0,1,night,42.02,-87.67,42.02_-87.67,0,0,,,,Other
STRAIGHT AND LEVEL,1225,2025-09-21 01:00:00,1,1,9,no injury / drive away,"$501 - $1,500",NO CONTROLS,PARKED MOTOR VEHICLE,1.0,0.0,0.0,1.0,0.0,0.0,0.0,0.0,41.8786126179,,-87.6784526888,NO INDICATION OF INJURY,2,20,UNABLE TO DETERMINE,NO DEFECTS,dry,NOT APPLICABLE,W,2047,no controls,NOT DIVIDED,,1.0,,,,,4,0,"[""REAR-LEFT-CORNER"", ""UNKNOWN""]","[""FORD"", ""UNKNOWN""]","[""PARKED"", ""UNKNOWN/NA""]","[""ESCAPE"", ""OTHER (EXPLAIN IN NARRATIVE)""]",[],[],"[""DEPLOYMENT UNKNOWN""]","[""NONE""]","[""NO INDICATION OF INJURY""]",2025,9,21,1,1,night,41.88,-87.68,41.88_-87.68,0,0,,,,Other
STRAIGHT AND LEVEL,1811,2025-09-21 01:00:00,1,1,9,no injury / drive away,"OVER $1,500",,PARKED MOTOR VEHICLE,1.0,0.0,0.0,1.0,0.0,0.0,0.0,0.0,41.9148257868,"darkness, lighted road",-87.6533999838,NO INDICATION OF INJURY,2,30,UNABLE TO DETERMINE,,,UNABLE TO DETERMINE,N,1830,,NOT DIVIDED,clear,,,,,,4,0,"[""SIDE-LEFT"", ""UNKNOWN""]","[""JEEP"", ""UNKNOWN""]","[""PARKED"", ""UNKNOWN/NA""]","[""CHEROKEE"", ""OTHER (EXPLAIN IN NARRATIVE)""]",[],[],"[""DEPLOYMENT UNKNOWN""]","[""UNKNOWN""]","[""NO INDICATION OF INJURY""]",2025,9,21,1,1,night,41.91,-87.65,41.91_-87.65,0,0,,,,Other
STRAIGHT AND LEVEL,1031,2025-09-21 01:12:00,1,1,9,no injury / drive away,"OVER $1,500",NO CONTROLS,PARKED MOTOR VEHICLE,1.0,0.0,0.0,1.0,0.0,0.0,0.0,0.0,41.8359171808,"darkness, lighted road",-87.7192982405,NO INDICATION OF INJURY,4,30,UNABLE TO DETERMINE,NO DEFECTS,wet,UNABLE TO DETERMINE,S,3135,no controls,ONE-WAY,rain,,,,,,5,0,"[""FRONT-LEFT-CORNER"", ""FRONT-RIGHT-CORNER"", ""REAR"", ""SIDE-LEFT""]","[""LEXUS"", ""TOYOTA"", ""UNKNOWN""]","[""PARKED"", ""UNKNOWN/NA""]","[""OTHER (EXPLAIN IN NARRATIVE)"", ""RAV4"", ""RX"", ""TACOMA""]",[],[],"[""DEPLOYMENT UNKNOWN""]","[""UNKNOWN""]","[""NO INDICATION OF INJURY""]",2025,9,21,1,1,night,41.84,-87.72,41.84_-87.72,0,0,,,,Other
STRAIGHT AND LEVEL,1823,2025-09-21 01:30:00,1,1,9,no injury / drive away,"$501 - $1,500",FUNCTIONING PROPERLY,REAR END,1.0,0.0,0.0,2.0,0.0,0.0,0.0,0.0,41.903656038,"darkness, lighted road",-87.6400225038,NO INDICATION OF INJURY,2,30,UNABLE TO DETERMINE,,dry,NOT APPLICABLE,W,443,traffic signal,FOUR WAY,clear,,,,,,4,1,"[""FRONT"", ""REAR""]","[""TOYOTA"", ""UNKNOWN""]","[""SLOW/STOP IN TRAFFIC"", ""STRAIGHT AHEAD""]","[""MOTORIZED"", ""PRIUS""]",[],"[""48""]","[""DEPLOYMENT UNKNOWN"", ""DID NOT DEPLOY""]","[""NONE""]","[""NO INDICATION OF INJURY""]",2025,9,21,1,1,night,41.9,-87.64,41.9_-87.64,0,1,48.0,48.0,48.0,Other
STRAIGHT AND LEVEL,122,2025-09-21 01:30:00,1,1,9,no injury / drive away,"OVER $1,500",,REAR END,1.0,0.0,0.0,2.0,0.0,0.0,0.0,0.0,41.884067765,,-87.632281664,NO INDICATION OF INJURY,2,25,NOT APPLICABLE,,,NOT APPLICABLE,N,133,,NOT DIVIDED,,,,,,,4,1,"[""FRONT"", ""REAR""]","[""BMW"", ""PORSCHE""]","[""UNKNOWN/NA""]","[""5 SERIES"", ""MACAN""]",[],"[""27""]","[""DEPLOYMENT UNKNOWN"", ""NOT APPLICABLE""]","[""NONE""]","[""NO INDICATION OF INJURY""]",2025,9,21,1,1,night,41.88,-87.63,41.88_-87.63,0,0,27.0,27.0,27.0,Other
STRAIGHT AND LEVEL,2212,2025-09-21 02:00:00,1,2,9,no injury / drive away,"OVER $1,500",NO CONTROLS,SIDESWIPE SAME DIRECTION,1.0,0.0,0.0,2.0,0.0,0.0,0.0,0.0,41.6788439529,"darkness, lighted road",-87.6808968259,NO INDICATION OF INJURY,2,30,UNABLE TO DETERMINE,,dry,NOT APPLICABLE,S,11800,no controls,NOT DIVIDED,clear,,,,,,4,0,"[""REAR"", ""SIDE-RIGHT""]","[""CHEVROLET"", ""HONDA""]","[""STRAIGHT AHEAD""]","[""CR-V"", ""OTHER (EXPLAIN IN NARRATIVE)""]",[],[],"[""DEPLOYMENT UNKNOWN"", ""DID NOT DEPLOY""]","[""NONE""]","[""NO INDICATION OF INJURY""]",2025,9,21,2,1,night,41.68,-87.68,41.68_-87.68,0,0,,,,Other
STRAIGHT AND LEVEL,1031,2025-09-21 02:00:00,1,2,9,no injury / drive away,"OVER $1,500",NO CONTROLS,PARKED MOTOR VEHICLE,0.0,0.0,0.0,1.0,0.0,0.0,0.0,0.0,41.8428409041,darkness,-87.7207007718,NO INDICATION OF INJURY,2,25,UNABLE TO DETERMINE,NO DEFECTS,dry,UNABLE TO DETERMINE,S,2649,no controls,ONE-WAY,clear,1.0,,,,,4,0,"[""FRONT-RIGHT-CORNER"", ""SIDE-LEFT""]","[""CHEVROLET"", ""FORD""]","[""PARKED"", ""UNKNOWN/NA""]","[""FOCUS"", ""SILVERADO""]",[],[],"[""DEPLOYMENT UNKNOWN""]","[""NONE""]","[""NO INDICATION OF INJURY""]",2025,9,21,2,1,night,41.84,-87.72,41.84_-87.72,0,0,,,,Other
STRAIGHT AND LEVEL,212,2025-09-21 02:30:00,1,2,9,no injury / drive away,"$501 - $1,500",NO CONTROLS,SIDESWIPE SAME DIRECTION,1.0,0.0,0.0,2.0,0.0,0.0,0.0,0.0,41.8311117688,"darkness, lighted road",-87.6062745353,NO INDICATION OF INJURY,2,45,IMPROPER OVERTAKING/PASSING,NO DEFECTS,dry,NOT APPLICABLE,S,3500,no controls,OTHER,clear,,,,,,4,1,"[""SIDE-LEFT"", ""SIDE-RIGHT""]","[""MAZDA"", ""UNKNOWN""]","[""STRAIGHT AHEAD""]","[""CX-5"", ""OTHER (EXPLAIN IN NARRATIVE)""]",[],"[""19""]","[""DEPLOYMENT UNKNOWN"", ""DID NOT DEPLOY""]","[""NONE""]","[""NO INDICATION OF INJURY""]",2025,9,21,2,1,night,41.83,-87.61,41.83_-87.61,0,0,19.0,19.0,19.0,Other
STRAIGHT AND LEVEL,114,2025-09-21 03:00:00,1,3,9,no injury / drive away,"$501 - $1,500",NO CONTROLS,PARKED MOTOR VEHICLE,1.0,0.0,0.0,1.0,0.0,0.0,0.0,0.0,41.8794917607,"darkness, lighted road",-87.6242043888,NO INDICATION OF INJURY,2,30,UNABLE TO DETERMINE,,,NOT APPLICABLE,S,201,no controls,,clear,,,,,,3,0,"[""FRONT"", ""UNKNOWN""]","[""HYUNDAI"", ""UNKNOWN""]","[""PARKED"", ""UNKNOWN/NA""]","[""OTHER (EXPLAIN IN NARRATIVE)""]",[],[],"[""DEPLOYMENT UNKNOWN""]","[""NONE""]","[""NO INDICATION OF INJURY""]",2025,9,21,3,1,night,41.88,-87.62,41.88_-87.62,0,0,,,,Other
STRAIGHT AND LEVEL,2533,2025-09-21 03:05:00,1,3,9,injury and / or tow due to crash,"OVER $1,500",NO CONTROLS,HEAD ON,1.0,0.0,0.0,1.0,1.0,0.0,1.0,0.0,41.9120465334,"darkness, lighted road",-87.7494056619,NONINCAPACITATING INJURY,2,25,UNABLE TO DETERMINE,NO DEFECTS,dry,UNABLE TO DETERMINE,N,1720,no controls,NOT DIVIDED,clear,,,,,,4,1,"[""FRONT""]","[""HYUNDAI"", ""UNKNOWN""]","[""STRAIGHT AHEAD"", ""UNKNOWN/NA""]","[""GENESIS"", ""MOTORIZED""]","[""Y""]","[""25""]","[""DEPLOYED, COMBINATION"", ""DEPLOYMENT UNKNOWN""]","[""NONE"", ""UNKNOWN""]","[""NO INDICATION OF INJURY"", ""NONINCAPACITATING INJURY""]",2025,9,21,3,1,night,41.91,-87.75,41.91_-87.75,0,1,25.0,25.0,25.0,Other
STRAIGHT AND LEVEL,522,2025-09-21 03:17:00,1,3,9,injury and / or tow due to crash,"OVER $1,500",FUNCTIONING PROPERLY,ANGLE,1.0,0.0,0.0,1.0,1.0,1.0,2.0,0.0,41.6851692166,"darkness, lighted road",-87.6278337937,NONINCAPACITATING INJURY,2,30,DISREGARDING TRAFFIC SIGNALS,NO DEFECTS,dry,NOT APPLICABLE,S,11500,traffic signal,NOT DIVIDED,clear,,,,,,4,2,"[""FRONT""]","[""FORD"", ""PONTIAC""]","[""STRAIGHT AHEAD""]","[""EXPLORER"", ""GRAND AM""]","[""Y""]","[""36"", ""41""]","[""DEPLOYED, COMBINATION"", ""DEPLOYMENT UNKNOWN""]","[""NONE""]","[""NO INDICATION OF INJURY"", ""NONINCAPACITATING INJURY"", ""REPORTED, NOT EVIDENT""]",2025,9,21,3,1,night,41.69,-87.63,41.69_-87.63,0,0,38.5,36.0,41.0,Other
STRAIGHT AND LEVEL,1722,2025-09-21 04:00:00,1,4,9,no injury / drive away,"OVER $1,500",NO CONTROLS,PARKED MOTOR VEHICLE,1.0,0.0,0.0,1.0,0.0,0.0,0.0,0.0,41.9577722934,,-87.7278834195,NO INDICATION OF INJURY,2,30,IMPROPER OVERTAKING/PASSING,NO DEFECTS,dry,UNABLE TO DETERMINE,N,4214,no controls,DIVIDED - W/MEDIAN (NOT RAISED),clear,,,,,,4,0,"[""SIDE-LEFT"", ""SIDE-RIGHT""]","[""UNKNOWN"", ""VOLKSWAGEN""]","[""PARKED"", ""UNKNOWN/NA""]","[""ATLAS"", ""OTHER (EXPLAIN IN NARRATIVE)""]",[],[],"[""DEPLOYMENT UNKNOWN""]","[""NONE""]","[""NO INDICATION OF INJURY""]",2025,9,21,4,1,night,41.96,-87.73,41.96_-87.73,0,0,,,,Other
STRAIGHT AND LEVEL,614,2025-09-21 04:05:00,1,4,9,no injury / drive away,"OVER $1,500",NO CONTROLS,PARKED MOTOR VEHICLE,1.0,0.0,0.0,1.0,0.0,0.0,0.0,0.0,41.7393572582,"darkness, lighted road",-87.6620851694,NO INDICATION OF INJURY,2,30,UNABLE TO DETERMINE,,dry,UNABLE TO DETERMINE,S,8500,no controls,ONE-WAY,clear,,,,,,4,0,"[""SIDE-LEFT"", ""SIDE-RIGHT""]","[""DODGE"", ""FORD""]","[""PARKED"", ""UNKNOWN/NA""]","[""JOURNEY"", ""MUSTANG""]",[],[],"[""DEPLOYMENT UNKNOWN""]","[""NONE""]","[""NO INDICATION OF INJURY""]",2025,9,21,4,1,night,41.74,-87.66,41.74_-87.66,0,0,,,,Other
STRAIGHT AND LEVEL,1113,2025-09-21 04:20:00,1,4,9,injury and / or tow due to crash,"OVER $1,500",FUNCTIONING PROPERLY,HEAD ON,1.0,0.0,0.0,4.0,0.0,0.0,0.0,0.0,41.8854516289,darkness,-87.7403985043,NO INDICATION OF INJURY,2,30,UNABLE TO DETERMINE,,,UNABLE TO DETERMINE,N,300,stop sign/flasher,FOUR WAY,,,1.0,,,,3,1,"[""FRONT""]","[""UNKNOWN"", ""VOLKSWAGEN""]","[""UNKNOWN/NA""]","[""OTHER (EXPLAIN IN NARRATIVE)""]","[""Y""]","[""31""]","[""DEPLOYMENT UNKNOWN"", ""DID NOT DEPLOY""]","[""NONE""]","[""NO INDICATION OF INJURY""]",2025,9,21,4,1,night,41.89,-87.74,41.89_-87.74,0,0,31.0,31.0,31.0,Other
STRAIGHT AND LEVEL,323,2025-09-21 04:40:00,1,4,9,no injury / drive away,"OVER $1,500",FUNCTIONING PROPERLY,TURNING,1.0,0.0,0.0,3.0,0.0,0.0,0.0,0.0,41.7654513146,"darkness, lighted road",-87.6151113491,NO INDICATION OF INJURY,2,30,UNABLE TO DETERMINE,NO DEFECTS,,NOT APPLICABLE,S,7107,traffic signal,FOUR WAY,clear,,1.0,,,,3,2,"[""FRONT-LEFT-CORNER"", ""FRONT-RIGHT-CORNER""]","[""HYUNDAI""]","[""PASSING/OVERTAKING"", ""TURNING RIGHT""]","[""ELANTRA"", ""SONATA""]",[],"[""39"", ""41""]","[""DEPLOYMENT UNKNOWN"", ""DID NOT DEPLOY""]","[""NONE""]","[""NO INDICATION OF INJURY""]",2025,9,21,4,1,night,41.77,-87.62,41.77_-87.62,0,0,40.0,39.0,41.0,Other
STRAIGHT AND LEVEL,1731,2025-09-21 04:45:00,1,4,9,injury and / or tow due to crash,"OVER $1,500",NO CONTROLS,PARKED MOTOR VEHICLE,1.0,0.0,0.0,1.0,0.0,0.0,0.0,0.0,41.9390373979,"darkness, lighted road",-87.7395610769,NO INDICATION OF INJURY,2,30,IMPROPER LANE USAGE,NO DEFECTS,dry,NOT APPLICABLE,W,4500,no controls,DIVIDED - W/MEDIAN (NOT RAISED),clear,,,,,,4,0,"[""REAR"", ""UNKNOWN""]","[""HONDA"", ""SUBARU""]","[""PARKED"", ""STRAIGHT AHEAD""]","[""CIVIC"", ""OTHER (EXPLAIN IN NARRATIVE)""]","[""Y""]",[],"[""DEPLOYMENT UNKNOWN""]","[""NONE""]","[""NO INDICATION OF INJURY""]",2025,9,21,4,1,night,41.94,-87.74,41.94_-87.74,0,0,,,,Other
STRAIGHT AND LEVEL,1934,2025-09-21 05:15:00,1,5,9,no injury / drive away,"OVER $1,500",NO CONTROLS,HEAD ON,1.0,0.0,0.0,2.0,0.0,0.0,0.0,0.0,41.9356742273,"darkness, lighted road",-87.6454961138,NO INDICATION OF INJURY,4,30,DRIVING ON WRONG SIDE/WRONG WAY,NO DEFECTS,wet,"OPERATING VEHICLE IN ERRATIC, RECKLESS, CARELESS, NEGLIGENT OR AGGRESSIVE MANNER",W,630,no controls,ONE-WAY,rain,,,,,,5,1,"[""FRONT-LEFT-CORNER"", ""UNKNOWN""]","[""FORD"", ""SUBARU"", ""UNKNOWN""]","[""PARKED"", ""STRAIGHT AHEAD""]","[""EXPLORER"", ""IMPREZA"", ""OTHER (EXPLAIN IN NARRATIVE)""]",[],"[""50""]","[""DEPLOYMENT UNKNOWN"", ""DID NOT DEPLOY""]","[""NONE""]","[""NO INDICATION OF INJURY""]",2025,9,21,5,1,night,41.94,-87.65,41.94_-87.65,0,0,50.0,50.0,50.0,Other
STRAIGHT AND LEVEL,1831,2025-09-21 05:20:00,1,5,9,no injury / drive away,"$501 - $1,500",NO CONTROLS,ANGLE,1.0,0.0,0.0,2.0,0.0,0.0,0.0,0.0,41.894066648,dusk,-87.6365931854,NO INDICATION OF INJURY,2,35,UNABLE TO DETERMINE,NO DEFECTS,dry,NOT APPLICABLE,W,320,,NOT DIVIDED,clear,,,,,,4,0,"[""FRONT-LEFT-CORNER"", ""FRONT-RIGHT-CORNER""]","[""MITSUBISHI"", ""UNKNOWN""]","[""STRAIGHT AHEAD""]","[""OTHER (EXPLAIN IN NARRATIVE)"", ""OUTLANDER""]",[],[],"[""DEPLOYMENT UNKNOWN"", ""NOT APPLICABLE""]","[""NONE""]","[""NO INDICATION OF INJURY""]",2025,9,21,5,1,night,41.89,-87.64,41.89_-87.64,0,0,,,,Other
STRAIGHT AND LEVEL,2535,2025-09-21 05:30:00,1,5,9,injury and / or tow due to crash,$500 OR LESS,NO CONTROLS,PEDESTRIAN,1.0,0.0,0.0,1.0,0.0,2.0,2.0,0.0,41.9171388511,"darkness, lighted road",-87.7195924632,"REPORTED, NOT EVIDENT",3,30,IMPROPER OVERTAKING/PASSING,NO DEFECTS,dry,NOT APPLICABLE,W,3709,no controls,DIVIDED - W/MEDIAN (NOT RAISED),clear,,,,,,2,1,"[""UNKNOWN""]","[""UNKNOWN""]","[""PASSING/OVERTAKING""]","[""OTHER (EXPLAIN IN NARRATIVE)""]",[],"[""44""]","[""DEPLOYMENT UNKNOWN""]","[""NONE""]","[""NO INDICATION OF INJURY"", ""REPORTED, NOT EVIDENT""]",2025,9,21,5,1,night,41.92,-87.72,41.92_-87.72,0,0,44.0,44.0,44.0,Other
STRAIGHT AND LEVEL,1923,2025-09-21 05:55:00,1,5,9,injury and / or tow due to crash,"OVER $1,500",NO CONTROLS,PARKED MOTOR VEHICLE,1.0,0.0,0.0,1.0,0.0,0.0,0.0,0.0,41.9509737395,"darkness, lighted road",-87.6570106776,NO INDICATION OF INJURY,3,25,UNABLE TO DETERMINE,NO DEFECTS,wet,NOT APPLICABLE,W,1101,no controls,NOT DIVIDED,rain,,,,,,5,0,"[""FRONT-RIGHT-CORNER"", ""SIDE-LEFT-REAR"", ""SIDE-RIGHT-REAR""]","[""JEEP"", ""KIA"", ""SUBARU""]","[""PARKED"", ""STRAIGHT AHEAD""]","[""CHEROKEE"", ""FORTE"", ""IMPREZA""]","[""Y""]",[],"[""DEPLOYED, FRONT""]","[""NONE""]","[""NO INDICATION OF INJURY""]",2025,9,21,5,1,night,41.95,-87.66,41.95_-87.66,0,0,,,,Other
STRAIGHT AND LEVEL,2522,2025-09-21 06:00:00,1,6,9,no injury / drive away,"OVER $1,500",NO CONTROLS,PARKED MOTOR VEHICLE,1.0,0.0,0.0,1.0,0.0,0.0,0.0,0.0,41.9209017606,dawn,-87.7387520791,NO INDICATION OF INJURY,2,25,UNABLE TO DETERMINE,,,UNABLE TO DETERMINE,N,2207,no controls,ONE-WAY,clear,1.0,,,,,4,0,"[""UNKNOWN""]","[""MITSUBISHI"", ""UNKNOWN""]","[""PARKED"", ""UNKNOWN/NA""]","[""LANCER"", ""MOTORIZED""]",[],[],"[""DEPLOYMENT UNKNOWN""]","[""NONE""]","[""NO INDICATION OF INJURY""]",2025,9,21,6,1,night,41.92,-87.74,41.92_-87.74,0,1,,,,Other