alignment,beat_of_occurrence,crash_date,crash_day_of_week,crash_hour,crash_month,crash_type,damage,device_condition,first_crash_type,hit_and_run_i,injuries_fatal,injuries_incapacitating,injuries_no_indication,injuries_non_incapacitating,injuries_reported_not_evident,injuries_total,injuries_unknown,latitude,lighting_condition,longitude,most_severe_injury,num_units,posted_speed_limit,prim_contributory_cause,road_defect,roadway_surface_cond,sec_contributory_cause,street_direction,street_no,traffic_control_device,trafficway_type,weather_condition,crash_date_est_i,intersection_related_i,work_zone_i,dooring_i,private_property_i,veh_count,ppl_count,veh_first_contact_point_list_json,veh_make_list_json,veh_maneuver_list_json,veh_model_list_json,veh_towed_i_list_json,ppl_age_list_json,ppl_airbag_deployed_list_json,ppl_ejection_list_json,ppl_injury_classification_list_json,year,month,day,hour,is_weekend,hour_bin,lat_bin,lng_bin,grid_id,veh_truck_i,veh_mc_i,ppl_age_mean,ppl_age_min,ppl_age_max,cause_group
STRAIGHT AND LEVEL,1412,2025-09-21 06:15:00,1,6,9,no injury / drive away,"OVER $1,500",NO CONTROLS,REAR END,1.0,0.0,0.0,2.0,0.0,0.0,0.0,0.0,41.9321395417,daylight,-87.7074869119,NO INDICATION OF INJURY,2,30,DISREGARDING STOP SIGN,,wet,UNABLE TO DETERMINE,W,3200,no controls,NOT DIVIDED,rain,,,,,,4,1,"[""FRONT"", ""REAR""]","[""ACURA"", ""UNKNOWN""]","[""STRAIGHT AHEAD""]","[""OTHER (EXPLAIN IN NARRATIVE)"", ""TLX""]",[],"[""76""]","[""DEPLOYMENT UNKNOWN"", ""DID NOT DEPLOY""]","[""NONE""]","[""NO INDICATION OF INJURY""]",2025,9,21,6,1,night,41.93,-87.71,41.93_-87.71,0,0,76.0,76.0,76.0,Other
STRAIGHT AND LEVEL,1512,2025-09-21 08:40:00,1,8,9,injury and / or tow due to crash,"$501 - $1,500",NO CONTROLS,SIDESWIPE OPPOSITE DIRECTION,1.0,0.0,0.0,1.0,2.0,1.0,3.0,0.0,41.8822239804,daylight,-87.7741368335,NONINCAPACITATING INJURY,2,30,UNABLE TO DETERMINE,NO DEFECTS,wet,UNABLE TO DETERMINE,W,5956,no controls,DIVIDED - W/MEDIAN (NOT RAISED),cloudy/overcast,,,,,,3,3,"[""FRONT-LEFT-CORNER"", ""SIDE-LEFT-REAR""]","[""TOYOTA""]","[""STRAIGHT AHEAD"", ""UNKNOWN/NA""]","[""COROLLA"", ""OTHER (EXPLAIN IN NARRATIVE)""]",[],"[""32"", ""40"", ""50""]","[""DEPLOYMENT UNKNOWN"", ""DID NOT DEPLOY""]","[""UNKNOWN""]","[""NO INDICATION OF INJURY"", ""NONINCAPACITATING INJURY"", ""REPORTED, NOT EVIDENT""]",2025,9,21,8,1,morning,41.88,-87.77,41.88_-87.77,0,0,40.666666666666664,32.0,50.0,Other
STRAIGHT AND LEVEL,2521,2025-09-21 08:45:00,1,8,9,no injury / drive away,"OVER $1,500",NO CONTROLS,PARKED MOTOR VEHICLE,1.0,0.0,0.0,1.0,0.0,0.0,0.0,0.0,41.9334788916,daylight,-87.7457906796,NO INDICATION OF INJURY,2,25,UNABLE TO DETERMINE,NO DEFECTS,dry,UNABLE TO DETERMINE,W,4738,no controls,ONE-WAY,clear,,,,,,4,0,"[""SIDE-LEFT"", ""UNKNOWN""]","[""LEXUS"", ""UNKNOWN""]","[""PARKED"", ""UNKNOWN/NA""]","[""OTHER (EXPLAIN IN NARRATIVE)"", ""RX330""]",[],[],"[""DEPLOYMENT UNKNOWN""]","[""NONE""]","[""NO INDICATION OF INJURY""]",2025,9,21,8,1,morning,41.93,-87.75,41.93_-87.75,0,0,,,,Other
STRAIGHT AND LEVEL,733,2025-09-21 08:45:00,1,8,9,injury and / or tow due to crash,"OVER $1,500",NO CONTROLS,PARKED MOTOR VEHICLE,1.0,0.0,0.0,1.0,0.0,0.0,0.0,0.0,41.7631676144,daylight,-87.6527067693,NO INDICATION OF INJURY,3,30,UNABLE TO DETERMINE,NO DEFECTS,wet,UNABLE TO DETERMINE,S,7201,no controls,ONE-WAY,clear,,,,,,5,0,"[""FRONT-LEFT-CORNER"", ""REAR"", ""SIDE-RIGHT""]","[""CHEVROLET"", ""FORD"", ""UNKNOWN""]","[""PARKED"", ""TURNING LEFT""]","[""EQUINOX"", ""ESCAPE"", ""OTHER (EXPLAIN IN NARRATIVE)""]","[""Y""]",[],"[""DEPLOYMENT UNKNOWN""]","[""NONE""]","[""NO INDICATION OF INJURY""]",2025,9,21,8,1,morning,41.76,-87.65,41.76_-87.65,0,0,,,,Other
STRAIGHT AND LEVEL,1113,2025-09-21 09:00:00,1,9,9,no injury / drive away,"OVER $1,500",,PARKED MOTOR VEHICLE,1.0,0.0,0.0,1.0,0.0,0.0,0.0,0.0,41.8769903549,,-87.7423839842,NO INDICATION OF INJURY,2,20,UNABLE TO DETERMINE,NO DEFECTS,dry,UNABLE TO DETERMINE,W,4652,,NOT DIVIDED,clear,,,,,,4,0,"[""REAR-LEFT-CORNER"", ""UNKNOWN""]","[""CHEVROLET"", ""UNKNOWN""]","[""PARKED"", ""UNKNOWN/NA""]","[""CRUZE"", ""MOTORIZED""]",[],[],"[""DEPLOYMENT UNKNOWN""]","[""UNKNOWN""]","[""NO INDICATION OF INJURY""]",2025,9,21,9,1,morning,41.88,-87.74,41.88_-87.74,0,1,,,,Other
STRAIGHT AND LEVEL,923,2025-09-21 09:30:00,1,9,9,no injury / drive away,"$501 - $1,500",FUNCTIONING PROPERLY,REAR END,1.0,0.0,0.0,2.0,0.0,0.0,0.0,0.0,41.801234297,daylight,-87.6843737344,NO INDICATION OF INJURY,2,30,UNABLE TO DETERMINE,NO DEFECTS,dry,NOT APPLICABLE,S,5058,traffic signal,CENTER TURN LANE,clear,,0.0,,,,4,1,"[""FRONT"", ""REAR""]","[""NISSAN"", ""TESLA""]","[""STRAIGHT AHEAD""]","[""MODEL Y"", ""MURANO""]",[],"[""40""]","[""DEPLOYMENT UNKNOWN"", ""DID NOT DEPLOY""]","[""NONE""]","[""NO INDICATION OF INJURY""]",2025,9,21,9,1,morning,41.8,-87.68,41.8_-87.68,0,0,40.0,40.0,40.0,Other
STRAIGHT AND LEVEL,735,2025-09-21 09:30:00,1,9,9,no injury / drive away,"OVER $1,500",NO CONTROLS,PARKED MOTOR VEHICLE,0.0,0.0,0.0,1.0,0.0,0.0,0.0,0.0,41.7677082511,daylight,-87.6652541934,NO INDICATION OF INJURY,2,30,UNABLE TO DETERMINE,NO DEFECTS,wet,NOT APPLICABLE,S,6926,no controls,NOT DIVIDED,clear,,,,,,4,0,"[""FRONT""]","[""KIA"", ""UNKNOWN""]","[""DRIVING WRONG WAY"", ""PARKED""]","[""ENCLOSED BODY"", ""FORTE""]",[],[],"[""DID NOT DEPLOY""]","[""NONE""]","[""NO INDICATION OF INJURY""]",2025,9,21,9,1,morning,41.77,-87.67,41.77_-87.67,0,0,,,,Other
STRAIGHT AND LEVEL,1512,2025-09-21 09:42:00,1,9,9,injury and / or tow due to crash,"OVER $1,500",NO CONTROLS,ANGLE,1.0,0.0,0.0,0.0,1.0,1.0,2.0,0.0,41.8899485102,daylight,-87.7698180275,NONINCAPACITATING INJURY,2,30,UNABLE TO DETERMINE,NO DEFECTS,wet,NOT APPLICABLE,N,527,stop sign/flasher,T-INTERSECTION,clear,,1.0,,,,4,2,"[""FRONT"", ""SIDE-LEFT-REAR""]","[""CHEVROLET"", ""JEEP""]","[""STRAIGHT AHEAD""]","[""CHEROKEE"", ""EQUINOX""]","[""Y""]","[""37"", ""63""]","[""DEPLOYED, COMBINATION"", ""DID NOT DEPLOY""]","[""NONE""]","[""NONINCAPACITATING INJURY"", ""REPORTED, NOT EVIDENT""]",2025,9,21,9,1,morning,41.89,-87.77,41.89_-87.77,0,0,50.0,37.0,63.0,Other
STRAIGHT AND LEVEL,522,2025-09-21 10:00:00,1,10,9,no injury / drive away,"OVER $1,500",NO CONTROLS,PARKED MOTOR VEHICLE,1.0,0.0,0.0,1.0,0.0,0.0,0.0,0.0,41.6846016546,daylight,-87.6278159399,NO INDICATION OF INJURY,2,30,IMPROPER LANE USAGE,NO DEFECTS,dry,NOT APPLICABLE,S,11520,no controls,DIVIDED - W/MEDIAN (NOT RAISED),clear,,,,,,4,0,"[""SIDE-LEFT"", ""UNKNOWN""]","[""FORD"", ""UNKNOWN""]","[""PARKED"", ""UNKNOWN/NA""]","[""FUSION"", ""OTHER (EXPLAIN IN NARRATIVE)""]",[],[],"[""DEPLOYMENT UNKNOWN""]","[""NONE""]","[""NO INDICATION OF INJURY""]",2025,9,21,10,1,morning,41.68,-87.63,41.68_-87.63,0,0,,,,Other
STRAIGHT AND LEVEL,835,2025-09-21 10:00:00,1,10,9,no injury / drive away,"OVER $1,500",NO CONTROLS,PARKED MOTOR VEHICLE,1.0,0.0,0.0,1.0,0.0,0.0,0.0,0.0,41.755024392,"darkness, lighted road",-87.7117189281,NO INDICATION OF INJURY,2,20,UNABLE TO DETERMINE,NO DEFECTS,dry,UNABLE TO DETERMINE,W,3547,no controls,NOT DIVIDED,clear,,,,,,4,0,"[""SIDE-LEFT-REAR"", ""UNKNOWN""]","[""CHEVROLET"", ""UNKNOWN""]","[""PARKED"", ""UNKNOWN/NA""]","[""MALIBU"", ""OTHER (EXPLAIN IN NARRATIVE)""]",[],[],"[""DEPLOYMENT UNKNOWN""]","[""NONE""]","[""NO INDICATION OF INJURY""]",2025,9,21,10,1,morning,41.76,-87.71,41.76_-87.71,0,0,,,,Other
STRAIGHT AND LEVEL,612,2025-09-21 10:00:00,1,10,9,no injury / drive away,"OVER $1,500",NO CONTROLS,PARKED MOTOR VEHICLE,1.0,0.0,0.0,1.0,0.0,0.0,0.0,0.0,41.752189561,daylight,-87.6550054575,NO INDICATION OF INJURY,2,35,UNABLE TO DETERMINE,NO DEFECTS,dry,UNABLE TO DETERMINE,W,1231,no controls,ONE-WAY,clear,,,,,,4,0,"[""OTHER"", ""UNKNOWN""]","[""BUICK"", ""UNKNOWN""]","[""OTHER"", ""PARKED""]","[""ENCORE"", ""OTHER (EXPLAIN IN NARRATIVE)""]",[],[],"[""DEPLOYMENT UNKNOWN""]","[""NONE""]","[""NO INDICATION OF INJURY""]",2025,9,21,10,1,morning,41.75,-87.66,41.75_-87.66,0,0,,,,Other
STRAIGHT AND LEVEL,511,2025-09-21 10:17:00,1,10,9,no injury / drive away,"OVER $1,500",NO CONTROLS,PARKED MOTOR VEHICLE,1.0,0.0,0.0,1.0,0.0,0.0,0.0,0.0,41.7118609443,daylight,-87.6214299505,NO INDICATION OF INJURY,2,30,DRIVING SKILLS/KNOWLEDGE/EXPERIENCE,NO DEFECTS,dry,UNABLE TO DETERMINE,E,58,no controls,ONE-WAY,clear,,,,,,4,0,"[""FRONT-LEFT-CORNER"", ""SIDE-RIGHT-REAR""]","[""FORD"", ""KIA""]","[""PARKED"", ""PASSING/OVERTAKING""]","[""OPTIMA / K5"", ""VAN""]",[],[],"[""DID NOT DEPLOY""]","[""NONE""]","[""NO INDICATION OF INJURY""]",2025,9,21,10,1,morning,41.71,-87.62,41.71_-87.62,0,0,,,,Other
STRAIGHT AND LEVEL,1121,2025-09-21 10:40:00,1,10,9,injury and / or tow due to crash,"OVER $1,500",NO CONTROLS,TURNING,1.0,0.0,0.0,6.0,0.0,0.0,0.0,0.0,41.8955817425,daylight,-87.715240811,NO INDICATION OF INJURY,2,30,UNABLE TO DETERMINE,NO DEFECTS,dry,NOT APPLICABLE,W,3534,no controls,DIVIDED - W/MEDIAN (NOT RAISED),clear,,,,,,2,5,"[""FRONT-LEFT-CORNER"", ""FRONT-RIGHT-CORNER""]","[""NISSAN""]","[""ENTERING TRAFFIC LANE FROM PARKING"", ""U-TURN""]","[""ROGUE""]","[""Y""]","[""11"", ""16"", ""38"", ""39"", ""9""]","[""DEPLOYMENT UNKNOWN"", ""NOT APPLICABLE""]","[""NONE""]","[""NO INDICATION OF INJURY""]",2025,9,21,10,1,morning,41.9,-87.72,41.9_-87.72,0,0,22.6,9.0,39.0,Other
STRAIGHT AND LEVEL,1511,2025-09-21 11:00:00,1,11,9,no injury / drive away,$500 OR LESS,,PARKED MOTOR VEHICLE,1.0,0.0,0.0,1.0,0.0,0.0,0.0,0.0,41.8983711921,daylight,-87.7666726808,NO INDICATION OF INJURY,2,25,NOT APPLICABLE,,dry,NOT APPLICABLE,W,5631,,ONE-WAY,clear,,0.0,,,,4,0,"[""SIDE-LEFT"", ""UNKNOWN""]","[""NISSAN"", ""UNKNOWN""]","[""PARKED"", ""UNKNOWN/NA""]","[""ALTIMA"", ""MOTORIZED""]",[],[],"[""DEPLOYMENT UNKNOWN""]","[""NONE""]","[""NO INDICATION OF INJURY""]",2025,9,21,11,1,morning,41.9,-87.77,41.9_-87.77,0,1,,,,Other
STRAIGHT AND LEVEL,411,2025-09-21 11:00:00,1,11,9,injury and / or tow due to crash,"OVER $1,500",NO CONTROLS,PEDALCYCLIST,1.0,0.0,1.0,1.0,0.0,0.0,1.0,0.0,41.7512923702,daylight,-87.5941242144,INCAPACITATING INJURY,2,20,FAILING TO YIELD RIGHT-OF-WAY,NO DEFECTS,wet,FAILING TO YIELD RIGHT-OF-WAY,E,1235,stop sign/flasher,ONE-WAY,clear,,,,1.0,,2,1,"[""FRONT""]","[""TOYOTA""]","[""STRAIGHT AHEAD""]","[""OTHER (EXPLAIN IN NARRATIVE)""]",[],"[""66""]","[""DEPLOYMENT UNKNOWN""]","[""NONE"", ""TOTALLY EJECTED""]","[""INCAPACITATING INJURY"", ""NO INDICATION OF INJURY""]",2025,9,21,11,1,morning,41.75,-87.59,41.75_-87.59,0,0,66.0,66.0,66.0,Failure-to-Yield
STRAIGHT AND LEVEL,1133,2025-09-21 11:00:00,1,11,9,no injury / drive away,"$501 - $1,500",NO CONTROLS,PARKED MOTOR VEHICLE,1.0,0.0,0.0,1.0,0.0,0.0,0.0,0.0,41.8718928356,daylight,-87.7135816128,NO INDICATION OF INJURY,2,30,UNABLE TO DETERMINE,,,NOT APPLICABLE,W,3508,no controls,ONE-WAY,,,,,,,4,0,"[""FRONT-RIGHT-CORNER"", ""REAR-LEFT-CORNER""]","[""FORD"", ""HONDA""]","[""PARKED"", ""STRAIGHT AHEAD""]","[""CIVIC"", ""ESCAPE""]",[],[],"[""DEPLOYMENT UNKNOWN""]","[""NONE""]","[""NO INDICATION OF INJURY""]",2025,9,21,11,1,morning,41.87,-87.71,41.87_-87.71,0,0,,,,Other
STRAIGHT AND LEVEL,2433,2025-09-21 11:50:00,1,11,9,no injury / drive away,"$501 - $1,500",NO CONTROLS,PARKED MOTOR VEHICLE,1.0,0.0,0.0,1.0,0.0,0.0,0.0,0.0,41.9944802912,,-87.6572579851,NO INDICATION OF INJURY,2,30,IMPROPER OVERTAKING/PASSING,,,IMPROPER OVERTAKING/PASSING,W,1043,no controls,PARKING LOT,,,,,,1.0,4,0,"[""SIDE-LEFT-REAR"", ""UNKNOWN""]","[""KIA"", ""NISSAN""]","[""PARKED"", ""PASSING/OVERTAKING""]","[""TELLURIDE"", ""VERSA""]",[],[],"[""DEPLOYMENT UNKNOWN""]","[""NONE""]","[""NO INDICATION OF INJURY""]",2025,9,21,11,1,morning,41.99,-87.66,41.99_-87.66,0,0,,,,Other
STRAIGHT AND LEVEL,2433,2025-09-21 12:00:00,1,12,9,no injury / drive away,$500 OR LESS,NO CONTROLS,PARKED MOTOR VEHICLE,1.0,0.0,0.0,1.0,0.0,0.0,0.0,0.0,41.9958857355,daylight,-87.6568445747,NO INDICATION OF INJURY,2,15,UNABLE TO DETERMINE,,dry,UNABLE TO DETERMINE,N,6241,no controls,PARKING LOT,clear,,,,,,4,0,"[""FRONT-RIGHT-CORNER"", ""UNKNOWN""]","[""HONDA"", ""UNKNOWN""]","[""PARKED"", ""UNKNOWN/NA""]","[""ACCORD"", ""MOTORIZED""]",[],[],"[""DEPLOYMENT UNKNOWN""]","[""UNKNOWN""]","[""NO INDICATION OF INJURY""]",2025,9,21,12,1,morning,42.0,-87.66,42.0_-87.66,0,1,,,,Other
STRAIGHT AND LEVEL,1112,2025-09-21 12:20:00,1,12,9,no injury / drive away,"$501 - $1,500",NO CONTROLS,PARKED MOTOR VEHICLE,1.0,0.0,0.0,1.0,0.0,0.0,0.0,0.0,41.8988749605,daylight,-87.7260426077,NO INDICATION OF INJURY,2,30,NOT APPLICABLE,,dry,UNABLE TO DETERMINE,N,957,no controls,PARKING LOT,clear,,,,,1.0,4,0,"[""REAR-LEFT-CORNER"", ""UNKNOWN""]","[""DODGE"", ""UNKNOWN""]","[""PARKED"", ""UNKNOWN/NA""]","[""DURANGO"", ""MOTORIZED""]",[],[],"[""DEPLOYMENT UNKNOWN""]","[""UNKNOWN""]","[""NO INDICATION OF INJURY""]",2025,9,21,12,1,morning,41.9,-87.73,41.9_-87.73,0,1,,,,Other
STRAIGHT AND LEVEL,2521,2025-09-21 12:42:00,1,12,9,no injury / drive away,"$501 - $1,500",FUNCTIONING PROPERLY,SIDESWIPE SAME DIRECTION,0.0,0.0,0.0,2.0,0.0,0.0,0.0,0.0,41.9290768263,daylight,-87.7466403699,NO INDICATION OF INJURY,2,30,IMPROPER OVERTAKING/PASSING,NO DEFECTS,dry,IMPROPER OVERTAKING/PASSING,N,2640,traffic signal,NOT DIVIDED,clear,,,,,,4,1,"[""FRONT-LEFT-CORNER"", ""SIDE-RIGHT""]","[""CHEVROLET"", ""MAZDA""]","[""PASSING/OVERTAKING"", ""STRAIGHT AHEAD""]","[""CX-30"", ""MALIBU""]",[],"[""39""]","[""NOT APPLICABLE""]","[""NONE""]","[""NO INDICATION OF INJURY""]",2025,9,21,12,1,morning,41.93,-87.75,41.93_-87.75,0,0,39.0,39.0,39.0,Other
STRAIGHT AND LEVEL,1911,2025-09-21 12:45:00,1,12,9,no injury / drive away,"OVER $1,500",NO CONTROLS,PARKED MOTOR VEHICLE,1.0,0.0,0.0,1.0,0.0,0.0,0.0,0.0,41.9632892256,daylight,-87.6857430931,NO INDICATION OF INJURY,2,20,UNABLE TO DETERMINE,,,NOT APPLICABLE,W,2246,no controls,ONE-WAY,,,,,,,4,0,"[""FRONT-LEFT-CORNER"", ""SIDE-LEFT-REAR""]","[""TOYOTA"", ""VOLKSWAGEN""]","[""PARKED"", ""STRAIGHT AHEAD""]","[""SIENNA"", ""TIGUAN""]",[],[],"[""DEPLOYMENT UNKNOWN""]","[""UNKNOWN""]","[""NO INDICATION OF INJURY""]",2025,9,21,12,1,morning,41.96,-87.69,41.96_-87.69,0,0,,,,Other
STRAIGHT AND LEVEL,2513,2025-09-21 12:50:00,1,12,9,injury and / or tow due to crash,"OVER $1,500",FUNCTIONING PROPERLY,REAR END,1.0,0.0,0.0,2.0,0.0,2.0,2.0,0.0,41.90898946,daylight,-87.8043628415,"REPORTED, NOT EVIDENT",2,30,FAILING TO REDUCE SPEED TO AVOID CRASH,NO DEFECTS,dry,FAILING TO REDUCE SPEED TO AVOID CRASH,W,7158,traffic signal,DIVIDED - W/MEDIAN BARRIER,clear,,,,,,4,3,"[""FRONT"", ""REAR""]","[""HONDA"", ""NISSAN""]","[""SLOW/STOP IN TRAFFIC"", ""STRAIGHT AHEAD""]","[""CR-V"", ""SENTRA""]",[],"[""5"", ""68"", ""69""]","[""DEPLOYMENT UNKNOWN"", ""DID NOT DEPLOY""]","[""NONE""]","[""NO INDICATION OF INJURY"", ""REPORTED, NOT EVIDENT""]",2025,9,21,12,1,morning,41.91,-87.8,41.91_-87.8,0,0,47.333333333333336,5.0,69.0,Speeding
STRAIGHT AND LEVEL,614,2025-09-21 12:54:00,1,12,9,no injury / drive away,"OVER $1,500",NO CONTROLS,PARKED MOTOR VEHICLE,1.0,0.0,0.0,1.0,0.0,0.0,0.0,0.0,41.7456949035,daylight,-87.6695336908,NO INDICATION OF INJURY,2,30,NOT APPLICABLE,NO DEFECTS,dry,NOT APPLICABLE,S,8130,no controls,ONE-WAY,clear,,,,,,3,0,"[""FRONT-LEFT-CORNER"", ""UNKNOWN""]","[""CHEVROLET""]","[""PARKED"", ""STRAIGHT AHEAD""]","[""OTHER (EXPLAIN IN NARRATIVE)"", ""TRAVERSE""]",[],[],"[""DEPLOYMENT UNKNOWN""]","[""NONE""]","[""NO INDICATION OF INJURY""]",2025,9,21,12,1,morning,41.75,-87.67,41.75_-87.67,0,0,,,,Other
STRAIGHT AND LEVEL,2223,2025-09-21 13:15:00,1,13,9,injury and / or tow due to crash,"OVER $1,500",FUNCTIONING PROPERLY,ANGLE,1.0,0.0,0.0,1.0,1.0,1.0,2.0,0.0,41.7159914656,daylight,-87.6417058385,NONINCAPACITATING INJURY,2,35,UNABLE TO DETERMINE,NO DEFECTS,dry,UNABLE TO DETERMINE,S,9801,stop sign/flasher,FOUR WAY,clear,,1.0,,,,4,1,"[""FRONT-RIGHT-CORNER"", ""REAR-LEFT-CORNER""]","[""GENERAL MOTORS CORPORATION (GMC)"", ""HYUNDAI""]","[""STRAIGHT AHEAD""]","[""ACADIA"", ""SANTA FE""]","[""Y""]","[""39""]","[""DEPLOYED, COMBINATION"", ""DEPLOYMENT UNKNOWN""]","[""NONE""]","[""NO INDICATION OF INJURY"", ""NONINCAPACITATING INJURY"", ""REPORTED, NOT EVIDENT""]",2025,9,21,13,1,afternoon,41.72,-87.64,41.72_-87.64,0,1,39.0,39.0,39.0,Other
STRAIGHT AND LEVEL,735,2025-09-21 13:28:00,1,13,9,injury and / or tow due to crash,"OVER $1,500",FUNCTIONING PROPERLY,TURNING,1.0,0.0,0.0,2.0,0.0,0.0,0.0,0.0,41.7648593824,daylight,-87.6639401763,NO INDICATION OF INJURY,2,30,FAILING TO YIELD RIGHT-OF-WAY,NO DEFECTS,dry,FAILING TO YIELD RIGHT-OF-WAY,S,7100,traffic signal,DIVIDED - W/MEDIAN (NOT RAISED),clear,,1.0,,,,4,1,"[""FRONT""]","[""CHEVROLET"", ""FORD""]","[""STRAIGHT AHEAD"", ""TURNING LEFT""]","[""FUSION"", ""IMPALA""]","[""Y""]","[""65""]","[""DEPLOYED, FRONT"", ""DID NOT DEPLOY""]","[""NONE"", ""UNKNOWN""]","[""NO INDICATION OF INJURY""]",2025,9,21,13,1,afternoon,41.76,-87.66,41.76_-87.66,0,0,65.0,65.0,65.0,Failure-to-Yield
STRAIGHT AND LEVEL,2533,2025-09-21 13:30:00,1,13,9,no injury / drive away,"OVER $1,500",NO CONTROLS,ANGLE,1.0,0.0,0.0,2.0,0.0,0.0,0.0,0.0,41.9147480719,daylight,-87.7458721147,NO INDICATION OF INJURY,2,20,UNABLE TO DETERMINE,NO DEFECTS,dry,UNABLE TO DETERMINE,N,1851,no controls,PARKING LOT,clear,,,,,,4,1,"[""REAR"", ""SIDE-LEFT""]","[""CHEVROLET"", ""UNKNOWN""]","[""BACKING"", ""SLOW/STOP IN TRAFFIC""]","[""EQUINOX"", ""OTHER (EXPLAIN IN NARRATIVE)""]",[],"[""57""]","[""DEPLOYMENT UNKNOWN"", ""DID NOT DEPLOY""]","[""NONE""]","[""NO INDICATION OF INJURY""]",2025,9,21,13,1,afternoon,41.91,-87.75,41.91_-87.75,0,0,57.0,57.0,57.0,Other
STRAIGHT AND LEVEL,2412,2025-09-21 13:30:00,1,13,9,no injury / drive away,"OVER $1,500",,PARKED MOTOR VEHICLE,1.0,0.0,0.0,1.0,0.0,0.0,0.0,0.0,42.0002213658,,-87.6803595955,NO INDICATION OF INJURY,2,30,UNABLE TO DETERMINE,,,UNABLE TO DETERMINE,N,6516,,NOT DIVIDED,,0.0,,,,,4,0,"[""UNKNOWN""]","[""JEEP"", ""UNKNOWN""]","[""PARKED"", ""UNKNOWN/NA""]","[""COMPASS"", ""OTHER (EXPLAIN IN NARRATIVE)""]",[],[],"[""DEPLOYMENT UNKNOWN""]","[""NONE""]","[""NO INDICATION OF INJURY""]",2025,9,21,13,1,afternoon,42.0,-87.68,42.0_-87.68,0,0,,,,Other
STRAIGHT AND LEVEL,711,2025-09-21 13:38:00,1,13,9,injury and / or tow due to crash,"OVER $1,500",NO CONTROLS,PARKED MOTOR VEHICLE,1.0,0.0,0.0,3.0,0.0,0.0,0.0,0.0,41.7845009004,daylight,-87.6378534756,NO INDICATION OF INJURY,3,30,UNABLE TO DETERMINE,NO DEFECTS,dry,UNABLE TO DETERMINE,W,504,no controls,NOT DIVIDED,clear,,,,,,5,0,"[""FRONT-RIGHT-CORNER"", ""SIDE-LEFT-FRONT"", ""SIDE-LEFT-REAR""]","[""BUICK"", ""MASERATI"", ""TOYOTA""]","[""PARKED"", ""UNKNOWN/NA""]","[""CAMRY"", ""ENVISION"", ""LEVANTE""]","[""Y""]",[],"[""DEPLOYMENT UNKNOWN"", ""NOT APPLICABLE""]","[""NONE""]","[""NO INDICATION OF INJURY""]",2025,9,21,13,1,afternoon,41.78,-87.64,41.78_-87.64,0,0,,,,Other
STRAIGHT AND LEVEL,1222,2025-09-21 14:00:00,1,14,9,no injury / drive away,"OVER $1,500",NO CONTROLS,SIDESWIPE SAME DIRECTION,1.0,0.0,0.0,3.0,0.0,0.0,0.0,0.0,41.881462153,daylight,-87.6865858716,NO INDICATION OF INJURY,2,30,UNABLE TO DETERMINE,NO DEFECTS,dry,UNABLE TO DETERMINE,N,10,no controls,NOT DIVIDED,clear,,1.0,,,,4,1,"[""SIDE-LEFT-REAR"", ""UNKNOWN""]","[""JEEP"", ""NISSAN""]","[""STRAIGHT AHEAD""]","[""GLADIATOR"", ""ROGUE""]",[],"[""57""]","[""DEPLOYMENT UNKNOWN"", ""DID NOT DEPLOY""]","[""NONE"", ""UNKNOWN""]","[""NO INDICATION OF INJURY""]",2025,9,21,14,1,afternoon,41.88,-87.69,41.88_-87.69,0,0,57.0,57.0,57.0,Other
STRAIGHT AND LEVEL,1023,2025-09-21 14:00:00,1,14,9,no injury / drive away,"OVER $1,500",NO CONTROLS,PARKED MOTOR VEHICLE,1.0,0.0,0.0,1.0,0.0,0.0,0.0,0.0,41.8610262045,daylight,-87.6934011754,NO INDICATION OF INJURY,2,30,NOT APPLICABLE,NO DEFECTS,dry,NOT APPLICABLE,S,1500,no controls,NOT DIVIDED,clear,,,,,,4,0,"[""REAR-LEFT-CORNER"", ""UNKNOWN""]","[""CHEVROLET"", ""UNKNOWN""]","[""PARKED"", ""UNKNOWN/NA""]","[""OTHER (EXPLAIN IN NARRATIVE)"", ""SILVERADO""]",[],[],"[""DEPLOYMENT UNKNOWN""]","[""NONE""]","[""NO INDICATION OF INJURY""]",2025,9,21,14,1,afternoon,41.86,-87.69,41.86_-87.69,0,0,,,,Other