alignment,beat_of_occurrence,crash_date,crash_day_of_week,crash_hour,crash_month,crash_type,damage,device_condition,first_crash_type,hit_and_run_i,injuries_fatal,injuries_incapacitating,injuries_no_indication,injuries_non_incapacitating,injuries_reported_not_evident,injuries_total,injuries_unknown,latitude,lighting_condition,longitude,most_severe_injury,num_units,posted_speed_limit,prim_contributory_cause,road_defect,roadway_surface_cond,sec_contributory_cause,street_direction,street_no,traffic_control_device,trafficway_type,weather_condition,crash_date_est_i,intersection_related_i,work_zone_i,dooring_i,private_property_i,veh_count,ppl_count,veh_first_contact_point_list_json,veh_make_list_json,veh_maneuver_list_json,veh_model_list_json,veh_towed_i_list_json,ppl_age_list_json,ppl_airbag_deployed_list_json,ppl_ejection_list_json,ppl_injury_classification_list_json,year,month,day,hour,is_weekend,hour_bin,lat_bin,lng_bin,grid_id,veh_truck_i,veh_mc_i,ppl_age_mean,ppl_age_min,ppl_age_max,cause_group
STRAIGHT AND LEVEL,2222,2025-09-21 14:05:00,1,14,9,injury and / or tow due to crash,"OVER $1,500",NO CONTROLS,PEDESTRIAN,1.0,0.0,0.0,1.0,0.0,1.0,1.0,0.0,41.7358049384,daylight,-87.655914666,"REPORTED, NOT EVIDENT",2,30,UNABLE TO DETERMINE,NO DEFECTS,dry,UNABLE TO DETERMINE,S,8700,no controls,NOT DIVIDED,clear,,,,,,2,1,"[""UNKNOWN""]","[""UNKNOWN""]","[""UNKNOWN/NA""]","[""OTHER (EXPLAIN IN NARRATIVE)""]",[],"[""65""]","[""DEPLOYMENT UNKNOWN""]","[""NONE""]","[""NO INDICATION OF INJURY"", ""REPORTED, NOT EVIDENT""]",2025,9,21,14,1,afternoon,41.74,-87.66,41.74_-87.66,0,0,65.0,65.0,65.0,Other
STRAIGHT AND LEVEL,1723,2025-09-21 14:25:00,1,14,9,no injury / drive away,"OVER $1,500",NO CONTROLS,REAR END,1.0,0.0,0.0,2.0,0.0,0.0,0.0,0.0,41.953813287,daylight,-87.7240051465,NO INDICATION OF INJURY,2,30,FOLLOWING TOO CLOSELY,NO DEFECTS,dry,FAILING TO REDUCE SPEED TO AVOID CRASH,W,3830,traffic signal,DIVIDED - W/MEDIAN (NOT RAISED),clear,,,,,,4,1,"[""FRONT"", ""REAR""]","[""AUDI"", ""TOYOTA""]","[""SLOW/STOP IN TRAFFIC"", ""STRAIGHT AHEAD""]","[""Q3"", ""RAV4""]",[],"[""31""]","[""DEPLOYMENT UNKNOWN"", ""DID NOT DEPLOY""]","[""NONE""]","[""NO INDICATION OF INJURY""]",2025,9,21,14,1,afternoon,41.95,-87.72,41.95_-87.72,0,0,31.0,31.0,31.0,Following Too Closely
STRAIGHT AND LEVEL,632,2025-09-21 14:31:00,1,14,9,injury and / or tow due to crash,"OVER $1,500",,TURNING,1.0,0.0,0.0,2.0,2.0,0.0,2.0,0.0,41.7383698914,,-87.6050189968,NONINCAPACITATING INJURY,2,30,IMPROPER TURNING/NO SIGNAL,,,UNABLE TO DETERMINE,S,8600,traffic signal,PARKING LOT,,,1.0,,,1.0,3,1,"[""FRONT-LEFT-CORNER"", ""REAR-RIGHT-CORNER""]","[""CHEVROLET""]","[""OTHER"", ""TURNING RIGHT""]","[""OTHER (EXPLAIN IN NARRATIVE)"", ""TRAX""]",[],"[""49""]","[""DEPLOYMENT UNKNOWN"", ""NOT APPLICABLE""]","[""NONE"", ""UNKNOWN""]","[""NO INDICATION OF INJURY"", ""NONINCAPACITATING INJURY""]",2025,9,21,14,1,afternoon,41.74,-87.61,41.74_-87.61,0,0,49.0,49.0,49.0,Other
STRAIGHT AND LEVEL,823,2025-09-21 15:00:00,1,15,9,no injury / drive away,$500 OR LESS,NO CONTROLS,PARKED MOTOR VEHICLE,1.0,0.0,0.0,1.0,0.0,0.0,0.0,0.0,41.7814259381,daylight,-87.7134881582,NO INDICATION OF INJURY,2,30,UNABLE TO DETERMINE,NO DEFECTS,dry,UNABLE TO DETERMINE,W,3605,no controls,ONE-WAY,clear,,,,,,4,0,"[""SIDE-RIGHT"", ""UNKNOWN""]","[""DODGE"", ""UNKNOWN""]","[""PARKED"", ""UNKNOWN/NA""]","[""MOTORIZED"", ""RAM 1500 PU""]",[],[],"[""DEPLOYMENT UNKNOWN""]","[""UNKNOWN""]","[""NO INDICATION OF INJURY""]",2025,9,21,15,1,afternoon,41.78,-87.71,41.78_-87.71,0,1,,,,Other
STRAIGHT ON GRADE,1034,2025-09-21 15:10:00,1,15,9,no injury / drive away,"$501 - $1,500",FUNCTIONING PROPERLY,REAR END,1.0,0.0,0.0,2.0,0.0,0.0,0.0,0.0,41.8418926428,daylight,-87.694984229,NO INDICATION OF INJURY,2,30,FOLLOWING TOO CLOSELY,NO DEFECTS,dry,FOLLOWING TOO CLOSELY,S,2731,traffic signal,DIVIDED - W/MEDIAN (NOT RAISED),clear,,,,,,3,1,"[""FRONT"", ""REAR""]","[""NISSAN""]","[""STRAIGHT AHEAD""]","[""OTHER (EXPLAIN IN NARRATIVE)"", ""SENTRA""]",[],"[""37""]","[""NOT APPLICABLE""]","[""NONE""]","[""NO INDICATION OF INJURY""]",2025,9,21,15,1,afternoon,41.84,-87.69,41.84_-87.69,0,0,37.0,37.0,37.0,Following Too Closely
STRAIGHT AND LEVEL,624,2025-09-21 15:30:00,1,15,9,injury and / or tow due to crash,"OVER $1,500",NO CONTROLS,PARKED MOTOR VEHICLE,0.0,0.0,0.0,1.0,0.0,0.0,0.0,0.0,41.7533875062,daylight,-87.6038700926,NO INDICATION OF INJURY,2,30,UNABLE TO DETERMINE,NO DEFECTS,dry,NOT APPLICABLE,S,7753,no controls,NOT DIVIDED,clear,,,,,,4,1,"[""REAR"", ""UNKNOWN""]","[""CHEVROLET"", ""UNKNOWN""]","[""PARKED"", ""UNKNOWN/NA""]","[""OTHER (EXPLAIN IN NARRATIVE)"", ""TAHOE""]","[""Y""]","[""26""]","[""DEPLOYMENT UNKNOWN""]","[""UNKNOWN""]","[""NO INDICATION OF INJURY""]",2025,9,21,15,1,afternoon,41.75,-87.6,41.75_-87.6,0,0,26.0,26.0,26.0,Other
STRAIGHT AND LEVEL,1123,2025-09-21 15:30:00,1,15,9,no injury / drive away,"OVER $1,500",FUNCTIONING PROPERLY,PARKED MOTOR VEHICLE,1.0,0.0,0.0,1.0,0.0,0.0,0.0,0.0,41.8828532855,daylight,-87.7109483203,NO INDICATION OF INJURY,2,30,UNABLE TO DETERMINE,,dry,UNABLE TO DETERMINE,W,3368,traffic signal,NOT DIVIDED,clear,1.0,,,,,4,0,"[""FRONT-RIGHT-CORNER"", ""REAR-LEFT-CORNER""]","[""CHEVROLET"", ""UNKNOWN""]","[""PARKED"", ""STRAIGHT AHEAD""]","[""OTHER (EXPLAIN IN NARRATIVE)"", ""SILVERADO""]",[],[],"[""DEPLOYMENT UNKNOWN""]","[""NONE""]","[""NO INDICATION OF INJURY""]",2025,9,21,15,1,afternoon,41.88,-87.71,41.88_-87.71,0,0,,,,Other
STRAIGHT AND LEVEL,1623,2025-09-21 15:30:00,1,15,9,injury and / or tow due to crash,"OVER $1,500",FUNCTIONING PROPERLY,ANGLE,1.0,0.0,0.0,2.0,0.0,0.0,0.0,0.0,41.9830584481,daylight,-87.7659658192,NO INDICATION OF INJURY,2,25,DISREGARDING STOP SIGN,,dry,NOT APPLICABLE,W,5500,stop sign/flasher,FOUR WAY,clear,,1.0,,,,4,1,"[""FRONT""]","[""CADILLAC"", ""NISSAN""]","[""STRAIGHT AHEAD""]","[""ALTIMA"", ""OTHER (EXPLAIN IN NARRATIVE)""]","[""Y""]","[""17""]","[""DEPLOYMENT UNKNOWN"", ""DID NOT DEPLOY""]","[""NONE""]","[""NO INDICATION OF INJURY""]",2025,9,21,15,1,afternoon,41.98,-87.77,41.98_-87.77,0,0,17.0,17.0,17.0,Other
STRAIGHT AND LEVEL,1125,2025-09-21 15:35:00,1,15,9,no injury / drive away,"$501 - $1,500",NO CONTROLS,PARKED MOTOR VEHICLE,1.0,0.0,0.0,1.0,0.0,0.0,0.0,0.0,41.8770342133,daylight,-87.6936039767,NO INDICATION OF INJURY,2,30,IMPROPER BACKING,NO DEFECTS,dry,NOT APPLICABLE,S,313,no controls,NOT DIVIDED,clear,1.0,,,,,4,0,"[""FRONT-LEFT-CORNER"", ""UNKNOWN""]","[""CHEVROLET"", ""MITSUBISHI""]","[""BACKING"", ""PARKED""]","[""EQUINOX"", ""OUTLANDER""]",[],[],"[""DEPLOYMENT UNKNOWN""]","[""NONE""]","[""NO INDICATION OF INJURY""]",2025,9,21,15,1,afternoon,41.88,-87.69,41.88_-87.69,0,0,,,,DUI/Impairment
STRAIGHT AND LEVEL,914,2025-09-21 15:35:00,1,15,9,no injury / drive away,$500 OR LESS,NO CONTROLS,PARKED MOTOR VEHICLE,1.0,0.0,0.0,1.0,0.0,0.0,0.0,0.0,41.855347014,daylight,-87.6316990261,NO INDICATION OF INJURY,2,5,IMPROPER BACKING,NO DEFECTS,dry,NOT APPLICABLE,S,2001,no controls,PARKING LOT,clear,,,,,,4,0,"[""FRONT"", ""REAR""]","[""MITSUBISHI"", ""TESLA""]","[""LEAVING TRAFFIC LANE TO PARK"", ""PARKED""]","[""MODEL Y"", ""OTHER (EXPLAIN IN NARRATIVE)""]",[],[],"[""DEPLOYMENT UNKNOWN""]","[""NONE""]","[""NO INDICATION OF INJURY""]",2025,9,21,15,1,afternoon,41.86,-87.63,41.86_-87.63,0,0,,,,DUI/Impairment
STRAIGHT AND LEVEL,2532,2025-09-21 15:40:00,1,15,9,no injury / drive away,"OVER $1,500",FUNCTIONING PROPERLY,ANGLE,1.0,0.0,0.0,4.0,0.0,0.0,0.0,0.0,41.9074614321,daylight,-87.7622621904,NO INDICATION OF INJURY,2,30,DISREGARDING STOP SIGN,NO DEFECTS,,FAILING TO YIELD RIGHT-OF-WAY,N,1456,stop sign/flasher,FOUR WAY,,,1.0,,,,4,3,"[""FRONT-RIGHT-CORNER"", ""REAR-RIGHT-CORNER""]","[""HONDA"", ""NISSAN""]","[""STRAIGHT AHEAD""]","[""OTHER (EXPLAIN IN NARRATIVE)"", ""PILOT""]",[],"[""25"", ""56"", ""8""]","[""DEPLOYMENT UNKNOWN"", ""DID NOT DEPLOY""]","[""NONE""]","[""NO INDICATION OF INJURY""]",2025,9,21,15,1,afternoon,41.91,-87.76,41.91_-87.76,0,0,29.666666666666668,8.0,56.0,Other
STRAIGHT AND LEVEL,312,2025-09-21 15:41:00,1,15,9,injury and / or tow due to crash,"OVER $1,500",FUNCTIONING PROPERLY,REAR END,1.0,0.0,0.0,6.0,0.0,0.0,0.0,0.0,41.7802113218,daylight,-87.6157682918,NO INDICATION OF INJURY,3,25,UNABLE TO DETERMINE,NO DEFECTS,dry,NOT APPLICABLE,S,6300,traffic signal,NOT DIVIDED,clear,,,,,,5,4,"[""FRONT"", ""NONE""]","[""FORD"", ""NISSAN"", ""UNKNOWN""]","[""SLOW/STOP IN TRAFFIC"", ""STRAIGHT AHEAD""]","[""FOCUS"", ""OTHER (EXPLAIN IN NARRATIVE)"", ""ROGUE""]","[""Y""]","[""0"", ""2"", ""39"", ""58""]","[""DEPLOYMENT UNKNOWN"", ""NOT APPLICABLE""]","[""NONE""]","[""NO INDICATION OF INJURY""]",2025,9,21,15,1,afternoon,41.78,-87.62,41.78_-87.62,0,0,24.75,0.0,58.0,Other
STRAIGHT ON GRADE,824,2025-09-21 15:55:00,1,15,9,no injury / drive away,"$501 - $1,500",FUNCTIONING PROPERLY,SIDESWIPE SAME DIRECTION,1.0,0.0,0.0,3.0,0.0,0.0,0.0,0.0,41.7864384227,daylight,-87.6984144855,NO INDICATION OF INJURY,2,25,IMPROPER OVERTAKING/PASSING,NO DEFECTS,dry,IMPROPER OVERTAKING/PASSING,W,2958,traffic signal,NOT DIVIDED,clear,,1.0,,,,4,1,"[""FRONT-LEFT-CORNER"", ""SIDE-RIGHT""]","[""HONDA"", ""UNKNOWN""]","[""MERGING"", ""STRAIGHT AHEAD""]","[""ACCORD"", ""OTHER (EXPLAIN IN NARRATIVE)""]",[],"[""26""]","[""NOT APPLICABLE""]","[""NONE""]","[""NO INDICATION OF INJURY""]",2025,9,21,15,1,afternoon,41.79,-87.7,41.79_-87.7,0,0,26.0,26.0,26.0,Other
STRAIGHT AND LEVEL,222,2025-09-21 16:30:00,1,16,9,no injury / drive away,"OVER $1,500",FUNCTIONING PROPERLY,REAR END,1.0,0.0,0.0,3.0,0.0,0.0,0.0,0.0,41.8095347808,daylight,-87.5924502234,NO INDICATION OF INJURY,2,30,UNABLE TO DETERMINE,,dry,NOT APPLICABLE,S,4700,traffic signal,NOT DIVIDED,clear,,1.0,,,,4,2,"[""FRONT"", ""REAR""]","[""TOYOTA"", ""UNKNOWN""]","[""STRAIGHT AHEAD""]","[""OTHER (EXPLAIN IN NARRATIVE)"", ""YARIS""]",[],"[""63"", ""65""]","[""DEPLOYMENT UNKNOWN"", ""NOT APPLICABLE""]","[""NONE""]","[""NO INDICATION OF INJURY""]",2025,9,21,16,1,afternoon,41.81,-87.59,41.81_-87.59,0,0,64.0,63.0,65.0,Other
STRAIGHT AND LEVEL,2024,2025-09-21 16:40:00,1,16,9,no injury / drive away,$500 OR LESS,NO CONTROLS,SIDESWIPE SAME DIRECTION,1.0,0.0,0.0,2.0,0.0,0.0,0.0,0.0,41.9694086179,daylight,-87.6483172637,NO INDICATION OF INJURY,2,40,UNABLE TO DETERMINE,,,NOT APPLICABLE,N,4800,no controls,DIVIDED - W/MEDIAN BARRIER,,,,,,,4,1,"[""SIDE-LEFT"", ""SIDE-RIGHT""]","[""ACURA"", ""FORD""]","[""CHANGING LANES"", ""STRAIGHT AHEAD""]","[""EDGE"", ""TLX""]",[],"[""23""]","[""DEPLOYMENT UNKNOWN""]","[""NONE""]","[""NO INDICATION OF INJURY""]",2025,9,21,16,1,afternoon,41.97,-87.65,41.97_-87.65,0,0,23.0,23.0,23.0,Other
STRAIGHT AND LEVEL,332,2025-09-21 17:00:00,1,17,9,no injury / drive away,"OVER $1,500",NO CONTROLS,PARKED MOTOR VEHICLE,1.0,0.0,0.0,1.0,0.0,0.0,0.0,0.0,41.7730860722,daylight,-87.5803166778,NO INDICATION OF INJURY,2,25,NOT APPLICABLE,NO DEFECTS,dry,UNABLE TO DETERMINE,S,6708,no controls,NOT DIVIDED,clear,,,,,,4,0,"[""FRONT-RIGHT-CORNER"", ""SIDE-LEFT-REAR""]","[""CHEVROLET"", ""TOYOTA""]","[""BACKING"", ""PARKED""]","[""MALIBU"", ""OTHER (EXPLAIN IN NARRATIVE)""]",[],[],"[""DEPLOYMENT UNKNOWN""]","[""NONE""]","[""NO INDICATION OF INJURY""]",2025,9,21,17,1,afternoon,41.77,-87.58,41.77_-87.58,0,0,,,,Other
STRAIGHT AND LEVEL,324,2025-09-21 17:00:00,1,17,9,no injury / drive away,"OVER $1,500",NO CONTROLS,PARKED MOTOR VEHICLE,1.0,0.0,0.0,1.0,0.0,0.0,0.0,0.0,41.7612127254,daylight,-87.5897974413,NO INDICATION OF INJURY,2,30,IMPROPER LANE USAGE,NO DEFECTS,dry,NOT APPLICABLE,S,7338,no controls,ONE-WAY,clear,,,,,,4,0,"[""FRONT-LEFT-CORNER"", ""UNKNOWN""]","[""CHEVROLET"", ""UNKNOWN""]","[""PARKED"", ""UNKNOWN/NA""]","[""OTHER (EXPLAIN IN NARRATIVE)"", ""TRAIL BLAZER""]",[],[],"[""DEPLOYMENT UNKNOWN""]","[""NONE""]","[""NO INDICATION OF INJURY""]",2025,9,21,17,1,afternoon,41.76,-87.59,41.76_-87.59,0,0,,,,Other
STRAIGHT AND LEVEL,921,2025-09-21 17:00:00,1,17,9,no injury / drive away,"OVER $1,500",NO CONTROLS,SIDESWIPE SAME DIRECTION,1.0,0.0,0.0,2.0,0.0,0.0,0.0,0.0,41.8183877129,daylight,-87.6974680577,NO INDICATION OF INJURY,2,30,UNABLE TO DETERMINE,NO DEFECTS,dry,UNABLE TO DETERMINE,S,4134,no controls,NOT DIVIDED,clear,,,,,,4,1,"[""FRONT-RIGHT-CORNER"", ""REAR-LEFT-CORNER""]","[""HONDA"", ""UNKNOWN""]","[""PASSING/OVERTAKING"", ""STRAIGHT AHEAD""]","[""HR-V"", ""MOTORIZED""]",[],"[""62""]","[""DEPLOYMENT UNKNOWN"", ""NOT APPLICABLE""]","[""NONE""]","[""NO INDICATION OF INJURY""]",2025,9,21,17,1,afternoon,41.82,-87.7,41.82_-87.7,0,1,62.0,62.0,62.0,Other
STRAIGHT AND LEVEL,1814,2025-09-21 17:25:00,1,17,9,injury and / or tow due to crash,$500 OR LESS,,PEDESTRIAN,1.0,0.0,0.0,1.0,1.0,0.0,1.0,0.0,41.9131436342,daylight,-87.6329983239,NONINCAPACITATING INJURY,2,30,FAILING TO YIELD RIGHT-OF-WAY,,,FAILING TO REDUCE SPEED TO AVOID CRASH,N,1702,traffic signal,FOUR WAY,,,1.0,,,,2,1,"[""FRONT-RIGHT-CORNER""]","[""UNKNOWN""]","[""TURNING RIGHT""]","[""OTHER (EXPLAIN IN NARRATIVE)""]",[],"[""33""]","[""DEPLOYMENT UNKNOWN""]","[""NONE""]","[""NO INDICATION OF INJURY"", ""NONINCAPACITATING INJURY""]",2025,9,21,17,1,afternoon,41.91,-87.63,41.91_-87.63,0,0,33.0,33.0,33.0,Failure-to-Yield
STRAIGHT AND LEVEL,1214,2025-09-21 17:30:00,1,17,9,no injury / drive away,"OVER $1,500",NO CONTROLS,PARKED MOTOR VEHICLE,1.0,0.0,0.0,1.0,0.0,0.0,0.0,0.0,41.8861195967,daylight,-87.6467382323,NO INDICATION OF INJURY,2,20,NOT APPLICABLE,NO DEFECTS,dry,NOT APPLICABLE,W,725,no controls,PARKING LOT,clear,,,,,,4,0,"[""SIDE-LEFT-REAR"", ""UNKNOWN""]","[""HONDA"", ""UNKNOWN""]","[""PARKED"", ""UNKNOWN/NA""]","[""ACCORD"", ""OTHER (EXPLAIN IN NARRATIVE)""]",[],[],"[""DEPLOYMENT UNKNOWN""]","[""UNKNOWN""]","[""NO INDICATION OF INJURY""]",2025,9,21,17,1,afternoon,41.89,-87.65,41.89_-87.65,0,0,,,,Other
STRAIGHT AND LEVEL,2521,2025-09-21 18:20:00,1,18,9,no injury / drive away,"OVER $1,500",NO CONTROLS,PARKED MOTOR VEHICLE,1.0,0.0,0.0,1.0,0.0,0.0,0.0,0.0,41.9316889194,daylight,-87.7430169468,NO INDICATION OF INJURY,2,15,UNABLE TO DETERMINE,NO DEFECTS,dry,UNABLE TO DETERMINE,W,4626,no controls,PARKING LOT,clear,1.0,,,,,4,0,"[""UNKNOWN""]","[""CADILLAC"", ""UNKNOWN""]","[""PARKED"", ""UNKNOWN/NA""]","[""OTHER (EXPLAIN IN NARRATIVE)"", ""SRX""]",[],[],"[""DEPLOYMENT UNKNOWN""]","[""NONE""]","[""NO INDICATION OF INJURY""]",2025,9,21,18,1,afternoon,41.93,-87.74,41.93_-87.74,0,0,,,,Other
STRAIGHT AND LEVEL,1922,2025-09-21 18:29:00,1,18,9,no injury / drive away,$500 OR LESS,FUNCTIONING PROPERLY,REAR END,1.0,0.0,0.0,2.0,0.0,0.0,0.0,0.0,41.9539232571,"darkness, lighted road",-87.6691848419,NO INDICATION OF INJURY,2,25,FOLLOWING TOO CLOSELY,,dry,UNABLE TO DETERMINE,N,3950,traffic signal,DIVIDED - W/MEDIAN (NOT RAISED),clear,,,,,,4,1,"[""FRONT"", ""REAR-RIGHT-CORNER""]","[""HYUNDAI"", ""TOYOTA""]","[""STRAIGHT AHEAD""]","[""ELANTRA"", ""RAV4""]",[],"[""40""]","[""DEPLOYMENT UNKNOWN"", ""DID NOT DEPLOY""]","[""NONE""]","[""NO INDICATION OF INJURY""]",2025,9,21,18,1,afternoon,41.95,-87.67,41.95_-87.67,0,0,40.0,40.0,40.0,Following Too Closely
STRAIGHT AND LEVEL,1434,2025-09-21 18:30:00,1,18,9,no injury / drive away,"OVER $1,500",NO CONTROLS,PARKED MOTOR VEHICLE,1.0,0.0,0.0,1.0,0.0,0.0,0.0,0.0,41.9168191104,"darkness, lighted road",-87.6774480553,NO INDICATION OF INJURY,2,30,UNABLE TO DETERMINE,NO DEFECTS,dry,NOT APPLICABLE,N,1931,no controls,NOT DIVIDED,clear,,0.0,,,,4,0,"[""FRONT-RIGHT-CORNER"", ""SIDE-LEFT""]","[""FORD"", ""JEEP""]","[""PARKED"", ""STRAIGHT AHEAD""]","[""EXPLORER"", ""GRAND CHEROKEE""]",[],[],"[""DEPLOYMENT UNKNOWN""]","[""NONE""]","[""NO INDICATION OF INJURY""]",2025,9,21,18,1,afternoon,41.92,-87.68,41.92_-87.68,0,0,,,,Other
STRAIGHT AND LEVEL,1934,2025-09-21 18:50:00,1,18,9,no injury / drive away,"OVER $1,500",NO CONTROLS,SIDESWIPE OPPOSITE DIRECTION,1.0,0.0,0.0,2.0,0.0,0.0,0.0,0.0,41.9389210638,daylight,-87.6442135215,NO INDICATION OF INJURY,2,30,DRIVING ON WRONG SIDE/WRONG WAY,,dry,NOT APPLICABLE,N,3143,no controls,NOT DIVIDED,clear,1.0,,,,,3,1,"[""FRONT-LEFT-CORNER"", ""SIDE-LEFT""]","[""LINCOLN"", ""TESLA""]","[""PASSING/OVERTAKING"", ""STRAIGHT AHEAD""]","[""OTHER (EXPLAIN IN NARRATIVE)""]",[],"[""34""]","[""DEPLOYMENT UNKNOWN"", ""NOT APPLICABLE""]","[""NONE""]","[""NO INDICATION OF INJURY""]",2025,9,21,18,1,afternoon,41.94,-87.64,41.94_-87.64,0,0,34.0,34.0,34.0,Other
STRAIGHT AND LEVEL,131,2025-09-21 19:00:00,1,19,9,no injury / drive away,"OVER $1,500",NO CONTROLS,PEDESTRIAN,1.0,0.0,0.0,2.0,0.0,0.0,0.0,0.0,41.8657003856,daylight,-87.6242595813,NO INDICATION OF INJURY,2,30,FAILING TO YIELD RIGHT-OF-WAY,,dry,NOT APPLICABLE,S,1300,no controls,FOUR WAY,clear,,,,,,2,0,"[""FRONT-RIGHT-CORNER""]","[""GENESIS""]","[""STRAIGHT AHEAD""]","[""G70""]",[],[],"[""DID NOT DEPLOY""]","[""NONE""]","[""NO INDICATION OF INJURY""]",2025,9,21,19,1,evening,41.87,-87.62,41.87_-87.62,0,0,,,,Failure-to-Yield
STRAIGHT AND LEVEL,131,2025-09-21 19:00:00,1,19,9,no injury / drive away,"OVER $1,500",,PARKED MOTOR VEHICLE,1.0,0.0,0.0,1.0,0.0,0.0,0.0,0.0,41.8529802641,,-87.6256484724,NO INDICATION OF INJURY,2,30,DRIVING SKILLS/KNOWLEDGE/EXPERIENCE,,,UNABLE TO DETERMINE,S,2140,,NOT DIVIDED,,,,,,,4,0,"[""UNKNOWN""]","[""CHEVROLET"", ""UNKNOWN""]","[""PARKED"", ""STRAIGHT AHEAD""]","[""EQUINOX"", ""OTHER (EXPLAIN IN NARRATIVE)""]",[],[],"[""DEPLOYMENT UNKNOWN""]","[""UNKNOWN""]","[""NO INDICATION OF INJURY""]",2025,9,21,19,1,evening,41.85,-87.63,41.85_-87.63,0,0,,,,Other
STRAIGHT AND LEVEL,833,2025-09-21 19:10:00,1,19,9,no injury / drive away,"OVER $1,500",NO CONTROLS,SIDESWIPE SAME DIRECTION,1.0,0.0,0.0,2.0,0.0,0.0,0.0,0.0,41.7715664129,"darkness, lighted road",-87.7172488199,NO INDICATION OF INJURY,2,30,IMPROPER OVERTAKING/PASSING,NO DEFECTS,dry,NOT APPLICABLE,W,3750,no controls,NOT DIVIDED,clear,,,,,,4,1,"[""FRONT-LEFT-CORNER"", ""REAR-RIGHT-CORNER""]","[""CADILLAC"", ""HYUNDAI""]","[""PASSING/OVERTAKING"", ""STRAIGHT AHEAD""]","[""ESCALADE"", ""TUCSON""]",[],"[""29""]","[""DEPLOYMENT UNKNOWN"", ""DID NOT DEPLOY""]","[""NONE""]","[""NO INDICATION OF INJURY""]",2025,9,21,19,1,evening,41.77,-87.72,41.77_-87.72,0,0,29.0,29.0,29.0,Other
STRAIGHT AND LEVEL,424,2025-09-21 19:30:00,1,19,9,no injury / drive away,"OVER $1,500",,SIDESWIPE SAME DIRECTION,1.0,0.0,0.0,2.0,0.0,0.0,0.0,0.0,41.7373280444,"darkness, lighted road",-87.5401550669,NO INDICATION OF INJURY,2,55,UNABLE TO DETERMINE,NO DEFECTS,dry,UNABLE TO DETERMINE,S,8701,,DIVIDED - W/MEDIAN BARRIER,clear,,,,,,4,1,"[""SIDE-LEFT"", ""UNKNOWN""]","[""HYUNDAI"", ""UNKNOWN""]","[""STRAIGHT AHEAD""]","[""ELANTRA"", ""OTHER (EXPLAIN IN NARRATIVE)""]",[],"[""66""]","[""DEPLOYMENT UNKNOWN"", ""NOT APPLICABLE""]","[""NONE""]","[""NO INDICATION OF INJURY""]",2025,9,21,19,1,evening,41.74,-87.54,41.74_-87.54,0,0,66.0,66.0,66.0,Other
STRAIGHT AND LEVEL,2514,2025-09-21 19:30:00,1,19,9,no injury / drive away,"OVER $1,500",FUNCTIONING PROPERLY,REAR END,1.0,0.0,0.0,2.0,0.0,0.0,0.0,0.0,41.9296304303,"darkness, lighted road",-87.7565001649,NO INDICATION OF INJURY,2,30,FOLLOWING TOO CLOSELY,NO DEFECTS,dry,NOT APPLICABLE,N,2700,stop sign/flasher,NOT DIVIDED,clear,,1.0,,,,4,2,"[""FRONT"", ""REAR""]","[""FORD"", ""TOYOTA""]","[""SLOW/STOP IN TRAFFIC"", ""STRAIGHT AHEAD""]","[""CAMRY"", ""TAURUS""]",[],"[""25"", ""29""]","[""DEPLOYMENT UNKNOWN"", ""DID NOT DEPLOY""]","[""NONE"", ""UNKNOWN""]","[""NO INDICATION OF INJURY""]",2025,9,21,19,1,evening,41.93,-87.76,41.93_-87.76,0,0,27.0,25.0,29.0,Following Too Closely