alignment,beat_of_occurrence,crash_date,crash_day_of_week,crash_hour,crash_month,crash_type,damage,device_condition,first_crash_type,hit_and_run_i,injuries_fatal,injuries_incapacitating,injuries_no_indication,injuries_non_incapacitating,injuries_reported_not_evident,injuries_total,injuries_unknown,latitude,lighting_condition,longitude,most_severe_injury,num_units,posted_speed_limit,prim_contributory_cause,road_defect,roadway_surface_cond,sec_contributory_cause,street_direction,street_no,traffic_control_device,trafficway_type,weather_condition,crash_date_est_i,intersection_related_i,work_zone_i,dooring_i,private_property_i,veh_count,ppl_count,veh_first_contact_point_list_json,veh_make_list_json,veh_maneuver_list_json,veh_model_list_json,veh_towed_i_list_json,ppl_age_list_json,ppl_airbag_deployed_list_json,ppl_ejection_list_json,ppl_injury_classification_list_json,year,month,day,hour,is_weekend,hour_bin,lat_bin,lng_bin,grid_id,veh_truck_i,veh_mc_i,ppl_age_mean,ppl_age_min,ppl_age_max,cause_group
STRAIGHT AND LEVEL,1213,2025-09-21 19:50:00,1,19,9,no injury / drive away,"OVER $1,500",FUNCTIONING PROPERLY,PARKED MOTOR VEHICLE,1.0,0.0,0.0,1.0,0.0,0.0,0.0,0.0,41.8995252364,"darkness, lighted road",-87.6721335794,NO INDICATION OF INJURY,4,30,UNABLE TO DETERMINE,,dry,NOT APPLICABLE,W,1759,traffic signal,NOT DIVIDED,clear,,,,,,5,0,"[""REAR"", ""UNKNOWN""]","[""FORD"", ""HONDA"", ""JEEP"", ""TOYOTA""]","[""PARKED"", ""UNKNOWN/NA""]","[""HR-V"", ""OTHER (EXPLAIN IN NARRATIVE)"", ""PATRIOT"", ""PRIUS""]",[],[],"[""DEPLOYMENT UNKNOWN""]","[""NONE""]","[""NO INDICATION OF INJURY""]",2025,9,21,19,1,evening,41.9,-87.67,41.9_-87.67,0,0,,,,Other
STRAIGHT AND LEVEL,331,2025-09-21 20:07:00,1,20,9,no injury / drive away,"OVER $1,500",FUNCTIONING PROPERLY,TURNING,1.0,0.0,0.0,2.0,0.0,0.0,0.0,0.0,41.775307524,"darkness, lighted road",-87.5753109171,NO INDICATION OF INJURY,2,30,DISREGARDING TRAFFIC SIGNALS,NO DEFECTS,dry,NOT APPLICABLE,S,6600,traffic signal,FOUR WAY,clear,,1.0,,,,4,1,"[""FRONT"", ""SIDE-RIGHT""]","[""CHEVROLET"", ""TOYOTA""]","[""STRAIGHT AHEAD"", ""TURNING LEFT""]","[""CRUZE"", ""PRIUS""]",[],"[""75""]","[""DEPLOYMENT UNKNOWN"", ""DID NOT DEPLOY""]","[""NONE""]","[""NO INDICATION OF INJURY""]",2025,9,21,20,1,evening,41.78,-87.58,41.78_-87.58,0,0,75.0,75.0,75.0,Other
STRAIGHT AND LEVEL,1712,2025-09-21 20:11:00,1,20,9,no injury / drive away,"$501 - $1,500",NO CONTROLS,PARKED MOTOR VEHICLE,0.0,0.0,0.0,1.0,0.0,0.0,0.0,0.0,41.9703821959,"darkness, lighted road",-87.7328784657,NO INDICATION OF INJURY,2,30,FAILING TO REDUCE SPEED TO AVOID CRASH,NO DEFECTS,dry,FAILING TO REDUCE SPEED TO AVOID CRASH,N,4911,no controls,ONE-WAY,clear,,,,,,4,1,"[""SIDE-LEFT"", ""SIDE-RIGHT""]","[""DODGE"", ""FORD""]","[""PARKED"", ""STRAIGHT AHEAD""]","[""F150"", ""RAM 1500 PU""]",[],"[""59""]","[""DID NOT DEPLOY""]","[""NONE""]","[""NO INDICATION OF INJURY""]",2025,9,21,20,1,evening,41.97,-87.73,41.97_-87.73,0,0,59.0,59.0,59.0,Speeding
STRAIGHT AND LEVEL,815,2025-09-21 20:48:00,1,20,9,injury and / or tow due to crash,"OVER $1,500",NO CONTROLS,PARKED MOTOR VEHICLE,1.0,0.0,0.0,1.0,0.0,0.0,0.0,0.0,41.798759983,"darkness, lighted road",-87.7293830898,NO INDICATION OF INJURY,4,20,IMPROPER LANE USAGE,NO DEFECTS,dry,UNABLE TO DETERMINE,W,4230,no controls,NOT DIVIDED,clear,,,,,,5,0,"[""FRONT-LEFT-CORNER"", ""SIDE-LEFT""]","[""CHEVROLET"", ""DODGE"", ""HONDA"", ""OLDSMOBILE""]","[""PARKED"", ""STRAIGHT AHEAD""]","[""CIVIC"", ""DURANGO"", ""EIGHTY-EIGHT"", ""SUBURBAN""]","[""Y""]",[],"[""DEPLOYMENT UNKNOWN""]","[""NONE""]","[""NO INDICATION OF INJURY""]",2025,9,21,20,1,evening,41.8,-87.73,41.8_-87.73,0,0,,,,Other
STRAIGHT AND LEVEL,914,2025-09-21 21:00:00,1,21,9,no injury / drive away,"OVER $1,500",NO CONTROLS,PARKED MOTOR VEHICLE,1.0,0.0,0.0,1.0,0.0,0.0,0.0,0.0,41.8522564092,"darkness, lighted road",-87.6339100665,NO INDICATION OF INJURY,2,30,UNABLE TO DETERMINE,NO DEFECTS,dry,UNABLE TO DETERMINE,W,248,no controls,ONE-WAY,clear,,,,,,4,0,"[""SIDE-RIGHT"", ""UNKNOWN""]","[""LEXUS"", ""UNKNOWN""]","[""PARKED"", ""UNKNOWN/NA""]","[""OTHER (EXPLAIN IN NARRATIVE)"", ""RX350""]",[],[],"[""DEPLOYMENT UNKNOWN""]","[""NONE""]","[""NO INDICATION OF INJURY""]",2025,9,21,21,1,evening,41.85,-87.63,41.85_-87.63,0,0,,,,Other
STRAIGHT AND LEVEL,1634,2025-09-21 21:00:00,1,21,9,no injury / drive away,"OVER $1,500",NO CONTROLS,PARKED MOTOR VEHICLE,1.0,0.0,0.0,1.0,0.0,0.0,0.0,0.0,41.9423578921,"darkness, lighted road",-87.7476067609,NO INDICATION OF INJURY,2,30,UNABLE TO DETERMINE,NO DEFECTS,dry,NOT APPLICABLE,W,4815,no controls,ONE-WAY,clear,,,,,,4,0,"[""FRONT-LEFT-CORNER"", ""SIDE-RIGHT""]","[""TOYOTA"", ""UNKNOWN""]","[""PARKED"", ""STRAIGHT AHEAD""]","[""COROLLA"", ""OTHER (EXPLAIN IN NARRATIVE)""]",[],[],"[""DEPLOYMENT UNKNOWN""]","[""NONE""]","[""NO INDICATION OF INJURY""]",2025,9,21,21,1,evening,41.94,-87.75,41.94_-87.75,0,0,,,,Other
STRAIGHT AND LEVEL,2534,2025-09-21 21:21:00,1,21,9,injury and / or tow due to crash,"OVER $1,500",NO CONTROLS,PEDESTRIAN,0.0,0.0,0.0,1.0,1.0,0.0,1.0,0.0,41.9068304483,"darkness, lighted road",-87.7314706618,NONINCAPACITATING INJURY,2,30,IMPROPER LANE USAGE,NO DEFECTS,dry,UNABLE TO DETERMINE,N,1420,no controls,ALLEY,clear,,,,,,2,2,"[""OTHER""]","[""HYUNDAI""]","[""STRAIGHT AHEAD""]","[""ELANTRA""]",[],"[""41"", ""45""]","[""NOT APPLICABLE""]","[""NONE""]","[""NO INDICATION OF INJURY"", ""NONINCAPACITATING INJURY""]",2025,9,21,21,1,evening,41.91,-87.73,41.91_-87.73,0,0,43.0,41.0,45.0,Other
STRAIGHT AND LEVEL,923,2025-09-21 21:32:00,1,21,9,no injury / drive away,"OVER $1,500",FUNCTIONING PROPERLY,TURNING,1.0,0.0,0.0,2.0,0.0,0.0,0.0,0.0,41.7954227598,darkness,-87.6939923565,NO INDICATION OF INJURY,2,30,FAILING TO YIELD RIGHT-OF-WAY,NO DEFECTS,dry,NOT APPLICABLE,S,5400,stop sign/flasher,FOUR WAY,clear,,1.0,,,,3,1,"[""FRONT-RIGHT-CORNER"", ""UNKNOWN""]","[""HONDA"", ""NISSAN""]","[""STRAIGHT AHEAD"", ""U-TURN""]","[""OTHER (EXPLAIN IN NARRATIVE)""]",[],"[""38""]","[""DEPLOYMENT UNKNOWN"", ""NOT APPLICABLE""]","[""NONE"", ""UNKNOWN""]","[""NO INDICATION OF INJURY""]",2025,9,21,21,1,evening,41.8,-87.69,41.8_-87.69,0,0,38.0,38.0,38.0,Failure-to-Yield
STRAIGHT AND LEVEL,2532,2025-09-21 22:11:00,1,22,9,injury and / or tow due to crash,"OVER $1,500",FUNCTIONING PROPERLY,REAR END,1.0,0.0,0.0,2.0,0.0,0.0,0.0,0.0,41.9023413257,darkness,-87.7573139798,NO INDICATION OF INJURY,2,30,UNABLE TO DETERMINE,,,NOT APPLICABLE,W,5236,traffic signal,NOT DIVIDED,,,,,,,4,1,"[""FRONT-RIGHT-CORNER"", ""REAR-LEFT-CORNER""]","[""TOYOTA"", ""UNKNOWN""]","[""STRAIGHT AHEAD"", ""UNKNOWN/NA""]","[""CAMRY"", ""MOTORIZED""]","[""Y""]","[""29""]","[""DEPLOYMENT UNKNOWN"", ""NOT APPLICABLE""]","[""NONE""]","[""NO INDICATION OF INJURY""]",2025,9,21,22,1,evening,41.9,-87.76,41.9_-87.76,0,1,29.0,29.0,29.0,Other
STRAIGHT AND LEVEL,1821,2025-09-21 22:30:00,1,22,9,injury and / or tow due to crash,"$501 - $1,500",FUNCTIONING PROPERLY,REAR END,1.0,0.0,0.0,1.0,0.0,1.0,1.0,0.0,41.9078154637,"darkness, lighted road",-87.6330208098,"REPORTED, NOT EVIDENT",2,30,UNABLE TO DETERMINE,,dry,UNABLE TO DETERMINE,W,136,traffic signal,NOT DIVIDED,clear,,1.0,,,,3,0,"[""FRONT"", ""REAR""]","[""JEEP"", ""TOYOTA""]","[""SLOW/STOP IN TRAFFIC"", ""UNKNOWN/NA""]","[""JEEP"", ""RAV4""]",[],[],"[""DEPLOYMENT UNKNOWN"", ""NOT APPLICABLE""]","[""NONE""]","[""NO INDICATION OF INJURY"", ""REPORTED, NOT EVIDENT""]",2025,9,21,22,1,evening,41.91,-87.63,41.91_-87.63,0,0,,,,Other
STRAIGHT AND LEVEL,1524,2025-09-21 22:30:00,1,22,9,no injury / drive away,"OVER $1,500",NO CONTROLS,PARKED MOTOR VEHICLE,1.0,0.0,0.0,1.0,0.0,0.0,0.0,0.0,41.9020496556,"darkness, lighted road",-87.7643262636,NO INDICATION OF INJURY,2,30,UNABLE TO DETERMINE,NO DEFECTS,,NOT APPLICABLE,W,5511,no controls,NOT DIVIDED,clear,,,,,,4,0,"[""SIDE-RIGHT-REAR"", ""UNKNOWN""]","[""FORD"", ""UNKNOWN""]","[""PARKED"", ""UNKNOWN/NA""]","[""FUSION"", ""OTHER (EXPLAIN IN NARRATIVE)""]",[],[],"[""DEPLOYMENT UNKNOWN""]","[""UNKNOWN""]","[""NO INDICATION OF INJURY""]",2025,9,21,22,1,evening,41.9,-87.76,41.9_-87.76,0,0,,,,Other
STRAIGHT AND LEVEL,2521,2025-09-21 22:40:00,1,22,9,no injury / drive away,"$501 - $1,500",NO CONTROLS,PARKED MOTOR VEHICLE,1.0,0.0,0.0,1.0,0.0,0.0,0.0,0.0,41.9279726789,"darkness, lighted road",-87.7501044407,NO INDICATION OF INJURY,2,30,UNABLE TO DETERMINE,NO DEFECTS,dry,UNABLE TO DETERMINE,W,4928,no controls,ONE-WAY,clear,1.0,,,,,4,0,"[""FRONT-LEFT-CORNER"", ""REAR-RIGHT-CORNER""]","[""DODGE"", ""UNKNOWN""]","[""PARKED"", ""STRAIGHT AHEAD""]","[""CARAVAN"", ""MOTORIZED""]",[],[],"[""DEPLOYMENT UNKNOWN""]","[""NONE""]","[""NO INDICATION OF INJURY""]",2025,9,21,22,1,evening,41.93,-87.75,41.93_-87.75,0,1,,,,Other
STRAIGHT AND LEVEL,724,2025-09-21 23:10:00,1,23,9,no injury / drive away,$500 OR LESS,NO CONTROLS,PARKED MOTOR VEHICLE,1.0,0.0,0.0,1.0,0.0,0.0,0.0,0.0,41.7795682243,,-87.6510033885,NO INDICATION OF INJURY,2,25,UNABLE TO DETERMINE,,,UNABLE TO DETERMINE,S,6300,no controls,NOT DIVIDED,,,,,,,4,0,"[""SIDE-RIGHT-FRONT"", ""UNKNOWN""]","[""CHEVROLET"", ""UNKNOWN""]","[""PARKED"", ""UNKNOWN/NA""]","[""MALIBU"", ""OTHER (EXPLAIN IN NARRATIVE)""]",[],[],"[""DEPLOYMENT UNKNOWN""]","[""UNKNOWN""]","[""NO INDICATION OF INJURY""]",2025,9,21,23,1,evening,41.78,-87.65,41.78_-87.65,0,0,,,,Other
STRAIGHT AND LEVEL,1111,2025-09-21 23:30:00,1,23,9,no injury / drive away,"OVER $1,500",NO CONTROLS,PARKED MOTOR VEHICLE,1.0,0.0,0.0,1.0,0.0,0.0,0.0,0.0,41.9011544517,"darkness, lighted road",-87.7264055253,NO INDICATION OF INJURY,2,30,UNABLE TO DETERMINE,,dry,NOT APPLICABLE,N,1108,no controls,NOT DIVIDED,clear,,,,,,4,0,"[""REAR-LEFT-CORNER"", ""UNKNOWN""]","[""MITSUBISHI"", ""UNKNOWN""]","[""PARKED"", ""UNKNOWN/NA""]","[""OTHER (EXPLAIN IN NARRATIVE)"", ""OUTLANDER""]",[],[],"[""DEPLOYMENT UNKNOWN""]","[""UNKNOWN""]","[""NO INDICATION OF INJURY""]",2025,9,21,23,1,evening,41.9,-87.73,41.9_-87.73,0,0,,,,Other
STRAIGHT AND LEVEL,933,2025-09-21 23:34:00,1,23,9,injury and / or tow due to crash,"OVER $1,500",FUNCTIONING PROPERLY,TURNING,1.0,0.0,0.0,5.0,0.0,1.0,1.0,0.0,41.8086878811,darkness,-87.6553867772,"REPORTED, NOT EVIDENT",2,30,UNABLE TO DETERMINE,NO DEFECTS,dry,NOT APPLICABLE,S,4700,traffic signal,FOUR WAY,clear,,,,,,4,2,"[""FRONT"", ""SIDE-LEFT""]","[""CHEVROLET"", ""NISSAN""]","[""STRAIGHT AHEAD"", ""U-TURN""]","[""MAXIMA"", ""TAHOE""]","[""Y""]","[""25"", ""4""]","[""DEPLOYMENT UNKNOWN"", ""DID NOT DEPLOY""]","[""NONE"", ""UNKNOWN""]","[""NO INDICATION OF INJURY"", ""REPORTED, NOT EVIDENT""]",2025,9,21,23,1,evening,41.81,-87.66,41.81_-87.66,0,0,14.5,4.0,25.0,Other
STRAIGHT AND LEVEL,1024,2025-09-21 23:46:00,1,23,9,injury and / or tow due to crash,"OVER $1,500",NO CONTROLS,TURNING,1.0,0.0,0.0,1.0,1.0,0.0,1.0,0.0,41.8445108088,"darkness, lighted road",-87.713509186,NONINCAPACITATING INJURY,2,30,UNABLE TO DETERMINE,NO DEFECTS,dry,UNABLE TO DETERMINE,W,3526,no controls,FOUR WAY,clear,,1.0,,,,4,1,"[""FRONT"", ""UNKNOWN""]","[""JEEP"", ""UNKNOWN""]","[""STRAIGHT AHEAD"", ""TURNING LEFT""]","[""CHEROKEE"", ""ENGINE""]",[],"[""22""]","[""DEPLOYMENT UNKNOWN"", ""NOT APPLICABLE""]","[""TOTALLY EJECTED"", ""UNKNOWN""]","[""NO INDICATION OF INJURY"", ""NONINCAPACITATING INJURY""]",2025,9,21,23,1,evening,41.84,-87.71,41.84_-87.71,0,0,22.0,22.0,22.0,Other
STRAIGHT AND LEVEL,623,2025-09-22 00:15:00,2,0,9,no injury / drive away,"OVER $1,500",NO CONTROLS,HEAD ON,1.0,0.0,0.0,4.0,0.0,0.0,0.0,0.0,41.7547312757,darkness,-87.6328381965,NO INDICATION OF INJURY,3,30,UNABLE TO DETERMINE,,,NOT APPLICABLE,S,7655,no controls,OTHER,clear,,,,,,4,2,"[""FRONT"", ""UNKNOWN""]","[""KIA"", ""UNKNOWN""]","[""STRAIGHT AHEAD"", ""UNKNOWN/NA""]","[""OPTIMA / K5"", ""OTHER (EXPLAIN IN NARRATIVE)""]",[],"[""31"", ""32""]","[""DEPLOYMENT UNKNOWN"", ""NOT APPLICABLE""]","[""NONE"", ""UNKNOWN""]","[""NO INDICATION OF INJURY""]",2025,9,22,0,0,night,41.75,-87.63,41.75_-87.63,0,0,31.5,31.0,32.0,Other
STRAIGHT AND LEVEL,725,2025-09-22 01:00:00,2,1,9,injury and / or tow due to crash,"OVER $1,500",NO CONTROLS,PARKED MOTOR VEHICLE,1.0,0.0,0.0,1.0,0.0,0.0,0.0,0.0,41.77233814,,-87.6687564777,NO INDICATION OF INJURY,2,30,UNABLE TO DETERMINE,,,UNABLE TO DETERMINE,S,6655,no controls,NOT DIVIDED,,,,,,,4,0,"[""REAR"", ""UNKNOWN""]","[""AUDI"", ""UNKNOWN""]","[""PARKED"", ""UNKNOWN/NA""]","[""A7"", ""OTHER (EXPLAIN IN NARRATIVE)""]","[""Y""]",[],"[""DEPLOYMENT UNKNOWN""]","[""UNKNOWN""]","[""NO INDICATION OF INJURY""]",2025,9,22,1,0,night,41.77,-87.67,41.77_-87.67,0,0,,,,Other
STRAIGHT AND LEVEL,1723,2025-09-22 01:57:00,2,1,9,injury and / or tow due to crash,"OVER $1,500",FUNCTIONING PROPERLY,REAR END,1.0,0.0,0.0,2.0,0.0,0.0,0.0,0.0,41.9538932012,"darkness, lighted road",-87.7178856706,NO INDICATION OF INJURY,2,30,NOT APPLICABLE,NO DEFECTS,wet,NOT APPLICABLE,W,3600,traffic signal,DIVIDED - W/MEDIAN BARRIER,clear,,,,,,4,1,"[""FRONT"", ""REAR""]","[""FORD"", ""HYUNDAI""]","[""OTHER"", ""STRAIGHT AHEAD""]","[""F150"", ""TUCSON""]","[""Y""]","[""48""]","[""DEPLOYMENT UNKNOWN"", ""NOT APPLICABLE""]","[""NONE""]","[""NO INDICATION OF INJURY""]",2025,9,22,1,0,night,41.95,-87.72,41.95_-87.72,0,0,48.0,48.0,48.0,Other
STRAIGHT AND LEVEL,623,2025-09-22 02:00:00,2,2,9,injury and / or tow due to crash,"OVER $1,500",NO CONTROLS,SIDESWIPE SAME DIRECTION,1.0,0.0,0.0,2.0,0.0,0.0,0.0,0.0,41.7509181383,darkness,-87.6246901225,NO INDICATION OF INJURY,2,30,UNABLE TO DETERMINE,NO DEFECTS,dry,UNABLE TO DETERMINE,S,7900,no controls,NOT DIVIDED,clear,,,,,,4,1,"[""SIDE-LEFT"", ""SIDE-RIGHT""]","[""JEEP"", ""UNKNOWN""]","[""STRAIGHT AHEAD"", ""UNKNOWN/NA""]","[""GRAND CHEROKEE"", ""MOTORIZED""]","[""Y""]","[""40""]","[""DEPLOYMENT UNKNOWN"", ""DID NOT DEPLOY""]","[""NONE""]","[""NO INDICATION OF INJURY""]",2025,9,22,2,0,night,41.75,-87.62,41.75_-87.62,0,1,40.0,40.0,40.0,Other
STRAIGHT AND LEVEL,1512,2025-09-22 03:10:00,2,3,9,no injury / drive away,"$501 - $1,500",,ANGLE,1.0,0.0,0.0,2.0,0.0,0.0,0.0,0.0,41.8872008357,"darkness, lighted road",-87.7678084909,NO INDICATION OF INJURY,2,30,UNABLE TO DETERMINE,,,NOT APPLICABLE,N,400,stop sign/flasher,FOUR WAY,,,1.0,,,,4,1,"[""FRONT"", ""REAR-LEFT-CORNER""]","[""CHEVROLET"", ""FORD""]","[""PASSING/OVERTAKING"", ""STRAIGHT AHEAD""]","[""IMPALA"", ""MUSTANG""]",[],"[""24""]","[""DEPLOYMENT UNKNOWN"", ""NOT APPLICABLE""]","[""NONE""]","[""NO INDICATION OF INJURY""]",2025,9,22,3,0,night,41.89,-87.77,41.89_-87.77,0,0,24.0,24.0,24.0,Other
STRAIGHT AND LEVEL,2011,2025-09-22 03:53:00,2,3,9,injury and / or tow due to crash,"OVER $1,500",NO CONTROLS,FIXED OBJECT,1.0,0.0,0.0,1.0,0.0,0.0,0.0,0.0,41.9882900322,"darkness, lighted road",-87.7036194971,NO INDICATION OF INJURY,1,35,UNABLE TO DETERMINE,NO DEFECTS,dry,UNABLE TO DETERMINE,N,5875,no controls,DIVIDED - W/MEDIAN BARRIER,clear,1.0,,,,,2,0,"[""FRONT""]","[""FORD""]","[""STRAIGHT AHEAD""]","[""FUSION""]","[""Y""]",[],"[""DEPLOYMENT UNKNOWN""]","[""UNKNOWN""]","[""NO INDICATION OF INJURY""]",2025,9,22,3,0,night,41.99,-87.7,41.99_-87.7,0,0,,,,Other
STRAIGHT AND LEVEL,1021,2025-09-22 04:00:00,2,4,9,no injury / drive away,"$501 - $1,500",NO CONTROLS,FIXED OBJECT,0.0,0.0,0.0,1.0,0.0,0.0,0.0,0.0,41.8599550731,"darkness, lighted road",-87.7117244903,NO INDICATION OF INJURY,1,20,UNABLE TO DETERMINE,NO DEFECTS,dry,UNABLE TO DETERMINE,S,1528,no controls,ALLEY,clear,,,,,,2,0,"[""FRONT""]","[""JEEP""]","[""UNKNOWN/NA""]","[""COMPASS""]",[],[],"[""DID NOT DEPLOY""]","[""NONE""]","[""NO INDICATION OF INJURY""]",2025,9,22,4,0,night,41.86,-87.71,41.86_-87.71,0,0,,,,Other
STRAIGHT AND LEVEL,2515,2025-09-22 04:00:00,2,4,9,no injury / drive away,"OVER $1,500",NO CONTROLS,PARKED MOTOR VEHICLE,1.0,0.0,0.0,1.0,0.0,0.0,0.0,0.0,41.9205531188,darkness,-87.768443314,NO INDICATION OF INJURY,2,25,UNABLE TO DETERMINE,,,UNABLE TO DETERMINE,N,2206,no controls,ONE-WAY,,1.0,,,,,4,0,"[""UNKNOWN""]","[""HONDA"", ""UNKNOWN""]","[""PARKED"", ""UNKNOWN/NA""]","[""CR-V"", ""MOTORIZED""]",[],[],"[""DEPLOYMENT UNKNOWN""]","[""UNKNOWN""]","[""NO INDICATION OF INJURY""]",2025,9,22,4,0,night,41.92,-87.77,41.92_-87.77,0,1,,,,Other
STRAIGHT AND LEVEL,1624,2025-09-22 04:06:00,2,4,9,injury and / or tow due to crash,"OVER $1,500",NO CONTROLS,PARKED MOTOR VEHICLE,1.0,0.0,0.0,1.0,0.0,0.0,0.0,0.0,41.9535079634,"darkness, lighted road",-87.7491055826,NO INDICATION OF INJURY,2,30,UNABLE TO DETERMINE,NO DEFECTS,dry,UNABLE TO DETERMINE,W,4848,no controls,NOT DIVIDED,clear,,,,,,4,0,"[""FRONT-RIGHT-CORNER"", ""SIDE-LEFT-REAR""]","[""CHEVROLET"", ""UNKNOWN""]","[""PARKED"", ""STRAIGHT AHEAD""]","[""OTHER (EXPLAIN IN NARRATIVE)"", ""TRAX""]","[""Y""]",[],"[""DEPLOYMENT UNKNOWN""]","[""NONE""]","[""NO INDICATION OF INJURY""]",2025,9,22,4,0,night,41.95,-87.75,41.95_-87.75,0,0,,,,Other
STRAIGHT AND LEVEL,1031,2025-09-22 05:10:00,2,5,9,no injury / drive away,"OVER $1,500",NO CONTROLS,PARKED MOTOR VEHICLE,1.0,0.0,0.0,1.0,0.0,0.0,0.0,0.0,41.8404136465,"darkness, lighted road",-87.724591462,NO INDICATION OF INJURY,2,30,UNABLE TO DETERMINE,NO DEFECTS,dry,UNABLE TO DETERMINE,S,2802,no controls,NOT DIVIDED,clear,,,,,,4,0,"[""REAR-LEFT-CORNER"", ""UNKNOWN""]","[""HONDA"", ""UNKNOWN""]","[""PARKED"", ""UNKNOWN/NA""]","[""OTHER (EXPLAIN IN NARRATIVE)"", ""PILOT""]",[],[],"[""DEPLOYMENT UNKNOWN""]","[""NONE""]","[""NO INDICATION OF INJURY""]",2025,9,22,5,0,night,41.84,-87.72,41.84_-87.72,0,0,,,,Other
STRAIGHT AND LEVEL,813,2025-09-22 05:10:00,2,5,9,no injury / drive away,"OVER $1,500",NO CONTROLS,SIDESWIPE SAME DIRECTION,1.0,0.0,0.0,2.0,0.0,0.0,0.0,0.0,41.7783731412,darkness,-87.7508547455,NO INDICATION OF INJURY,2,30,UNABLE TO DETERMINE,NO DEFECTS,dry,PHYSICAL CONDITION OF DRIVER,W,5132,no controls,NOT DIVIDED,clear,,,,,,4,1,"[""SIDE-LEFT"", ""SIDE-RIGHT""]","[""DODGE"", ""MITSUBISHI""]","[""PASSING/OVERTAKING"", ""STRAIGHT AHEAD""]","[""JOURNEY"", ""OTHER (EXPLAIN IN NARRATIVE)""]",[],"[""54""]","[""DEPLOYMENT UNKNOWN"", ""NOT APPLICABLE""]","[""NONE""]","[""NO INDICATION OF INJURY""]",2025,9,22,5,0,night,41.78,-87.75,41.78_-87.75,0,0,54.0,54.0,54.0,Other
STRAIGHT AND LEVEL,424,2025-09-22 05:15:00,2,5,9,no injury / drive away,$500 OR LESS,NO CONTROLS,PARKED MOTOR VEHICLE,1.0,0.0,0.0,1.0,0.0,0.0,0.0,0.0,41.7332699952,"darkness, lighted road",-87.5431185083,NO INDICATION OF INJURY,2,30,UNABLE TO DETERMINE,NO DEFECTS,dry,NOT APPLICABLE,S,8916,no controls,NOT DIVIDED,clear,,,,,,4,0,"[""REAR-LEFT-CORNER"", ""UNKNOWN""]","[""TOYOTA"", ""UNKNOWN""]","[""PARKED"", ""UNKNOWN/NA""]","[""COROLLA"", ""OTHER (EXPLAIN IN NARRATIVE)""]",[],[],"[""DEPLOYMENT UNKNOWN""]","[""NONE""]","[""NO INDICATION OF INJURY""]",2025,9,22,5,0,night,41.73,-87.54,41.73_-87.54,0,0,,,,Other
STRAIGHT AND LEVEL,1531,2025-09-22 06:00:00,2,6,9,no injury / drive away,"OVER $1,500",NO CONTROLS,PARKED MOTOR VEHICLE,1.0,0.0,0.0,1.0,0.0,0.0,0.0,0.0,41.8995241052,daylight,-87.7485066723,NO INDICATION OF INJURY,2,20,UNABLE TO DETERMINE,NO DEFECTS,dry,UNABLE TO DETERMINE,N,1030,no controls,ONE-WAY,clear,,,,,,4,0,"[""SIDE-RIGHT"", ""UNKNOWN""]","[""HONDA"", ""UNKNOWN""]","[""PARKED"", ""UNKNOWN/NA""]","[""ODYSSEY"", ""OTHER (EXPLAIN IN NARRATIVE)""]",[],[],"[""DEPLOYMENT UNKNOWN""]","[""UNKNOWN""]","[""NO INDICATION OF INJURY""]",2025,9,22,6,0,night,41.9,-87.75,41.9_-87.75,0,0,,,,Other
STRAIGHT AND LEVEL,1121,2025-09-22 06:00:00,2,6,9,no injury / drive away,"OVER $1,500",NO CONTROLS,PARKED MOTOR VEHICLE,1.0,0.0,0.0,1.0,0.0,0.0,0.0,0.0,41.8917364491,,-87.7109506454,NO INDICATION OF INJURY,2,25,IMPROPER BACKING,NO DEFECTS,,UNABLE TO DETERMINE,W,3351,no controls,ONE-WAY,,1.0,,,,,4,0,"[""FRONT-RIGHT-CORNER"", ""UNKNOWN""]","[""NISSAN"", ""UNKNOWN""]","[""BACKING"", ""PARKED""]","[""OTHER (EXPLAIN IN NARRATIVE)"", ""ROGUE""]",[],[],"[""DEPLOYMENT UNKNOWN""]","[""UNKNOWN""]","[""NO INDICATION OF INJURY""]",2025,9,22,6,0,night,41.89,-87.71,41.89_-87.71,0,0,,,,DUI/Impairment