alignment,beat_of_occurrence,crash_date,crash_day_of_week,crash_hour,crash_month,crash_type,damage,device_condition,first_crash_type,hit_and_run_i,injuries_fatal,injuries_incapacitating,injuries_no_indication,injuries_non_incapacitating,injuries_reported_not_evident,injuries_total,injuries_unknown,latitude,lighting_condition,longitude,most_severe_injury,num_units,posted_speed_limit,prim_contributory_cause,road_defect,roadway_surface_cond,sec_contributory_cause,street_direction,street_no,traffic_control_device,trafficway_type,weather_condition,crash_date_est_i,intersection_related_i,work_zone_i,dooring_i,private_property_i,veh_count,ppl_count,veh_first_contact_point_list_json,veh_make_list_json,veh_maneuver_list_json,veh_model_list_json,veh_towed_i_list_json,ppl_age_list_json,ppl_airbag_deployed_list_json,ppl_ejection_list_json,ppl_injury_classification_list_json,year,month,day,hour,is_weekend,hour_bin,lat_bin,lng_bin,grid_id,veh_truck_i,veh_mc_i,ppl_age_mean,ppl_age_min,ppl_age_max,cause_group
STRAIGHT AND LEVEL,815,2025-09-22 06:00:00,2,6,9,no injury / drive away,"OVER $1,500",FUNCTIONING PROPERLY,SIDESWIPE SAME DIRECTION,1.0,0.0,0.0,2.0,0.0,0.0,0.0,0.0,41.7992442508,daylight,-87.7428007895,NO INDICATION OF INJURY,2,30,IMPROPER OVERTAKING/PASSING,NO DEFECTS,dry,IMPROPER LANE USAGE,S,5133,traffic signal,DIVIDED - W/MEDIAN (NOT RAISED),clear,,,,,,4,1,"[""SIDE-LEFT"", ""SIDE-RIGHT""]","[""DODGE"", ""UNKNOWN""]","[""MERGING"", ""PASSING/OVERTAKING""]","[""DURANGO"", ""OTHER (EXPLAIN IN NARRATIVE)""]",[],"[""22""]","[""DEPLOYMENT UNKNOWN"", ""DID NOT DEPLOY""]","[""NONE""]","[""NO INDICATION OF INJURY""]",2025,9,22,6,0,night,41.8,-87.74,41.8_-87.74,0,0,22.0,22.0,22.0,Other
STRAIGHT AND LEVEL,412,2025-09-22 06:25:00,2,6,9,no injury / drive away,$500 OR LESS,NO CONTROLS,TURNING,1.0,0.0,0.0,3.0,0.0,0.0,0.0,0.0,41.7369644201,daylight,-87.5850596484,NO INDICATION OF INJURY,2,30,UNABLE TO DETERMINE,,dry,NOT APPLICABLE,S,8699,no controls,NOT DIVIDED,clear,,,,,,3,1,"[""SIDE-LEFT"", ""SIDE-RIGHT""]","[""GENERAL MOTORS CORPORATION (GMC)"", ""NISSAN""]","[""TURNING LEFT""]","[""OTHER (EXPLAIN IN NARRATIVE)""]",[],"[""78""]","[""DEPLOYMENT UNKNOWN"", ""DID NOT DEPLOY""]","[""NONE""]","[""NO INDICATION OF INJURY""]",2025,9,22,6,0,night,41.74,-87.59,41.74_-87.59,0,1,78.0,78.0,78.0,Other
STRAIGHT AND LEVEL,2532,2025-09-22 07:00:00,2,7,9,no injury / drive away,"OVER $1,500",,SIDESWIPE SAME DIRECTION,1.0,0.0,0.0,5.0,0.0,0.0,0.0,0.0,41.9093787721,daylight,-87.756824282,NO INDICATION OF INJURY,2,35,IMPROPER OVERTAKING/PASSING,NO DEFECTS,dry,NOT APPLICABLE,W,5229,,NOT DIVIDED,clear,,,,,,4,4,"[""REAR-LEFT-CORNER"", ""UNKNOWN""]","[""FORD"", ""GENERAL MOTORS CORPORATION (GMC)""]","[""PASSING/OVERTAKING"", ""STRAIGHT AHEAD""]","[""F250"", ""SAVANNAH""]",[],"[""17"", ""21"", ""33"", ""35""]","[""DEPLOYMENT UNKNOWN"", ""NOT APPLICABLE""]","[""NONE""]","[""NO INDICATION OF INJURY""]",2025,9,22,7,0,morning,41.91,-87.76,41.91_-87.76,0,1,26.5,17.0,35.0,Other
STRAIGHT AND LEVEL,1533,2025-09-22 07:00:00,2,7,9,no injury / drive away,"OVER $1,500",NO CONTROLS,PARKED MOTOR VEHICLE,1.0,0.0,0.0,1.0,0.0,0.0,0.0,0.0,41.8757478675,daylight,-87.7468724219,NO INDICATION OF INJURY,2,20,UNABLE TO DETERMINE,NO DEFECTS,dry,UNABLE TO DETERMINE,W,4845,no controls,ONE-WAY,clear,1.0,,,,,4,0,"[""SIDE-LEFT"", ""UNKNOWN""]","[""CHEVROLET"", ""UNKNOWN""]","[""PARKED"", ""UNKNOWN/NA""]","[""MALIBU"", ""OTHER (EXPLAIN IN NARRATIVE)""]",[],[],"[""DEPLOYMENT UNKNOWN""]","[""UNKNOWN""]","[""NO INDICATION OF INJURY""]",2025,9,22,7,0,morning,41.88,-87.75,41.88_-87.75,0,0,,,,Other
STRAIGHT AND LEVEL,1711,2025-09-22 07:15:00,2,7,9,no injury / drive away,"OVER $1,500",NO CONTROLS,PARKED MOTOR VEHICLE,1.0,0.0,0.0,1.0,0.0,0.0,0.0,0.0,41.9948170432,,-87.7143427683,NO INDICATION OF INJURY,2,15,UNABLE TO DETERMINE,,,UNABLE TO DETERMINE,N,6211,no controls,PARKING LOT,,,,,,,4,0,"[""REAR"", ""UNKNOWN""]","[""HONDA"", ""UNKNOWN""]","[""PARKED"", ""UNKNOWN/NA""]","[""HR-V"", ""MOTORIZED""]",[],[],"[""DEPLOYMENT UNKNOWN""]","[""UNKNOWN""]","[""NO INDICATION OF INJURY""]",2025,9,22,7,0,morning,41.99,-87.71,41.99_-87.71,0,1,,,,Other
STRAIGHT AND LEVEL,1233,2025-09-22 07:30:00,2,7,9,no injury / drive away,"OVER $1,500",FUNCTIONING PROPERLY,ANGLE,1.0,0.0,0.0,2.0,0.0,0.0,0.0,0.0,41.8666045814,daylight,-87.6614175253,NO INDICATION OF INJURY,2,30,UNABLE TO DETERMINE,,dry,NOT APPLICABLE,S,1211,traffic signal,NOT DIVIDED,clear,,,,,,4,1,"[""FRONT-LEFT-CORNER"", ""SIDE-LEFT-REAR""]","[""NISSAN"", ""TOYOTA""]","[""STRAIGHT AHEAD""]","[""OTHER (EXPLAIN IN NARRATIVE)"", ""RAV4""]",[],"[""70""]","[""DEPLOYMENT UNKNOWN"", ""NOT APPLICABLE""]","[""NONE""]","[""NO INDICATION OF INJURY""]",2025,9,22,7,0,morning,41.87,-87.66,41.87_-87.66,0,0,70.0,70.0,70.0,Other
STRAIGHT AND LEVEL,914,2025-09-22 07:54:00,2,7,9,injury and / or tow due to crash,"OVER $1,500",NO CONTROLS,OTHER OBJECT,1.0,0.0,0.0,1.0,1.0,0.0,1.0,0.0,41.8511978333,daylight,-87.6385403033,NONINCAPACITATING INJURY,2,30,UNABLE TO DETERMINE,NO DEFECTS,dry,UNABLE TO DETERMINE,S,2284,no controls,NOT DIVIDED,clear,,,,,,2,1,"[""FRONT""]","[""HONDA""]","[""TURNING RIGHT""]","[""CR-V""]",[],"[""30""]","[""DEPLOYMENT UNKNOWN"", ""DID NOT DEPLOY""]","[""NONE""]","[""NO INDICATION OF INJURY"", ""NONINCAPACITATING INJURY""]",2025,9,22,7,0,morning,41.85,-87.64,41.85_-87.64,0,0,30.0,30.0,30.0,Other
STRAIGHT AND LEVEL,413,2025-09-22 08:00:00,2,8,9,no injury / drive away,"OVER $1,500",NO CONTROLS,SIDESWIPE SAME DIRECTION,1.0,0.0,0.0,2.0,0.0,0.0,0.0,0.0,41.7277958023,daylight,-87.5828180237,NO INDICATION OF INJURY,2,30,DRIVING SKILLS/KNOWLEDGE/EXPERIENCE,NO DEFECTS,,NOT APPLICABLE,S,9200,no controls,ONE-WAY,,,,,,,4,1,"[""SIDE-LEFT-FRONT"", ""SIDE-RIGHT""]","[""CHEVROLET"", ""KIA""]","[""PASSING/OVERTAKING"", ""SLOW/STOP IN TRAFFIC""]","[""OTHER (EXPLAIN IN NARRATIVE)"", ""TRAX""]",[],"[""55""]","[""DEPLOYMENT UNKNOWN"", ""DID NOT DEPLOY""]","[""NONE""]","[""NO INDICATION OF INJURY""]",2025,9,22,8,0,morning,41.73,-87.58,41.73_-87.58,0,0,55.0,55.0,55.0,Other
STRAIGHT AND LEVEL,824,2025-09-22 08:15:00,2,8,9,no injury / drive away,"OVER $1,500",NO CONTROLS,PARKED MOTOR VEHICLE,0.0,0.0,0.0,1.0,0.0,0.0,0.0,0.0,41.7855197258,daylight,-87.7007425704,NO INDICATION OF INJURY,2,30,UNABLE TO DETERMINE,,dry,UNABLE TO DETERMINE,S,5925,no controls,ONE-WAY,clear,,,,,,4,1,"[""FRONT-LEFT-CORNER"", ""REAR""]","[""HONDA"", ""MERCURY""]","[""BACKING"", ""PARKED""]","[""HR-V"", ""MARINER""]",[],"[""48""]","[""NOT APPLICABLE""]","[""NONE""]","[""NO INDICATION OF INJURY""]",2025,9,22,8,0,morning,41.79,-87.7,41.79_-87.7,0,0,48.0,48.0,48.0,Other
STRAIGHT AND LEVEL,1111,2025-09-22 08:20:00,2,8,9,no injury / drive away,"OVER $1,500",NO CONTROLS,SIDESWIPE SAME DIRECTION,1.0,0.0,0.0,2.0,0.0,0.0,0.0,0.0,41.9025602538,daylight,-87.7263594668,NO INDICATION OF INJURY,2,35,UNABLE TO DETERMINE,,dry,UNABLE TO DETERMINE,W,4001,no controls,NOT DIVIDED,clear,,,,,,4,1,"[""SIDE-LEFT"", ""SIDE-RIGHT-REAR""]","[""NISSAN"", ""UNKNOWN""]","[""STRAIGHT AHEAD""]","[""OTHER (EXPLAIN IN NARRATIVE)"", ""ROGUE""]",[],"[""39""]","[""DEPLOYMENT UNKNOWN"", ""NOT APPLICABLE""]","[""NONE"", ""UNKNOWN""]","[""NO INDICATION OF INJURY""]",2025,9,22,8,0,morning,41.9,-87.73,41.9_-87.73,0,0,39.0,39.0,39.0,Other
STRAIGHT AND LEVEL,1912,2025-09-22 08:20:00,2,8,9,no injury / drive away,"OVER $1,500",NO CONTROLS,PARKED MOTOR VEHICLE,1.0,0.0,0.0,1.0,0.0,0.0,0.0,0.0,41.9630198507,daylight,-87.6747121353,NO INDICATION OF INJURY,2,25,IMPROPER BACKING,NO DEFECTS,dry,FOLLOWING TOO CLOSELY,N,4450,no controls,NOT DIVIDED,clear,,,,,,4,0,"[""REAR-RIGHT-CORNER"", ""SIDE-LEFT-REAR""]","[""MERCEDES-BENZ"", ""TESLA""]","[""BACKING"", ""PARKED""]","[""MODEL Y"", ""OTHER (EXPLAIN IN NARRATIVE)""]",[],[],"[""NOT APPLICABLE""]","[""NONE""]","[""NO INDICATION OF INJURY""]",2025,9,22,8,0,morning,41.96,-87.67,41.96_-87.67,0,0,,,,DUI/Impairment
STRAIGHT AND LEVEL,2413,2025-09-22 08:20:00,2,8,9,no injury / drive away,"OVER $1,500",,SIDESWIPE SAME DIRECTION,1.0,0.0,0.0,2.0,0.0,0.0,0.0,0.0,41.9925874877,daylight,-87.6898621544,NO INDICATION OF INJURY,2,30,FAILING TO YIELD RIGHT-OF-WAY,,,UNABLE TO DETERMINE,N,6108,,NOT DIVIDED,clear,,,,,,4,1,"[""SIDE-LEFT"", ""UNKNOWN""]","[""KIA"", ""UNKNOWN""]","[""CHANGING LANES"", ""STRAIGHT AHEAD""]","[""OTHER (EXPLAIN IN NARRATIVE)"", ""SOUL""]",[],"[""54""]","[""DEPLOYMENT UNKNOWN"", ""NOT APPLICABLE""]","[""NONE"", ""UNKNOWN""]","[""NO INDICATION OF INJURY""]",2025,9,22,8,0,morning,41.99,-87.69,41.99_-87.69,0,0,54.0,54.0,54.0,Failure-to-Yield
STRAIGHT AND LEVEL,2512,2025-09-22 08:30:00,2,8,9,no injury / drive away,"OVER $1,500",NO CONTROLS,PARKED MOTOR VEHICLE,1.0,0.0,0.0,1.0,0.0,0.0,0.0,0.0,41.9189727437,dawn,-87.7876021094,NO INDICATION OF INJURY,2,30,UNABLE TO DETERMINE,NO DEFECTS,dry,NOT APPLICABLE,N,2125,no controls,NOT DIVIDED,clear,,,,,,4,0,"[""FRONT-LEFT-CORNER"", ""SIDE-RIGHT""]","[""CHEVROLET"", ""UNKNOWN""]","[""PARKED"", ""UNKNOWN/NA""]","[""OTHER (EXPLAIN IN NARRATIVE)"", ""TAHOE""]",[],[],"[""DEPLOYMENT UNKNOWN""]","[""NONE""]","[""NO INDICATION OF INJURY""]",2025,9,22,8,0,morning,41.92,-87.79,41.92_-87.79,0,0,,,,Other
STRAIGHT AND LEVEL,1424,2025-09-22 08:35:00,2,8,9,no injury / drive away,$500 OR LESS,NO CONTROLS,PARKED MOTOR VEHICLE,1.0,0.0,0.0,1.0,0.0,0.0,0.0,0.0,41.9053885538,daylight,-87.6869434036,NO INDICATION OF INJURY,2,30,UNABLE TO DETERMINE,NO DEFECTS,dry,NOT APPLICABLE,N,1317,no controls,NOT DIVIDED,clear,,,,,,3,0,"[""SIDE-LEFT"", ""SIDE-RIGHT""]","[""HINO"", ""UNKNOWN""]","[""PARKED"", ""STRAIGHT AHEAD""]","[""HINO"", ""OTHER (EXPLAIN IN NARRATIVE)""]",[],[],"[""DEPLOYMENT UNKNOWN""]","[""NONE""]","[""NO INDICATION OF INJURY""]",2025,9,22,8,0,morning,41.91,-87.69,41.91_-87.69,0,0,,,,Other
STRAIGHT AND LEVEL,1623,2025-09-22 08:37:00,2,8,9,no injury / drive away,"OVER $1,500",NO CONTROLS,PARKED MOTOR VEHICLE,0.0,0.0,0.0,1.0,0.0,0.0,0.0,0.0,41.9774771637,,-87.7670755014,NO INDICATION OF INJURY,2,25,DRIVING SKILLS/KNOWLEDGE/EXPERIENCE,NO DEFECTS,dry,NOT APPLICABLE,N,5301,no controls,NOT DIVIDED,clear,,,,,,4,0,"[""FRONT"", ""REAR""]","[""CHEVROLET"", ""TOYOTA""]","[""PARKED"", ""UNKNOWN/NA""]","[""PRIUS"", ""TAHOE""]",[],[],"[""DEPLOYMENT UNKNOWN""]","[""NONE""]","[""NO INDICATION OF INJURY""]",2025,9,22,8,0,morning,41.98,-87.77,41.98_-87.77,0,0,,,,Other
STRAIGHT AND LEVEL,2423,2025-09-22 08:40:00,2,8,9,no injury / drive away,"$501 - $1,500",FUNCTIONING PROPERLY,TURNING,1.0,0.0,0.0,2.0,0.0,0.0,0.0,0.0,42.0125284026,daylight,-87.6745195325,NO INDICATION OF INJURY,2,30,IMPROPER TURNING/NO SIGNAL,NO DEFECTS,dry,IMPROPER TURNING/NO SIGNAL,W,1757,traffic signal,FOUR WAY,clear,,,,,,4,1,"[""FRONT"", ""SIDE-RIGHT""]","[""FORD"", ""VOLKSWAGEN""]","[""STRAIGHT AHEAD"", ""TURNING LEFT""]","[""ECONOLINE E150"", ""PASSAT""]",[],"[""29""]","[""DEPLOYMENT UNKNOWN"", ""NOT APPLICABLE""]","[""NONE""]","[""NO INDICATION OF INJURY""]",2025,9,22,8,0,morning,42.01,-87.67,42.01_-87.67,0,0,29.0,29.0,29.0,Other
STRAIGHT AND LEVEL,2424,2025-09-22 08:55:00,2,8,9,no injury / drive away,"OVER $1,500",NO CONTROLS,SIDESWIPE SAME DIRECTION,1.0,0.0,0.0,2.0,0.0,0.0,0.0,0.0,42.0064603699,daylight,-87.6758706938,NO INDICATION OF INJURY,2,25,UNABLE TO DETERMINE,NO DEFECTS,dry,NOT APPLICABLE,N,6848,no controls,ONE-WAY,clear,,,,,,4,1,"[""FRONT-LEFT-CORNER"", ""FRONT-RIGHT-CORNER""]","[""HONDA"", ""UNKNOWN""]","[""ENTERING TRAFFIC LANE FROM PARKING"", ""STRAIGHT AHEAD""]","[""CR-V"", ""OTHER (EXPLAIN IN NARRATIVE)""]",[],"[""40""]","[""DEPLOYMENT UNKNOWN"", ""DID NOT DEPLOY""]","[""NONE""]","[""NO INDICATION OF INJURY""]",2025,9,22,8,0,morning,42.01,-87.68,42.01_-87.68,0,0,40.0,40.0,40.0,Other
STRAIGHT AND LEVEL,623,2025-09-22 09:00:00,2,9,9,no injury / drive away,"OVER $1,500",NO CONTROLS,SIDESWIPE SAME DIRECTION,1.0,0.0,0.0,2.0,0.0,0.0,0.0,0.0,41.756231795,daylight,-87.6324323658,NO INDICATION OF INJURY,2,30,FOLLOWING TOO CLOSELY,,,NOT APPLICABLE,S,7602,no controls,PARKING LOT,,,,,,,4,1,"[""SIDE-RIGHT"", ""UNKNOWN""]","[""HYUNDAI"", ""UNKNOWN""]","[""BACKING"", ""UNKNOWN/NA""]","[""OTHER (EXPLAIN IN NARRATIVE)"", ""TUCSON""]",[],"[""39""]","[""DEPLOYMENT UNKNOWN"", ""NOT APPLICABLE""]","[""NONE""]","[""NO INDICATION OF INJURY""]",2025,9,22,9,0,morning,41.76,-87.63,41.76_-87.63,0,0,39.0,39.0,39.0,Following Too Closely
STRAIGHT AND LEVEL,235,2025-09-22 09:25:00,2,9,9,no injury / drive away,$500 OR LESS,NO CONTROLS,SIDESWIPE SAME DIRECTION,1.0,0.0,0.0,2.0,0.0,0.0,0.0,0.0,41.7913038742,daylight,-87.6014459393,NO INDICATION OF INJURY,2,25,IMPROPER OVERTAKING/PASSING,NO DEFECTS,dry,UNABLE TO DETERMINE,S,5700,no controls,NOT DIVIDED,clear,,,,,,3,1,"[""OTHER"", ""UNKNOWN""]","[""NEW FLYER"", ""UNKNOWN""]","[""STRAIGHT AHEAD"", ""UNKNOWN/NA""]","[""OTHER (EXPLAIN IN NARRATIVE)""]",[],"[""65""]","[""DEPLOYMENT UNKNOWN"", ""NOT APPLICABLE""]","[""NONE""]","[""NO INDICATION OF INJURY""]",2025,9,22,9,0,morning,41.79,-87.6,41.79_-87.6,0,0,65.0,65.0,65.0,Other
STRAIGHT AND LEVEL,124,2025-09-22 10:04:00,2,10,9,injury and / or tow due to crash,"$501 - $1,500",FUNCTIONING PROPERLY,PEDESTRIAN,1.0,0.0,0.0,1.0,1.0,0.0,1.0,0.0,41.8673283915,daylight,-87.6422642382,NONINCAPACITATING INJURY,2,30,UNABLE TO DETERMINE,NO DEFECTS,dry,UNABLE TO DETERMINE,W,600,traffic signal,NOT DIVIDED,clear,,1.0,,,,2,1,"[""UNKNOWN""]","[""CHEVROLET""]","[""TURNING LEFT""]","[""EQUINOX""]",[],"[""74""]","[""DEPLOYMENT UNKNOWN""]","[""NONE""]","[""NO INDICATION OF INJURY"", ""NONINCAPACITATING INJURY""]",2025,9,22,10,0,morning,41.87,-87.64,41.87_-87.64,0,0,74.0,74.0,74.0,Other
STRAIGHT AND LEVEL,2521,2025-09-22 10:20:00,2,10,9,no injury / drive away,"OVER $1,500",NO CONTROLS,TURNING,1.0,0.0,0.0,2.0,0.0,0.0,0.0,0.0,41.9316343415,daylight,-87.746745546,NO INDICATION OF INJURY,2,30,UNABLE TO DETERMINE,NO DEFECTS,dry,NOT APPLICABLE,N,2802,no controls,NOT DIVIDED,clear,,,,,,4,1,"[""FRONT"", ""UNKNOWN""]","[""TOYOTA"", ""UNKNOWN""]","[""TURNING LEFT"", ""UNKNOWN/NA""]","[""CAMRY"", ""OTHER (EXPLAIN IN NARRATIVE)""]",[],"[""72""]","[""DEPLOYMENT UNKNOWN"", ""NOT APPLICABLE""]","[""NONE""]","[""NO INDICATION OF INJURY""]",2025,9,22,10,0,morning,41.93,-87.75,41.93_-87.75,0,0,72.0,72.0,72.0,Other
STRAIGHT AND LEVEL,2531,2025-09-22 10:20:00,2,10,9,no injury / drive away,"OVER $1,500",FUNCTIONING PROPERLY,SIDESWIPE SAME DIRECTION,1.0,0.0,0.0,2.0,0.0,0.0,0.0,0.0,41.9022491861,daylight,-87.7660302726,NO INDICATION OF INJURY,2,30,IMPROPER OVERTAKING/PASSING,NO DEFECTS,dry,DRIVING SKILLS/KNOWLEDGE/EXPERIENCE,W,5608,traffic signal,NOT DIVIDED,clear,,1.0,,,,4,1,"[""REAR-RIGHT-CORNER"", ""SIDE-LEFT""]","[""HONDA"", ""NISSAN""]","[""PASSING/OVERTAKING"", ""SLOW/STOP IN TRAFFIC""]","[""ALTIMA"", ""OTHER (EXPLAIN IN NARRATIVE)""]",[],"[""31""]","[""DID NOT DEPLOY""]","[""NONE""]","[""NO INDICATION OF INJURY""]",2025,9,22,10,0,morning,41.9,-87.77,41.9_-87.77,0,0,31.0,31.0,31.0,Other
STRAIGHT AND LEVEL,923,2025-09-22 10:20:00,2,10,9,no injury / drive away,"OVER $1,500",NO CONTROLS,SIDESWIPE SAME DIRECTION,1.0,0.0,0.0,2.0,0.0,0.0,0.0,0.0,41.8029414592,daylight,-87.6939060448,NO INDICATION OF INJURY,2,30,IMPROPER OVERTAKING/PASSING,NO DEFECTS,dry,IMPROPER OVERTAKING/PASSING,S,4957,no controls,NOT DIVIDED,clear,,,,,,4,1,"[""FRONT-RIGHT-CORNER"", ""SIDE-LEFT""]","[""CHEVROLET"", ""UNKNOWN""]","[""PASSING/OVERTAKING"", ""STRAIGHT AHEAD""]","[""MALIBU"", ""MOTORIZED""]",[],"[""25""]","[""DEPLOYMENT UNKNOWN"", ""NOT APPLICABLE""]","[""NONE""]","[""NO INDICATION OF INJURY""]",2025,9,22,10,0,morning,41.8,-87.69,41.8_-87.69,0,1,25.0,25.0,25.0,Other
STRAIGHT AND LEVEL,914,2025-09-22 10:50:00,2,10,9,no injury / drive away,"OVER $1,500",NO CONTROLS,PARKED MOTOR VEHICLE,1.0,0.0,0.0,1.0,0.0,0.0,0.0,0.0,41.8492672107,daylight,-87.6317873531,NO INDICATION OF INJURY,2,30,UNABLE TO DETERMINE,NO DEFECTS,dry,UNABLE TO DETERMINE,S,2357,no controls,PARKING LOT,clear,,,,,,4,0,"[""REAR-RIGHT-CORNER"", ""SIDE-LEFT""]","[""UNKNOWN"", ""VOLKSWAGEN""]","[""BACKING"", ""PARKED""]","[""GTI"", ""OTHER (EXPLAIN IN NARRATIVE)""]",[],[],"[""DEPLOYMENT UNKNOWN""]","[""NONE""]","[""NO INDICATION OF INJURY""]",2025,9,22,10,0,morning,41.85,-87.63,41.85_-87.63,0,0,,,,Other
STRAIGHT AND LEVEL,1813,2025-09-22 10:56:00,2,10,9,injury and / or tow due to crash,"OVER $1,500",FUNCTIONING PROPERLY,TURNING,1.0,0.0,0.0,2.0,0.0,0.0,0.0,0.0,41.9110285098,daylight,-87.648335806,NO INDICATION OF INJURY,2,30,UNABLE TO DETERMINE,SHOULDER DEFECT,dry,UNABLE TO DETERMINE,W,800,traffic signal,NOT DIVIDED,clear,,,,,,3,1,"[""SIDE-LEFT"", ""SIDE-RIGHT""]","[""COOK SEMI TRAILER"", ""TOYOTA""]","[""STRAIGHT AHEAD"", ""TURNING LEFT""]","[""COOK SEMI TRAILER"", ""PRIUS""]","[""Y""]","[""47""]","[""DEPLOYMENT UNKNOWN"", ""DID NOT DEPLOY""]","[""NONE""]","[""NO INDICATION OF INJURY""]",2025,9,22,10,0,morning,41.91,-87.65,41.91_-87.65,1,0,47.0,47.0,47.0,Other
STRAIGHT AND LEVEL,1522,2025-09-22 11:00:00,2,11,9,no injury / drive away,"OVER $1,500",NO CONTROLS,PARKED MOTOR VEHICLE,1.0,0.0,0.0,1.0,0.0,0.0,0.0,0.0,41.8804100032,daylight,-87.7607057824,NO INDICATION OF INJURY,2,0,DRIVING SKILLS/KNOWLEDGE/EXPERIENCE,NO DEFECTS,dry,DRIVING SKILLS/KNOWLEDGE/EXPERIENCE,W,5412,no controls,PARKING LOT,clear,,,,,0.0,4,0,"[""SIDE-LEFT-REAR"", ""UNKNOWN""]","[""TESLA"", ""UNKNOWN""]","[""PARKED"", ""UNKNOWN/NA""]","[""MODEL S"", ""OTHER (EXPLAIN IN NARRATIVE)""]",[],[],"[""DEPLOYMENT UNKNOWN""]","[""NONE""]","[""NO INDICATION OF INJURY""]",2025,9,22,11,0,morning,41.88,-87.76,41.88_-87.76,0,0,,,,Other
STRAIGHT AND LEVEL,914,2025-09-22 11:30:00,2,11,9,no injury / drive away,"OVER $1,500",NO CONTROLS,PARKED MOTOR VEHICLE,1.0,0.0,0.0,1.0,0.0,0.0,0.0,0.0,41.8493792152,daylight,-87.6410584022,NO INDICATION OF INJURY,2,30,DRIVING SKILLS/KNOWLEDGE/EXPERIENCE,NO DEFECTS,dry,DRIVING SKILLS/KNOWLEDGE/EXPERIENCE,S,2373,no controls,PARKING LOT,clear,,,,,,4,0,"[""FRONT"", ""REAR""]","[""LINCOLN"", ""UNKNOWN""]","[""BACKING"", ""PARKED""]","[""AVIATOR"", ""OTHER (EXPLAIN IN NARRATIVE)""]",[],[],"[""DID NOT DEPLOY""]","[""NONE""]","[""NO INDICATION OF INJURY""]",2025,9,22,11,0,morning,41.85,-87.64,41.85_-87.64,0,0,,,,Other
STRAIGHT AND LEVEL,1111,2025-09-22 12:00:00,2,12,9,no injury / drive away,"OVER $1,500",NO CONTROLS,PARKED MOTOR VEHICLE,1.0,0.0,0.0,1.0,0.0,0.0,0.0,0.0,41.8991178,daylight,-87.7269034267,NO INDICATION OF INJURY,2,35,UNABLE TO DETERMINE,,,UNABLE TO DETERMINE,W,4014,no controls,NOT DIVIDED,clear,,,,,,3,0,"[""SIDE-LEFT-FRONT"", ""SIDE-RIGHT-FRONT""]","[""JAGUAR"", ""UNKNOWN""]","[""PARKED"", ""STRAIGHT AHEAD""]","[""OTHER (EXPLAIN IN NARRATIVE)""]",[],[],"[""DEPLOYMENT UNKNOWN""]","[""NONE""]","[""NO INDICATION OF INJURY""]",2025,9,22,12,0,morning,41.9,-87.73,41.9_-87.73,0,0,,,,Other
STRAIGHT AND LEVEL,2413,2025-09-22 12:25:00,2,12,9,no injury / drive away,"OVER $1,500",NO CONTROLS,SIDESWIPE SAME DIRECTION,1.0,0.0,0.0,3.0,0.0,0.0,0.0,0.0,41.9912505511,daylight,-87.7085471763,NO INDICATION OF INJURY,2,30,UNABLE TO DETERMINE,NO DEFECTS,dry,UNABLE TO DETERMINE,N,6045,no controls,DIVIDED - W/MEDIAN BARRIER,clear,,,,,,4,2,"[""REAR-LEFT-CORNER"", ""UNKNOWN""]","[""CHEVROLET"", ""FORD""]","[""STRAIGHT AHEAD"", ""UNKNOWN/NA""]","[""FLEX"", ""VAN""]",[],"[""54"", ""75""]","[""DEPLOYMENT UNKNOWN"", ""NOT APPLICABLE""]","[""NONE""]","[""NO INDICATION OF INJURY""]",2025,9,22,12,0,morning,41.99,-87.71,41.99_-87.71,0,0,64.5,54.0,75.0,Other
STRAIGHT AND LEVEL,834,2025-09-22 12:45:00,2,12,9,no injury / drive away,"OVER $1,500",NO CONTROLS,PARKED MOTOR VEHICLE,1.0,0.0,0.0,1.0,0.0,0.0,0.0,0.0,41.7352740895,daylight,-87.7035112835,NO INDICATION OF INJURY,2,15,UNABLE TO DETERMINE,NO DEFECTS,dry,UNABLE TO DETERMINE,W,3250,no controls,PARKING LOT,clear,,,,,,4,0,"[""REAR-RIGHT-CORNER"", ""UNKNOWN""]","[""FORD"", ""UNKNOWN""]","[""PARKED"", ""UNKNOWN/NA""]","[""MOTORIZED"", ""TRANSIT""]",[],[],"[""DEPLOYMENT UNKNOWN""]","[""NONE""]","[""NO INDICATION OF INJURY""]",2025,9,22,12,0,morning,41.74,-87.7,41.74_-87.7,0,1,,,,Other