alignment,beat_of_occurrence,crash_date,crash_day_of_week,crash_hour,crash_month,crash_type,damage,device_condition,first_crash_type,hit_and_run_i,injuries_fatal,injuries_incapacitating,injuries_no_indication,injuries_non_incapacitating,injuries_reported_not_evident,injuries_total,injuries_unknown,latitude,lighting_condition,longitude,most_severe_injury,num_units,posted_speed_limit,prim_contributory_cause,road_defect,roadway_surface_cond,sec_contributory_cause,street_direction,street_no,traffic_control_device,trafficway_type,weather_condition,crash_date_est_i,intersection_related_i,work_zone_i,dooring_i,private_property_i,veh_count,ppl_count,veh_first_contact_point_list_json,veh_make_list_json,veh_maneuver_list_json,veh_model_list_json,veh_towed_i_list_json,ppl_age_list_json,ppl_airbag_deployed_list_json,ppl_ejection_list_json,ppl_injury_classification_list_json,year,month,day,hour,is_weekend,hour_bin,lat_bin,lng_bin,grid_id,veh_truck_i,veh_mc_i,ppl_age_mean,ppl_age_min,ppl_age_max,cause_group
STRAIGHT AND LEVEL,814,2025-09-22 13:00:00,2,13,9,no injury / drive away,"OVER $1,500",NO CONTROLS,PARKED MOTOR VEHICLE,1.0,0.0,0.0,1.0,0.0,0.0,0.0,0.0,41.7961335469,daylight,-87.7603858621,NO INDICATION OF INJURY,2,30,UNABLE TO DETERMINE,NO DEFECTS,dry,NOT APPLICABLE,S,5842,no controls,NOT DIVIDED,clear,1.0,,,,,4,0,"[""REAR-LEFT-CORNER"", ""SIDE-RIGHT""]","[""NISSAN"", ""UNKNOWN""]","[""PARKED"", ""UNKNOWN/NA""]","[""MOTORIZED"", ""MURANO""]",[],[],"[""DEPLOYMENT UNKNOWN""]","[""NONE""]","[""NO INDICATION OF INJURY""]",2025,9,22,13,0,afternoon,41.8,-87.76,41.8_-87.76,0,1,,,,Other
STRAIGHT AND LEVEL,2523,2025-09-22 13:45:00,2,13,9,no injury / drive away,"OVER $1,500",NO CONTROLS,PARKED MOTOR VEHICLE,1.0,0.0,0.0,1.0,0.0,0.0,0.0,0.0,41.9361944998,daylight,-87.7256460279,NO INDICATION OF INJURY,2,30,UNABLE TO DETERMINE,NO DEFECTS,dry,NOT APPLICABLE,N,3030,no controls,ONE-WAY,clear,,,,,,4,0,"[""REAR-LEFT-CORNER"", ""UNKNOWN""]","[""CHEVROLET"", ""UNKNOWN""]","[""PARKED"", ""UNKNOWN/NA""]","[""CRUZE"", ""OTHER (EXPLAIN IN NARRATIVE)""]",[],[],"[""DEPLOYMENT UNKNOWN""]","[""NONE""]","[""NO INDICATION OF INJURY""]",2025,9,22,13,0,afternoon,41.94,-87.73,41.94_-87.73,0,0,,,,Other
STRAIGHT AND LEVEL,331,2025-09-22 14:16:00,2,14,9,injury and / or tow due to crash,"OVER $1,500",,ANGLE,1.0,0.0,0.0,1.0,0.0,1.0,1.0,0.0,41.7808248923,daylight,-87.5749002678,"REPORTED, NOT EVIDENT",2,30,DISREGARDING TRAFFIC SIGNALS,NO DEFECTS,dry,NOT APPLICABLE,E,2098,other,TRAFFIC ROUTE,clear,,,,,,4,1,"[""FRONT"", ""NONE""]","[""FORD"", ""UNKNOWN""]","[""STRAIGHT AHEAD"", ""UNKNOWN/NA""]","[""F150"", ""OTHER (EXPLAIN IN NARRATIVE)""]",[],"[""84""]","[""DEPLOYMENT UNKNOWN"", ""NOT APPLICABLE""]","[""NONE"", ""UNKNOWN""]","[""NO INDICATION OF INJURY"", ""REPORTED, NOT EVIDENT""]",2025,9,22,14,0,afternoon,41.78,-87.57,41.78_-87.57,0,0,84.0,84.0,84.0,Other
STRAIGHT AND LEVEL,1713,2025-09-22 14:30:00,2,14,9,no injury / drive away,"OVER $1,500",FUNCTIONING PROPERLY,SIDESWIPE SAME DIRECTION,1.0,0.0,0.0,2.0,0.0,0.0,0.0,0.0,41.9647978515,daylight,-87.7011686956,NO INDICATION OF INJURY,2,20,UNABLE TO DETERMINE,NO DEFECTS,dry,UNABLE TO DETERMINE,N,4600,stop sign/flasher,ONE-WAY,clear,,,,,,3,1,"[""SIDE-RIGHT-FRONT"", ""UNKNOWN""]","[""TOYOTA""]","[""PASSING/OVERTAKING"", ""SLOW/STOP IN TRAFFIC""]","[""CAMRY"", ""RAV4""]",[],"[""32""]","[""DEPLOYMENT UNKNOWN"", ""NOT APPLICABLE""]","[""NONE""]","[""NO INDICATION OF INJURY""]",2025,9,22,14,0,afternoon,41.96,-87.7,41.96_-87.7,0,0,32.0,32.0,32.0,Other
STRAIGHT AND LEVEL,833,2025-09-22 14:48:00,2,14,9,no injury / drive away,"OVER $1,500",FUNCTIONING PROPERLY,SIDESWIPE SAME DIRECTION,1.0,0.0,0.0,2.0,0.0,0.0,0.0,0.0,41.7716781293,daylight,-87.7419220842,NO INDICATION OF INJURY,2,30,FAILING TO YIELD RIGHT-OF-WAY,NO DEFECTS,dry,UNABLE TO DETERMINE,S,6643,traffic signal,DIVIDED - W/MEDIAN (NOT RAISED),clear,,,,,,4,1,"[""SIDE-LEFT"", ""SIDE-RIGHT""]","[""MERCEDES-BENZ"", ""NISSAN""]","[""MERGING"", ""STRAIGHT AHEAD""]","[""ARMADA"", ""E-CLASS""]",[],"[""64""]","[""DEPLOYMENT UNKNOWN"", ""DID NOT DEPLOY""]","[""NONE""]","[""NO INDICATION OF INJURY""]",2025,9,22,14,0,afternoon,41.77,-87.74,41.77_-87.74,0,0,64.0,64.0,64.0,Failure-to-Yield
STRAIGHT AND LEVEL,432,2025-09-22 14:56:00,2,14,9,injury and / or tow due to crash,"OVER $1,500",NO CONTROLS,SIDESWIPE SAME DIRECTION,1.0,0.0,0.0,2.0,0.0,1.0,1.0,0.0,41.7120818256,daylight,-87.5353404707,"REPORTED, NOT EVIDENT",2,30,IMPROPER LANE USAGE,NO DEFECTS,dry,NOT APPLICABLE,E,3628,no controls,FOUR WAY,clear,,,,,,4,1,"[""SIDE-RIGHT-REAR"", ""UNKNOWN""]","[""JEEP"", ""NOVA BUS""]","[""STRAIGHT AHEAD"", ""UNKNOWN/NA""]","[""CHEROKEE"", ""OTHER (EXPLAIN IN NARRATIVE)""]",[],"[""51""]","[""DEPLOYMENT UNKNOWN"", ""DID NOT DEPLOY""]","[""NONE""]","[""NO INDICATION OF INJURY"", ""REPORTED, NOT EVIDENT""]",2025,9,22,14,0,afternoon,41.71,-87.54,41.71_-87.54,0,0,51.0,51.0,51.0,Other
STRAIGHT AND LEVEL,925,2025-09-22 14:59:00,2,14,9,injury and / or tow due to crash,"OVER $1,500",FUNCTIONING PROPERLY,REAR TO FRONT,1.0,0.0,0.0,6.0,1.0,0.0,1.0,0.0,41.8189090987,daylight,-87.6387677994,NONINCAPACITATING INJURY,2,30,FAILING TO YIELD RIGHT-OF-WAY,NO DEFECTS,dry,FAILING TO REDUCE SPEED TO AVOID CRASH,W,505,stop sign/flasher,FOUR WAY,clear,,,,,,4,1,"[""REAR"", ""UNKNOWN""]","[""AUDI"", ""HYUNDAI""]","[""STRAIGHT AHEAD""]","[""80"", ""SANTA FE""]",[],"[""61""]","[""DEPLOYMENT UNKNOWN"", ""NOT APPLICABLE""]","[""NONE"", ""UNKNOWN""]","[""NO INDICATION OF INJURY"", ""NONINCAPACITATING INJURY""]",2025,9,22,14,0,afternoon,41.82,-87.64,41.82_-87.64,0,0,61.0,61.0,61.0,Failure-to-Yield
STRAIGHT AND LEVEL,633,2025-09-22 15:00:00,2,15,9,no injury / drive away,"OVER $1,500",NO CONTROLS,SIDESWIPE SAME DIRECTION,1.0,0.0,0.0,2.0,0.0,0.0,0.0,0.0,41.7257996074,,-87.6056338313,NO INDICATION OF INJURY,2,30,NOT APPLICABLE,,,NOT APPLICABLE,E,732,,ONE-WAY,,,,,,,3,1,"[""SIDE-LEFT"", ""SIDE-RIGHT""]","[""CHEVROLET"", ""UNKNOWN""]","[""STRAIGHT AHEAD""]","[""OTHER (EXPLAIN IN NARRATIVE)""]",[],"[""70""]","[""DEPLOYMENT UNKNOWN"", ""NOT APPLICABLE""]","[""NONE""]","[""NO INDICATION OF INJURY""]",2025,9,22,15,0,afternoon,41.73,-87.61,41.73_-87.61,0,0,70.0,70.0,70.0,Other
STRAIGHT AND LEVEL,2524,2025-09-22 15:12:00,2,15,9,no injury / drive away,"OVER $1,500",FUNCTIONING PROPERLY,REAR END,1.0,0.0,0.0,2.0,0.0,0.0,0.0,0.0,41.9244510103,daylight,-87.7386288719,NO INDICATION OF INJURY,2,30,UNABLE TO DETERMINE,,dry,NOT APPLICABLE,W,4450,traffic signal,NOT DIVIDED,clear,,,,,,4,1,"[""FRONT"", ""REAR""]","[""ACURA"", ""GENERAL MOTORS CORPORATION (GMC)""]","[""SLOW/STOP IN TRAFFIC"", ""STRAIGHT AHEAD""]","[""ADX"", ""YUKON""]",[],"[""29""]","[""DEPLOYMENT UNKNOWN"", ""DID NOT DEPLOY""]","[""NONE""]","[""NO INDICATION OF INJURY""]",2025,9,22,15,0,afternoon,41.92,-87.74,41.92_-87.74,0,1,29.0,29.0,29.0,Other
STRAIGHT AND LEVEL,923,2025-09-22 15:15:00,2,15,9,no injury / drive away,"OVER $1,500",FUNCTIONING PROPERLY,SIDESWIPE SAME DIRECTION,1.0,0.0,0.0,2.0,0.0,0.0,0.0,0.0,41.7953535126,daylight,-87.6840729269,NO INDICATION OF INJURY,2,30,IMPROPER LANE USAGE,NO DEFECTS,dry,NOT APPLICABLE,W,2398,traffic signal,NOT REPORTED,clear,,1.0,,,,4,0,"[""SIDE-LEFT-FRONT"", ""SIDE-RIGHT""]","[""FORD"", ""UNKNOWN""]","[""CHANGING LANES"", ""STRAIGHT AHEAD""]","[""EXPLORER"", ""OTHER (EXPLAIN IN NARRATIVE)""]",[],[],"[""DEPLOYMENT UNKNOWN"", ""NOT APPLICABLE""]","[""NONE""]","[""NO INDICATION OF INJURY""]",2025,9,22,15,0,afternoon,41.8,-87.68,41.8_-87.68,0,0,,,,Other
STRAIGHT AND LEVEL,1023,2025-09-22 15:30:00,2,15,9,injury and / or tow due to crash,"OVER $1,500",NO CONTROLS,PARKED MOTOR VEHICLE,1.0,0.0,0.0,1.0,0.0,1.0,1.0,0.0,41.8609014104,daylight,-87.6933966813,"REPORTED, NOT EVIDENT",2,30,UNABLE TO DETERMINE,NO DEFECTS,dry,UNABLE TO DETERMINE,S,1504,no controls,NOT DIVIDED,clear,,,,,,4,1,"[""SIDE-LEFT-REAR"", ""SIDE-RIGHT-FRONT""]","[""CHEVROLET"", ""HONDA""]","[""PARKED"", ""STRAIGHT AHEAD""]","[""IMPALA"", ""ODYSSEY""]",[],"[""72""]","[""DEPLOYMENT UNKNOWN"", ""NOT APPLICABLE""]","[""NONE""]","[""NO INDICATION OF INJURY"", ""REPORTED, NOT EVIDENT""]",2025,9,22,15,0,afternoon,41.86,-87.69,41.86_-87.69,0,0,72.0,72.0,72.0,Other
STRAIGHT AND LEVEL,1934,2025-09-22 15:35:00,2,15,9,no injury / drive away,"OVER $1,500",NO CONTROLS,SIDESWIPE SAME DIRECTION,1.0,0.0,0.0,2.0,0.0,0.0,0.0,0.0,41.9402706775,daylight,-87.6384899074,NO INDICATION OF INJURY,2,45,DRIVING SKILLS/KNOWLEDGE/EXPERIENCE,,dry,NOT APPLICABLE,N,3158,no controls,ONE-WAY,clear,,,,,,4,1,"[""FRONT-RIGHT-CORNER"", ""UNKNOWN""]","[""BMW"", ""FORD""]","[""STRAIGHT AHEAD""]","[""FLEX"", ""X5""]",[],"[""26""]","[""DEPLOYMENT UNKNOWN"", ""NOT APPLICABLE""]","[""NONE""]","[""NO INDICATION OF INJURY""]",2025,9,22,15,0,afternoon,41.94,-87.64,41.94_-87.64,0,0,26.0,26.0,26.0,Other
STRAIGHT AND LEVEL,2432,2025-09-22 15:50:00,2,15,9,injury and / or tow due to crash,$500 OR LESS,NO CONTROLS,PEDALCYCLIST,1.0,0.0,0.0,1.0,0.0,1.0,1.0,0.0,41.9981102252,daylight,-87.6746174481,"REPORTED, NOT EVIDENT",2,10,UNABLE TO DETERMINE,NO DEFECTS,dry,NOT APPLICABLE,W,1766,no controls,PARKING LOT,clear,,,,,1.0,2,1,"[""FRONT-LEFT-CORNER""]","[""TOYOTA""]","[""ENTERING TRAFFIC LANE FROM PARKING""]","[""HIGHLANDER""]",[],"[""45""]","[""DID NOT DEPLOY""]","[""NONE"", ""TOTALLY EJECTED""]","[""NO INDICATION OF INJURY"", ""REPORTED, NOT EVIDENT""]",2025,9,22,15,0,afternoon,42.0,-87.67,42.0_-87.67,0,0,45.0,45.0,45.0,Other
STRAIGHT AND LEVEL,2423,2025-09-22 15:55:00,2,15,9,no injury / drive away,"OVER $1,500",,PARKED MOTOR VEHICLE,1.0,0.0,0.0,1.0,0.0,0.0,0.0,0.0,42.0126613697,,-87.6668933585,NO INDICATION OF INJURY,2,30,UNABLE TO DETERMINE,,,UNABLE TO DETERMINE,W,1423,,DIVIDED - W/MEDIAN (NOT RAISED),,,,,,,4,0,"[""REAR-RIGHT-CORNER"", ""UNKNOWN""]","[""TOYOTA"", ""UNKNOWN""]","[""PARKED"", ""UNKNOWN/NA""]","[""CAMRY"", ""OTHER (EXPLAIN IN NARRATIVE)""]",[],[],"[""DEPLOYMENT UNKNOWN""]","[""NONE""]","[""NO INDICATION OF INJURY""]",2025,9,22,15,0,afternoon,42.01,-87.67,42.01_-87.67,0,0,,,,Other
STRAIGHT AND LEVEL,1431,2025-09-22 15:56:00,2,15,9,no injury / drive away,"$501 - $1,500",NO CONTROLS,PARKED MOTOR VEHICLE,1.0,0.0,0.0,1.0,0.0,0.0,0.0,0.0,41.9217431802,daylight,-87.6895596506,NO INDICATION OF INJURY,2,30,IMPROPER BACKING,,dry,NOT APPLICABLE,W,2504,no controls,ONE-WAY,clear,,,,,,4,0,"[""FRONT-LEFT-CORNER"", ""UNKNOWN""]","[""CHEVROLET"", ""HONDA""]","[""BACKING"", ""PARKED""]","[""ACCORD"", ""GMT400""]",[],[],"[""DEPLOYMENT UNKNOWN""]","[""NONE""]","[""NO INDICATION OF INJURY""]",2025,9,22,15,0,afternoon,41.92,-87.69,41.92_-87.69,0,0,,,,DUI/Impairment
STRAIGHT AND LEVEL,1723,2025-09-22 16:00:00,2,16,9,no injury / drive away,"OVER $1,500",NO CONTROLS,PARKED MOTOR VEHICLE,1.0,0.0,0.0,1.0,0.0,0.0,0.0,0.0,41.954857019,daylight,-87.7213722293,NO INDICATION OF INJURY,2,25,IMPROPER OVERTAKING/PASSING,NO DEFECTS,dry,UNABLE TO DETERMINE,N,4035,no controls,ONE-WAY,clear,,,,,,4,0,"[""SIDE-RIGHT"", ""UNKNOWN""]","[""AUDI"", ""UNKNOWN""]","[""PARKED"", ""UNKNOWN/NA""]","[""OTHER (EXPLAIN IN NARRATIVE)"", ""Q5""]",[],[],"[""DEPLOYMENT UNKNOWN""]","[""NONE""]","[""NO INDICATION OF INJURY""]",2025,9,22,16,0,afternoon,41.95,-87.72,41.95_-87.72,0,0,,,,Other
STRAIGHT AND LEVEL,1413,2025-09-22 16:07:00,2,16,9,no injury / drive away,"OVER $1,500",NO CONTROLS,REAR END,1.0,0.0,0.0,3.0,0.0,0.0,0.0,0.0,41.9245652405,daylight,-87.710985025,NO INDICATION OF INJURY,2,30,FOLLOWING TOO CLOSELY,NO DEFECTS,dry,FOLLOWING TOO CLOSELY,W,3309,pedestrian crossing sign,DIVIDED - W/MEDIAN BARRIER,clear,,,,,,4,2,"[""FRONT"", ""REAR""]","[""HONDA"", ""HYUNDAI""]","[""STRAIGHT AHEAD""]","[""CIVIC"", ""OTHER (EXPLAIN IN NARRATIVE)""]",[],"[""34"", ""35""]","[""DEPLOYMENT UNKNOWN"", ""DID NOT DEPLOY""]","[""NONE""]","[""NO INDICATION OF INJURY""]",2025,9,22,16,0,afternoon,41.92,-87.71,41.92_-87.71,0,0,34.5,34.0,35.0,Following Too Closely
STRAIGHT AND LEVEL,1023,2025-09-22 16:35:00,2,16,9,no injury / drive away,"OVER $1,500",NO CONTROLS,TURNING,1.0,0.0,0.0,4.0,0.0,0.0,0.0,0.0,41.8636345944,daylight,-87.6888460271,NO INDICATION OF INJURY,2,30,UNABLE TO DETERMINE,,dry,UNABLE TO DETERMINE,W,2501,no controls,DIVIDED - W/MEDIAN BARRIER,clear,,1.0,,,,4,3,"[""FRONT"", ""SIDE-RIGHT""]","[""CHEVROLET"", ""UNKNOWN""]","[""STRAIGHT AHEAD"", ""TURNING LEFT""]","[""MOTORIZED"", ""TAHOE""]",[],"[""25"", ""32"", ""45""]","[""DEPLOYMENT UNKNOWN"", ""DID NOT DEPLOY""]","[""NONE""]","[""NO INDICATION OF INJURY""]",2025,9,22,16,0,afternoon,41.86,-87.69,41.86_-87.69,0,1,34.0,25.0,45.0,Other
STRAIGHT AND LEVEL,114,2025-09-22 16:50:00,2,16,9,no injury / drive away,$500 OR LESS,FUNCTIONING PROPERLY,REAR END,1.0,0.0,0.0,4.0,0.0,0.0,0.0,0.0,41.8808560477,daylight,-87.6176358918,NO INDICATION OF INJURY,3,30,FOLLOWING TOO CLOSELY,NO DEFECTS,dry,UNABLE TO DETERMINE,S,100,traffic signal,DIVIDED - W/MEDIAN BARRIER,clear,,,,,,5,1,"[""FRONT"", ""REAR""]","[""KIA"", ""NISSAN"", ""UNKNOWN""]","[""SLOW/STOP IN TRAFFIC"", ""STRAIGHT AHEAD""]","[""MAXIMA"", ""OTHER (EXPLAIN IN NARRATIVE)"", ""TELLURIDE""]",[],"[""49""]","[""DID NOT DEPLOY""]","[""NONE""]","[""NO INDICATION OF INJURY""]",2025,9,22,16,0,afternoon,41.88,-87.62,41.88_-87.62,0,0,49.0,49.0,49.0,Following Too Closely
STRAIGHT AND LEVEL,1624,2025-09-22 17:00:00,2,17,9,no injury / drive away,"$501 - $1,500",NO CONTROLS,PARKED MOTOR VEHICLE,1.0,0.0,0.0,1.0,0.0,0.0,0.0,0.0,41.9587037902,"darkness, lighted road",-87.7541811577,NO INDICATION OF INJURY,2,30,IMPROPER LANE USAGE,NO DEFECTS,wet,UNABLE TO DETERMINE,W,5033,stop sign/flasher,ONE-WAY,rain,,,,,,4,0,"[""FRONT"", ""REAR-LEFT-CORNER""]","[""HYUNDAI"", ""UNKNOWN""]","[""PARKED"", ""STRAIGHT AHEAD""]","[""OTHER (EXPLAIN IN NARRATIVE)"", ""SANTA FE""]",[],[],"[""DEPLOYMENT UNKNOWN""]","[""NONE""]","[""NO INDICATION OF INJURY""]",2025,9,22,17,0,afternoon,41.96,-87.75,41.96_-87.75,0,0,,,,Other
STRAIGHT AND LEVEL,935,2025-09-22 18:00:00,2,18,9,no injury / drive away,$500 OR LESS,FUNCTIONING PROPERLY,PEDESTRIAN,1.0,0.0,0.0,2.0,0.0,0.0,0.0,0.0,41.8089080695,daylight,-87.6408262161,NO INDICATION OF INJURY,2,30,UNABLE TO DETERMINE,NO DEFECTS,dry,NOT APPLICABLE,S,4700,traffic signal,FOUR WAY,clear,,,,,,2,1,"[""UNKNOWN""]","[""UNKNOWN""]","[""STRAIGHT AHEAD""]","[""OTHER (EXPLAIN IN NARRATIVE)""]",[],"[""23""]","[""DEPLOYMENT UNKNOWN""]","[""NONE""]","[""NO INDICATION OF INJURY""]",2025,9,22,18,0,afternoon,41.81,-87.64,41.81_-87.64,0,0,23.0,23.0,23.0,Other
STRAIGHT AND LEVEL,1824,2025-09-22 18:10:00,2,18,9,no injury / drive away,"OVER $1,500",NO CONTROLS,SIDESWIPE SAME DIRECTION,1.0,0.0,0.0,3.0,0.0,0.0,0.0,0.0,41.9040223592,daylight,-87.6251604244,NO INDICATION OF INJURY,2,45,IMPROPER OVERTAKING/PASSING,,dry,NOT APPLICABLE,N,1200,no controls,OTHER,clear,1.0,,,,,4,1,"[""FRONT-LEFT-CORNER"", ""SIDE-RIGHT""]","[""FORD"", ""LINCOLN""]","[""CHANGING LANES"", ""STRAIGHT AHEAD""]","[""ESCAPE"", ""MKX""]",[],"[""55""]","[""DEPLOYMENT UNKNOWN"", ""NOT APPLICABLE""]","[""NONE""]","[""NO INDICATION OF INJURY""]",2025,9,22,18,0,afternoon,41.9,-87.63,41.9_-87.63,0,0,55.0,55.0,55.0,Other
STRAIGHT AND LEVEL,933,2025-09-22 18:10:00,2,18,9,no injury / drive away,"$501 - $1,500",FUNCTIONING PROPERLY,REAR END,1.0,0.0,0.0,2.0,0.0,0.0,0.0,0.0,41.8086878811,daylight,-87.6553867772,NO INDICATION OF INJURY,2,30,FOLLOWING TOO CLOSELY,NO DEFECTS,dry,FOLLOWING TOO CLOSELY,S,4700,traffic signal,NOT DIVIDED,clear,,,,,,4,1,"[""FRONT"", ""REAR""]","[""FORD"", ""HONDA""]","[""STRAIGHT AHEAD""]","[""ACCORD"", ""ESCAPE""]",[],"[""26""]","[""NOT APPLICABLE""]","[""NONE""]","[""NO INDICATION OF INJURY""]",2025,9,22,18,0,afternoon,41.81,-87.66,41.81_-87.66,0,0,26.0,26.0,26.0,Following Too Closely
STRAIGHT AND LEVEL,1831,2025-09-22 18:10:00,2,18,9,no injury / drive away,"OVER $1,500",NO CONTROLS,REAR END,1.0,0.0,0.0,2.0,0.0,0.0,0.0,0.0,41.8924152017,daylight,-87.6369089289,NO INDICATION OF INJURY,2,30,FOLLOWING TOO CLOSELY,NO DEFECTS,dry,FOLLOWING TOO CLOSELY,N,601,no controls,NOT DIVIDED,clear,,,,,,4,1,"[""FRONT"", ""REAR""]","[""FORD"", ""TOYOTA""]","[""SLOW/STOP IN TRAFFIC"", ""STRAIGHT AHEAD""]","[""FUSION"", ""PRIUS""]",[],"[""59""]","[""DEPLOYMENT UNKNOWN"", ""NOT APPLICABLE""]","[""NONE""]","[""NO INDICATION OF INJURY""]",2025,9,22,18,0,afternoon,41.89,-87.64,41.89_-87.64,0,0,59.0,59.0,59.0,Following Too Closely
STRAIGHT AND LEVEL,414,2025-09-22 18:15:00,2,18,9,no injury / drive away,"OVER $1,500",,SIDESWIPE SAME DIRECTION,1.0,0.0,0.0,2.0,0.0,0.0,0.0,0.0,41.7569700964,daylight,-87.5759544623,NO INDICATION OF INJURY,2,25,NOT APPLICABLE,,,NOT APPLICABLE,S,7601,traffic signal,NOT DIVIDED,clear,,,,,,4,1,"[""FRONT-RIGHT-CORNER"", ""SIDE-LEFT-REAR""]","[""NISSAN"", ""UNKNOWN""]","[""STRAIGHT AHEAD""]","[""ALTIMA"", ""OTHER (EXPLAIN IN NARRATIVE)""]",[],"[""24""]","[""DEPLOYMENT UNKNOWN"", ""DID NOT DEPLOY""]","[""NONE""]","[""NO INDICATION OF INJURY""]",2025,9,22,18,0,afternoon,41.76,-87.58,41.76_-87.58,0,0,24.0,24.0,24.0,Other
STRAIGHT AND LEVEL,1114,2025-09-22 18:21:00,2,18,9,no injury / drive away,"$501 - $1,500",OTHER,REAR END,1.0,0.0,0.0,4.0,0.0,0.0,0.0,0.0,41.8877197331,daylight,-87.7260137242,NO INDICATION OF INJURY,2,25,UNABLE TO DETERMINE,,,NOT APPLICABLE,N,398,other,NOT DIVIDED,clear,1.0,,,,,4,2,"[""FRONT"", ""REAR""]","[""FORD"", ""UNKNOWN""]","[""STRAIGHT AHEAD""]","[""EXPLORER"", ""OTHER (EXPLAIN IN NARRATIVE)""]",[],"[""37"", ""52""]","[""DEPLOYMENT UNKNOWN"", ""DID NOT DEPLOY""]","[""NONE""]","[""NO INDICATION OF INJURY""]",2025,9,22,18,0,afternoon,41.89,-87.73,41.89_-87.73,0,0,44.5,37.0,52.0,Other
STRAIGHT AND LEVEL,434,2025-09-22 18:30:00,2,18,9,no injury / drive away,"OVER $1,500",NO CONTROLS,SIDESWIPE SAME DIRECTION,1.0,0.0,0.0,2.0,0.0,0.0,0.0,0.0,41.648107118,daylight,-87.5594373481,NO INDICATION OF INJURY,2,35,DRIVING SKILLS/KNOWLEDGE/EXPERIENCE,NO DEFECTS,dry,UNABLE TO DETERMINE,S,13600,no controls,NOT DIVIDED,clear,,,,,,4,1,"[""SIDE-LEFT"", ""UNKNOWN""]","[""FRONTIER HOMES CORPORATION"", ""UNKNOWN""]","[""STRAIGHT AHEAD"", ""UNKNOWN/NA""]","[""FRONTIER HOMES CORP."", ""OTHER (EXPLAIN IN NARRATIVE)""]",[],"[""58""]","[""DEPLOYMENT UNKNOWN"", ""DID NOT DEPLOY""]","[""NONE""]","[""NO INDICATION OF INJURY""]",2025,9,22,18,0,afternoon,41.65,-87.56,41.65_-87.56,0,0,58.0,58.0,58.0,Other
STRAIGHT AND LEVEL,2524,2025-09-22 19:44:00,2,19,9,injury and / or tow due to crash,$500 OR LESS,NO CONTROLS,PEDESTRIAN,1.0,0.0,0.0,1.0,1.0,0.0,1.0,0.0,41.9244975454,darkness,-87.7348103096,NONINCAPACITATING INJURY,2,30,FAILING TO YIELD RIGHT-OF-WAY,NO DEFECTS,dry,FAILING TO YIELD RIGHT-OF-WAY,W,4316,no controls,NOT DIVIDED,clear,,,,,,2,1,"[""FRONT-RIGHT-CORNER""]","[""BMW""]","[""STRAIGHT AHEAD""]","[""325I""]",[],"[""56""]","[""DEPLOYMENT UNKNOWN""]","[""NONE""]","[""NO INDICATION OF INJURY"", ""NONINCAPACITATING INJURY""]",2025,9,22,19,0,evening,41.92,-87.73,41.92_-87.73,0,0,56.0,56.0,56.0,Failure-to-Yield
STRAIGHT AND LEVEL,715,2025-09-22 20:03:00,2,20,9,no injury / drive away,"$501 - $1,500",,TURNING,1.0,0.0,0.0,2.0,0.0,0.0,0.0,0.0,41.7922777271,dawn,-87.6646872121,NO INDICATION OF INJURY,2,30,UNABLE TO DETERMINE,NO DEFECTS,dry,FAILING TO YIELD RIGHT-OF-WAY,S,5598,stop sign/flasher,DIVIDED - W/MEDIAN (NOT RAISED),clear,,,,,0.0,4,1,"[""FRONT-RIGHT-CORNER"", ""UNKNOWN""]","[""TOYOTA"", ""UNKNOWN""]","[""STRAIGHT AHEAD"", ""TURNING RIGHT""]","[""OTHER (EXPLAIN IN NARRATIVE)"", ""SIENNA""]",[],"[""56""]","[""DEPLOYMENT UNKNOWN"", ""NOT APPLICABLE""]","[""NONE"", ""UNKNOWN""]","[""NO INDICATION OF INJURY""]",2025,9,22,20,0,evening,41.79,-87.66,41.79_-87.66,0,0,56.0,56.0,56.0,Other
STRAIGHT AND LEVEL,923,2025-09-22 21:00:00,2,21,9,no injury / drive away,"OVER $1,500",FUNCTIONING PROPERLY,ANGLE,1.0,0.0,0.0,2.0,0.0,0.0,0.0,0.0,41.8010528356,"darkness, lighted road",-87.6843676488,NO INDICATION OF INJURY,2,30,DISREGARDING TRAFFIC SIGNALS,NO DEFECTS,dry,UNABLE TO DETERMINE,S,5100,traffic signal,FOUR WAY,clear,,,,,,4,1,"[""FRONT""]","[""FORD"", ""UNKNOWN""]","[""STRAIGHT AHEAD""]","[""ESCAPE"", ""OTHER (EXPLAIN IN NARRATIVE)""]",[],"[""48""]","[""DEPLOYMENT UNKNOWN"", ""NOT APPLICABLE""]","[""NONE""]","[""NO INDICATION OF INJURY""]",2025,9,22,21,0,evening,41.8,-87.68,41.8_-87.68,0,0,48.0,48.0,48.0,Other