alignment,beat_of_occurrence,crash_date,crash_day_of_week,crash_hour,crash_month,crash_type,damage,device_condition,first_crash_type,hit_and_run_i,injuries_fatal,injuries_incapacitating,injuries_no_indication,injuries_non_incapacitating,injuries_reported_not_evident,injuries_total,injuries_unknown,latitude,lighting_condition,longitude,most_severe_injury,num_units,posted_speed_limit,prim_contributory_cause,road_defect,roadway_surface_cond,sec_contributory_cause,street_direction,street_no,traffic_control_device,trafficway_type,weather_condition,crash_date_est_i,intersection_related_i,work_zone_i,dooring_i,private_property_i,veh_count,ppl_count,veh_first_contact_point_list_json,veh_make_list_json,veh_maneuver_list_json,veh_model_list_json,veh_towed_i_list_json,ppl_age_list_json,ppl_airbag_deployed_list_json,ppl_ejection_list_json,ppl_injury_classification_list_json,year,month,day,hour,is_weekend,hour_bin,lat_bin,lng_bin,grid_id,veh_truck_i,veh_mc_i,ppl_age_mean,ppl_age_min,ppl_age_max,cause_group
STRAIGHT AND LEVEL,324,2025-09-22 21:40:00,2,21,9,no injury / drive away,"OVER $1,500",NO CONTROLS,SIDESWIPE SAME DIRECTION,1.0,0.0,0.0,2.0,0.0,0.0,0.0,0.0,41.7606624738,"darkness, lighted road",-87.5901148156,NO INDICATION OF INJURY,2,20,"OPERATING VEHICLE IN ERRATIC, RECKLESS, CARELESS, NEGLIGENT OR AGGRESSIVE MANNER",NO DEFECTS,dry,FOLLOWING TOO CLOSELY,E,1416,no controls,FOUR WAY,clear,,,,,,4,1,"[""FRONT-RIGHT-CORNER"", ""SIDE-LEFT""]","[""HONDA"", ""UNKNOWN""]","[""STRAIGHT AHEAD""]","[""MOTORIZED"", ""PILOT""]",[],"[""47""]","[""DEPLOYMENT UNKNOWN"", ""DID NOT DEPLOY""]","[""NONE""]","[""NO INDICATION OF INJURY""]",2025,9,22,21,0,evening,41.76,-87.59,41.76_-87.59,0,1,47.0,47.0,47.0,Other
STRAIGHT AND LEVEL,813,2025-09-23 01:00:00,3,1,9,no injury / drive away,"OVER $1,500",NO CONTROLS,PARKED MOTOR VEHICLE,1.0,0.0,0.0,1.0,0.0,0.0,0.0,0.0,41.7772979814,darkness,-87.7600664562,NO INDICATION OF INJURY,2,20,UNABLE TO DETERMINE,NO DEFECTS,dry,UNABLE TO DETERMINE,W,5518,no controls,NOT DIVIDED,clear,,,,,,4,0,"[""FRONT-LEFT-CORNER"", ""UNKNOWN""]","[""GENERAL MOTORS CORPORATION (GMC)"", ""UNKNOWN""]","[""PARKED"", ""UNKNOWN/NA""]","[""MOTORIZED"", ""SIERRA""]",[],[],"[""DEPLOYMENT UNKNOWN""]","[""NONE""]","[""NO INDICATION OF INJURY""]",2025,9,23,1,0,night,41.78,-87.76,41.78_-87.76,0,1,,,,Other
STRAIGHT AND LEVEL,832,2025-09-23 01:00:00,3,1,9,injury and / or tow due to crash,"OVER $1,500",NO CONTROLS,PARKED MOTOR VEHICLE,1.0,0.0,0.0,0.0,1.0,0.0,1.0,0.0,41.7645494806,darkness,-87.685623645,NONINCAPACITATING INJURY,2,30,UNABLE TO DETERMINE,,,UNABLE TO DETERMINE,W,2459,no controls,OTHER,clear,1.0,,,,,4,0,"[""REAR-LEFT-CORNER"", ""UNKNOWN""]","[""INFINITI"", ""UNKNOWN""]","[""PARKED"", ""UNKNOWN/NA""]","[""OTHER (EXPLAIN IN NARRATIVE)"", ""QX60""]","[""Y""]",[],"[""DEPLOYMENT UNKNOWN""]","[""UNKNOWN""]","[""NONINCAPACITATING INJURY""]",2025,9,23,1,0,night,41.76,-87.69,41.76_-87.69,0,0,,,,Other
STRAIGHT AND LEVEL,2524,2025-09-23 03:00:00,3,3,9,no injury / drive away,"OVER $1,500",NO CONTROLS,PARKED MOTOR VEHICLE,1.0,0.0,0.0,1.0,0.0,0.0,0.0,0.0,41.9248717939,"darkness, lighted road",-87.7364532111,NO INDICATION OF INJURY,2,25,UNABLE TO DETERMINE,NO DEFECTS,dry,NOT APPLICABLE,N,2415,no controls,NOT DIVIDED,clear,0.0,,,,,4,0,"[""UNKNOWN""]","[""DODGE"", ""UNKNOWN""]","[""PARKED"", ""UNKNOWN/NA""]","[""DURANGO"", ""OTHER (EXPLAIN IN NARRATIVE)""]",[],[],"[""DEPLOYMENT UNKNOWN""]","[""UNKNOWN""]","[""NO INDICATION OF INJURY""]",2025,9,23,3,0,night,41.92,-87.74,41.92_-87.74,0,0,,,,Other
STRAIGHT AND LEVEL,1411,2025-09-23 03:45:00,3,3,9,injury and / or tow due to crash,"OVER $1,500",NO CONTROLS,PARKED MOTOR VEHICLE,1.0,0.0,0.0,1.0,0.0,0.0,0.0,0.0,41.9321886591,"darkness, lighted road",-87.7001357251,NO INDICATION OF INJURY,2,30,UNABLE TO DETERMINE,NO DEFECTS,dry,NOT APPLICABLE,W,2900,no controls,NOT DIVIDED,clear,1.0,,,,,4,1,"[""FRONT-RIGHT-CORNER"", ""UNKNOWN""]","[""CHEVROLET"", ""FORD""]","[""PARKED"", ""UNKNOWN/NA""]","[""FUSION"", ""VOLT""]","[""Y""]","[""30""]","[""DEPLOYMENT UNKNOWN""]","[""NONE""]","[""NO INDICATION OF INJURY""]",2025,9,23,3,0,night,41.93,-87.7,41.93_-87.7,0,0,30.0,30.0,30.0,Other
STRAIGHT AND LEVEL,1131,2025-09-23 05:16:00,3,5,9,injury and / or tow due to crash,"$501 - $1,500",FUNCTIONING PROPERLY,TURNING,1.0,0.0,0.0,2.0,0.0,0.0,0.0,0.0,41.8728671861,darkness,-87.7350626958,NO INDICATION OF INJURY,2,30,IMPROPER TURNING/NO SIGNAL,NO DEFECTS,dry,NOT APPLICABLE,S,623,traffic signal,T-INTERSECTION,clear,,,,,,4,1,"[""FRONT-RIGHT-CORNER"", ""SIDE-LEFT""]","[""DODGE"", ""UNKNOWN""]","[""OTHER"", ""TURNING LEFT""]","[""OTHER (EXPLAIN IN NARRATIVE)"", ""RAM 1500 PU""]","[""Y""]","[""32""]","[""DEPLOYMENT UNKNOWN"", ""DID NOT DEPLOY""]","[""NONE""]","[""NO INDICATION OF INJURY""]",2025,9,23,5,0,night,41.87,-87.74,41.87_-87.74,0,0,32.0,32.0,32.0,Other
STRAIGHT AND LEVEL,1122,2025-09-23 07:00:00,3,7,9,no injury / drive away,"OVER $1,500",NO CONTROLS,PARKED MOTOR VEHICLE,1.0,0.0,0.0,1.0,0.0,0.0,0.0,0.0,41.8931247281,"darkness, lighted road",-87.7221989626,NO INDICATION OF INJURY,2,30,UNABLE TO DETERMINE,NO DEFECTS,dry,NOT APPLICABLE,N,645,no controls,ONE-WAY,clear,,,,,,4,0,"[""SIDE-RIGHT"", ""UNKNOWN""]","[""JAGUAR"", ""UNKNOWN""]","[""PARKED"", ""UNKNOWN/NA""]","[""ENCLOSED BODY"", ""F-PACE""]",[],[],"[""DEPLOYMENT UNKNOWN""]","[""NONE""]","[""NO INDICATION OF INJURY""]",2025,9,23,7,0,morning,41.89,-87.72,41.89_-87.72,0,0,,,,Other
STRAIGHT AND LEVEL,1133,2025-09-23 07:00:00,3,7,9,no injury / drive away,"OVER $1,500",NO CONTROLS,PARKED MOTOR VEHICLE,1.0,0.0,0.0,1.0,0.0,0.0,0.0,0.0,41.8722467349,"darkness, lighted road",-87.7179054982,NO INDICATION OF INJURY,2,20,UNABLE TO DETERMINE,,,NOT APPLICABLE,S,711,no controls,NOT DIVIDED,clear,,,,,,4,0,"[""REAR-LEFT-CORNER"", ""UNKNOWN""]","[""CHEVROLET"", ""UNKNOWN""]","[""PARKED"", ""UNKNOWN/NA""]","[""MALIBU"", ""OTHER (EXPLAIN IN NARRATIVE)""]",[],[],"[""DEPLOYMENT UNKNOWN""]","[""NONE""]","[""NO INDICATION OF INJURY""]",2025,9,23,7,0,morning,41.87,-87.72,41.87_-87.72,0,0,,,,Other
STRAIGHT AND LEVEL,821,2025-09-23 07:25:00,3,7,9,no injury / drive away,$500 OR LESS,FUNCTIONING PROPERLY,TURNING,1.0,0.0,0.0,2.0,0.0,0.0,0.0,0.0,41.8079772027,daylight,-87.7234428552,NO INDICATION OF INJURY,2,30,UNABLE TO DETERMINE,NO DEFECTS,dry,UNABLE TO DETERMINE,S,4659,traffic signal,FOUR WAY,cloudy/overcast,,1.0,,,,4,1,"[""SIDE-LEFT"", ""SIDE-RIGHT-REAR""]","[""FORD"", ""UNKNOWN""]","[""TURNING RIGHT""]","[""OTHER (EXPLAIN IN NARRATIVE)"", ""TRANSIT""]",[],"[""28""]","[""DEPLOYMENT UNKNOWN"", ""DID NOT DEPLOY""]","[""NONE""]","[""NO INDICATION OF INJURY""]",2025,9,23,7,0,morning,41.81,-87.72,41.81_-87.72,0,0,28.0,28.0,28.0,Other
STRAIGHT AND LEVEL,815,2025-09-23 07:30:00,3,7,9,injury and / or tow due to crash,"OVER $1,500",NO CONTROLS,REAR END,1.0,0.0,0.0,1.0,0.0,1.0,1.0,0.0,41.8076584994,daylight,-87.7317553314,"REPORTED, NOT EVIDENT",2,35,UNABLE TO DETERMINE,NO DEFECTS,dry,UNABLE TO DETERMINE,W,4319,no controls,NOT DIVIDED,clear,,,,,,4,1,"[""FRONT"", ""REAR""]","[""HONDA"", ""NISSAN""]","[""SLOW/STOP IN TRAFFIC"", ""STRAIGHT AHEAD""]","[""ACCORD"", ""SENTRA""]",[],"[""27""]","[""DEPLOYMENT UNKNOWN"", ""NOT APPLICABLE""]","[""NONE""]","[""NO INDICATION OF INJURY"", ""REPORTED, NOT EVIDENT""]",2025,9,23,7,0,morning,41.81,-87.73,41.81_-87.73,0,0,27.0,27.0,27.0,Other
STRAIGHT AND LEVEL,1022,2025-09-23 07:40:00,3,7,9,no injury / drive away,"OVER $1,500",FUNCTIONING PROPERLY,SIDESWIPE SAME DIRECTION,1.0,0.0,0.0,2.0,0.0,0.0,0.0,0.0,41.8572480877,daylight,-87.7052648401,NO INDICATION OF INJURY,2,30,UNABLE TO DETERMINE,NO DEFECTS,dry,NOT APPLICABLE,S,1815,traffic signal,DIVIDED - W/MEDIAN (NOT RAISED),cloudy/overcast,,,,,,4,1,"[""FRONT-LEFT-CORNER"", ""SIDE-RIGHT""]","[""FORD"", ""KIA""]","[""STRAIGHT AHEAD""]","[""ESCAPE"", ""OPTIMA / K5""]",[],"[""62""]","[""DEPLOYMENT UNKNOWN"", ""DID NOT DEPLOY""]","[""NONE""]","[""NO INDICATION OF INJURY""]",2025,9,23,7,0,morning,41.86,-87.71,41.86_-87.71,0,0,62.0,62.0,62.0,Other
STRAIGHT AND LEVEL,2233,2025-09-23 07:45:00,3,7,9,no injury / drive away,"OVER $1,500",NO CONTROLS,SIDESWIPE SAME DIRECTION,1.0,0.0,0.0,2.0,0.0,0.0,0.0,0.0,41.6995175998,daylight,-87.6442916881,NO INDICATION OF INJURY,2,30,"OPERATING VEHICLE IN ERRATIC, RECKLESS, CARELESS, NEGLIGENT OR AGGRESSIVE MANNER",NO DEFECTS,dry,"OPERATING VEHICLE IN ERRATIC, RECKLESS, CARELESS, NEGLIGENT OR AGGRESSIVE MANNER",W,845,no controls,DIVIDED - W/MEDIAN (NOT RAISED),clear,,,,,,4,1,"[""FRONT-LEFT-CORNER"", ""SIDE-RIGHT""]","[""LEXUS"", ""NISSAN""]","[""CHANGING LANES"", ""STRAIGHT AHEAD""]","[""ALTIMA"", ""OTHER (EXPLAIN IN NARRATIVE)""]",[],"[""45""]","[""DEPLOYMENT UNKNOWN"", ""NOT APPLICABLE""]","[""NONE""]","[""NO INDICATION OF INJURY""]",2025,9,23,7,0,morning,41.7,-87.64,41.7_-87.64,0,0,45.0,45.0,45.0,Other
STRAIGHT AND LEVEL,132,2025-09-23 08:10:00,3,8,9,no injury / drive away,"OVER $1,500",,REAR END,1.0,0.0,0.0,2.0,0.0,0.0,0.0,0.0,41.8674707758,,-87.6202190599,NO INDICATION OF INJURY,2,25,NOT APPLICABLE,,,NOT APPLICABLE,S,1201,,NOT DIVIDED,,,,,,,4,1,"[""FRONT"", ""REAR""]","[""FORD"", ""UNKNOWN""]","[""STRAIGHT AHEAD"", ""UNKNOWN/NA""]","[""OTHER (EXPLAIN IN NARRATIVE)"", ""TRANSIT""]",[],"[""39""]","[""DEPLOYMENT UNKNOWN"", ""NOT APPLICABLE""]","[""NONE"", ""UNKNOWN""]","[""NO INDICATION OF INJURY""]",2025,9,23,8,0,morning,41.87,-87.62,41.87_-87.62,0,0,39.0,39.0,39.0,Other
STRAIGHT AND LEVEL,2432,2025-09-23 08:12:00,3,8,9,no injury / drive away,"OVER $1,500",NO CONTROLS,PARKED MOTOR VEHICLE,1.0,0.0,0.0,1.0,0.0,0.0,0.0,0.0,42.0029177292,,-87.6609437861,NO INDICATION OF INJURY,3,30,FAILING TO REDUCE SPEED TO AVOID CRASH,NO DEFECTS,,UNABLE TO DETERMINE,N,6610,no controls,NOT DIVIDED,,,,,,,5,0,"[""FRONT"", ""UNKNOWN""]","[""DODGE"", ""HONDA"", ""UNKNOWN""]","[""DIVERGING"", ""PARKED""]","[""CARAVAN"", ""CR-V"", ""OTHER (EXPLAIN IN NARRATIVE)""]",[],[],"[""DEPLOYMENT UNKNOWN""]","[""NONE""]","[""NO INDICATION OF INJURY""]",2025,9,23,8,0,morning,42.0,-87.66,42.0_-87.66,0,0,,,,Speeding
STRAIGHT AND LEVEL,723,2025-09-23 08:15:00,3,8,9,no injury / drive away,"OVER $1,500",NO CONTROLS,TURNING,1.0,0.0,0.0,2.0,0.0,0.0,0.0,0.0,41.7757812695,daylight,-87.644886323,NO INDICATION OF INJURY,2,30,UNABLE TO DETERMINE,NO DEFECTS,dry,UNABLE TO DETERMINE,S,6510,no controls,DIVIDED - W/MEDIAN (NOT RAISED),clear,,,,,,4,1,"[""SIDE-RIGHT"", ""UNKNOWN""]","[""JEEP"", ""UNKNOWN""]","[""STRAIGHT AHEAD"", ""U-TURN""]","[""CHEROKEE"", ""OTHER (EXPLAIN IN NARRATIVE)""]",[],"[""50""]","[""DEPLOYMENT UNKNOWN"", ""DID NOT DEPLOY""]","[""NONE""]","[""NO INDICATION OF INJURY""]",2025,9,23,8,0,morning,41.78,-87.64,41.78_-87.64,0,0,50.0,50.0,50.0,Other
STRAIGHT AND LEVEL,1523,2025-09-23 08:17:00,3,8,9,no injury / drive away,$500 OR LESS,FUNCTIONING PROPERLY,ANGLE,1.0,0.0,0.0,2.0,0.0,0.0,0.0,0.0,41.8877721028,daylight,-87.7576363591,NO INDICATION OF INJURY,2,25,UNABLE TO DETERMINE,,dry,UNABLE TO DETERMINE,N,399,stop sign/flasher,NOT DIVIDED,clear,,,,,,4,1,"[""FRONT-LEFT-CORNER"", ""FRONT-RIGHT-CORNER""]","[""FORD"", ""UNKNOWN""]","[""STRAIGHT AHEAD""]","[""ECONOLINE E550"", ""OTHER (EXPLAIN IN NARRATIVE)""]",[],"[""59""]","[""DEPLOYMENT UNKNOWN"", ""NOT APPLICABLE""]","[""NONE""]","[""NO INDICATION OF INJURY""]",2025,9,23,8,0,morning,41.89,-87.76,41.89_-87.76,0,0,59.0,59.0,59.0,Other
STRAIGHT AND LEVEL,612,2025-09-23 08:21:00,3,8,9,injury and / or tow due to crash,"OVER $1,500",NO CONTROLS,REAR END,1.0,0.0,0.0,1.0,3.0,0.0,3.0,0.0,41.7559065857,daylight,-87.65387467,NONINCAPACITATING INJURY,2,30,FOLLOWING TOO CLOSELY,NO DEFECTS,dry,NOT APPLICABLE,W,1199,no controls,NOT DIVIDED,clear,,,,,,4,1,"[""TOTAL (ALL AREAS)"", ""UNKNOWN""]","[""DODGE"", ""UNKNOWN""]","[""STRAIGHT AHEAD"", ""UNKNOWN/NA""]","[""JOURNEY"", ""OTHER (EXPLAIN IN NARRATIVE)""]","[""Y""]","[""31""]","[""DEPLOYMENT UNKNOWN"", ""NOT APPLICABLE""]","[""NONE"", ""UNKNOWN""]","[""NO INDICATION OF INJURY"", ""NONINCAPACITATING INJURY""]",2025,9,23,8,0,morning,41.76,-87.65,41.76_-87.65,0,0,31.0,31.0,31.0,Following Too Closely
STRAIGHT AND LEVEL,1133,2025-09-23 08:25:00,3,8,9,no injury / drive away,"OVER $1,500",NO CONTROLS,PARKED MOTOR VEHICLE,1.0,0.0,0.0,1.0,0.0,0.0,0.0,0.0,41.8701917955,"darkness, lighted road",-87.7153943282,NO INDICATION OF INJURY,2,25,NOT APPLICABLE,NO DEFECTS,,NOT APPLICABLE,S,819,no controls,NOT DIVIDED,clear,,,,,,4,0,"[""SIDE-LEFT"", ""UNKNOWN""]","[""JEEP"", ""UNKNOWN""]","[""PARKED"", ""STRAIGHT AHEAD""]","[""CHEROKEE"", ""OTHER (EXPLAIN IN NARRATIVE)""]",[],[],"[""DEPLOYMENT UNKNOWN""]","[""UNKNOWN""]","[""NO INDICATION OF INJURY""]",2025,9,23,8,0,morning,41.87,-87.72,41.87_-87.72,0,0,,,,Other
STRAIGHT AND LEVEL,1933,2025-09-23 08:35:00,3,8,9,injury and / or tow due to crash,$500 OR LESS,,PEDESTRIAN,1.0,0.0,0.0,1.0,0.0,1.0,1.0,0.0,41.9369470355,daylight,-87.6538579936,"REPORTED, NOT EVIDENT",2,30,UNABLE TO DETERMINE,,,UNABLE TO DETERMINE,N,3021,,T-INTERSECTION,,,,,,,1,1,"[""UNKNOWN""]","[""JEEP""]","[""UNKNOWN/NA""]","[""JEEP""]",[],"[""82""]","[""DEPLOYMENT UNKNOWN""]","[""UNKNOWN""]","[""NO INDICATION OF INJURY"", ""REPORTED, NOT EVIDENT""]",2025,9,23,8,0,morning,41.94,-87.65,41.94_-87.65,0,0,82.0,82.0,82.0,Other
STRAIGHT AND LEVEL,513,2025-09-23 08:40:00,3,8,9,no injury / drive away,"$501 - $1,500",NO CONTROLS,ANGLE,1.0,0.0,0.0,2.0,0.0,0.0,0.0,0.0,41.6980137403,daylight,-87.5957162753,NO INDICATION OF INJURY,2,15,FAILING TO YIELD RIGHT-OF-WAY,NO DEFECTS,dry,NOT APPLICABLE,S,10808,no controls,PARKING LOT,clear,,,,,,4,1,"[""REAR"", ""SIDE-RIGHT""]","[""DODGE"", ""NISSAN""]","[""BACKING"", ""STRAIGHT AHEAD""]","[""OTHER (EXPLAIN IN NARRATIVE)"", ""ROGUE""]",[],"[""83""]","[""DID NOT DEPLOY"", ""NOT APPLICABLE""]","[""NONE""]","[""NO INDICATION OF INJURY""]",2025,9,23,8,0,morning,41.7,-87.6,41.7_-87.6,0,0,83.0,83.0,83.0,Failure-to-Yield
STRAIGHT AND LEVEL,1232,2025-09-23 09:15:00,3,9,9,no injury / drive away,"OVER $1,500",NO CONTROLS,PARKED MOTOR VEHICLE,1.0,0.0,0.0,1.0,0.0,0.0,0.0,0.0,41.8809239593,daylight,-87.6506918332,NO INDICATION OF INJURY,2,30,IMPROPER OVERTAKING/PASSING,NO DEFECTS,dry,IMPROPER LANE USAGE,S,25,no controls,DIVIDED - W/MEDIAN (NOT RAISED),clear,,,,,,4,0,"[""FRONT-LEFT-CORNER"", ""SIDE-RIGHT""]","[""CHEVROLET"", ""FORD""]","[""PARKED"", ""PASSING/OVERTAKING""]","[""RANGER"", ""TRAX""]",[],[],"[""DID NOT DEPLOY""]","[""NONE""]","[""NO INDICATION OF INJURY""]",2025,9,23,9,0,morning,41.88,-87.65,41.88_-87.65,0,0,,,,Other
STRAIGHT AND LEVEL,1831,2025-09-23 09:30:00,3,9,9,no injury / drive away,"OVER $1,500",NO CONTROLS,PARKED MOTOR VEHICLE,1.0,0.0,0.0,1.0,0.0,0.0,0.0,0.0,41.8942097339,daylight,-87.6369624484,NO INDICATION OF INJURY,2,30,FAILING TO REDUCE SPEED TO AVOID CRASH,,,UNABLE TO DETERMINE,N,665,no controls,DIVIDED - W/MEDIAN (NOT RAISED),,,,,,,4,0,"[""UNKNOWN""]","[""MAZDA"", ""UNKNOWN""]","[""PARKED"", ""UNKNOWN/NA""]","[""MAZDA3"", ""OTHER (EXPLAIN IN NARRATIVE)""]",[],[],"[""DEPLOYMENT UNKNOWN""]","[""NONE""]","[""NO INDICATION OF INJURY""]",2025,9,23,9,0,morning,41.89,-87.64,41.89_-87.64,0,0,,,,Speeding
STRAIGHT AND LEVEL,1712,2025-09-23 09:30:00,3,9,9,no injury / drive away,"OVER $1,500",NO CONTROLS,PARKED MOTOR VEHICLE,1.0,0.0,0.0,1.0,0.0,0.0,0.0,0.0,41.9720054071,daylight,-87.7271379595,NO INDICATION OF INJURY,2,20,UNABLE TO DETERMINE,NO DEFECTS,wet,NOT APPLICABLE,W,3934,no controls,DIVIDED - W/MEDIAN (NOT RAISED),rain,,,,,,4,0,"[""REAR-LEFT-CORNER"", ""UNKNOWN""]","[""TOYOTA"", ""UNKNOWN""]","[""PARKED"", ""UNKNOWN/NA""]","[""CAMRY"", ""OTHER (EXPLAIN IN NARRATIVE)""]",[],[],"[""DEPLOYMENT UNKNOWN""]","[""UNKNOWN""]","[""NO INDICATION OF INJURY""]",2025,9,23,9,0,morning,41.97,-87.73,41.97_-87.73,0,0,,,,Other
STRAIGHT AND LEVEL,2522,2025-09-23 10:00:00,3,10,9,no injury / drive away,"OVER $1,500",NO CONTROLS,PARKED MOTOR VEHICLE,1.0,0.0,0.0,1.0,0.0,0.0,0.0,0.0,41.9187270738,,-87.7397310745,NO INDICATION OF INJURY,2,35,UNABLE TO DETERMINE,,,UNABLE TO DETERMINE,W,4521,no controls,ONE-WAY,,,,,,,4,0,"[""FRONT"", ""UNKNOWN""]","[""TOYOTA"", ""UNKNOWN""]","[""BACKING"", ""PARKED""]","[""OTHER (EXPLAIN IN NARRATIVE)"", ""RAV4""]",[],[],"[""DEPLOYMENT UNKNOWN""]","[""NONE""]","[""NO INDICATION OF INJURY""]",2025,9,23,10,0,morning,41.92,-87.74,41.92_-87.74,0,0,,,,Other
STRAIGHT AND LEVEL,1014,2025-09-23 10:00:00,3,10,9,no injury / drive away,"OVER $1,500",NO CONTROLS,PARKED MOTOR VEHICLE,1.0,0.0,0.0,1.0,0.0,0.0,0.0,0.0,41.8517414578,daylight,-87.7176782758,NO INDICATION OF INJURY,2,25,UNABLE TO DETERMINE,,,UNABLE TO DETERMINE,W,3704,no controls,NOT DIVIDED,clear,,,,,,4,0,"[""FRONT"", ""UNKNOWN""]","[""HYUNDAI"", ""UNKNOWN""]","[""PARKED"", ""UNKNOWN/NA""]","[""ELANTRA"", ""OTHER (EXPLAIN IN NARRATIVE)""]",[],[],"[""DEPLOYMENT UNKNOWN""]","[""NONE""]","[""NO INDICATION OF INJURY""]",2025,9,23,10,0,morning,41.85,-87.72,41.85_-87.72,0,0,,,,Other
STRAIGHT AND LEVEL,1613,2025-09-23 11:00:00,3,11,9,no injury / drive away,"OVER $1,500",NO CONTROLS,PARKED MOTOR VEHICLE,1.0,0.0,0.0,1.0,0.0,0.0,0.0,0.0,41.9792169069,daylight,-87.8068381631,NO INDICATION OF INJURY,2,20,DRIVING SKILLS/KNOWLEDGE/EXPERIENCE,NO DEFECTS,dry,UNABLE TO DETERMINE,N,5401,no controls,PARKING LOT,clear,1.0,,,,0.0,4,0,"[""REAR""]","[""FORD"", ""TOYOTA""]","[""BACKING"", ""PARKED""]","[""ESCAPE"", ""SIENNA""]",[],[],"[""NOT APPLICABLE""]","[""NONE""]","[""NO INDICATION OF INJURY""]",2025,9,23,11,0,morning,41.98,-87.81,41.98_-87.81,0,0,,,,Other
STRAIGHT AND LEVEL,132,2025-09-23 11:00:00,3,11,9,injury and / or tow due to crash,"OVER $1,500",FUNCTIONING PROPERLY,REAR END,1.0,0.0,0.0,2.0,0.0,0.0,0.0,0.0,41.8674842272,daylight,-87.6191503834,NO INDICATION OF INJURY,2,40,FOLLOWING TOO CLOSELY,NO DEFECTS,wet,FAILING TO REDUCE SPEED TO AVOID CRASH,S,1200,traffic signal,DIVIDED - W/MEDIAN BARRIER,clear,,,,,,4,1,"[""FRONT"", ""REAR""]","[""HYUNDAI"", ""UNKNOWN""]","[""STRAIGHT AHEAD""]","[""ELANTRA"", ""OTHER (EXPLAIN IN NARRATIVE)""]","[""Y""]","[""30""]","[""DEPLOYMENT UNKNOWN"", ""DID NOT DEPLOY""]","[""NONE""]","[""NO INDICATION OF INJURY""]",2025,9,23,11,0,morning,41.87,-87.62,41.87_-87.62,0,0,30.0,30.0,30.0,Following Too Closely
STRAIGHT AND LEVEL,1111,2025-09-23 11:05:00,3,11,9,no injury / drive away,"OVER $1,500",NO CONTROLS,TURNING,1.0,0.0,0.0,2.0,0.0,0.0,0.0,0.0,41.8955133451,daylight,-87.726232516,NO INDICATION OF INJURY,2,30,FAILING TO YIELD RIGHT-OF-WAY,,dry,NOT APPLICABLE,N,802,no controls,NOT DIVIDED,clear,,,,,,4,1,"[""FRONT"", ""FRONT-RIGHT-CORNER""]","[""KIA"", ""UNKNOWN""]","[""STRAIGHT AHEAD"", ""TURNING LEFT""]","[""OTHER (EXPLAIN IN NARRATIVE)"", ""SORENTO""]",[],"[""35""]","[""DEPLOYMENT UNKNOWN"", ""NOT APPLICABLE""]","[""NONE""]","[""NO INDICATION OF INJURY""]",2025,9,23,11,0,morning,41.9,-87.73,41.9_-87.73,0,0,35.0,35.0,35.0,Failure-to-Yield
STRAIGHT AND LEVEL,814,2025-09-23 11:13:00,3,11,9,injury and / or tow due to crash,"OVER $1,500",FUNCTIONING PROPERLY,TURNING,1.0,0.0,0.0,2.0,0.0,0.0,0.0,0.0,41.7928466399,daylight,-87.7622449615,NO INDICATION OF INJURY,2,30,UNABLE TO DETERMINE,,dry,UNABLE TO DETERMINE,W,5558,traffic signal,FOUR WAY,clear,,1.0,,,0.0,4,2,"[""FRONT"", ""SIDE-LEFT-REAR""]","[""JEEP"", ""PETERBILT MOTORS COMPANY (DIVISION OF PACCAR, INC.)""]","[""STRAIGHT AHEAD"", ""TURNING RIGHT""]","[""GRAND CHEROKEE"", ""PETERBILT MOTORS CO., DIVISION PACCAR, INC.""]","[""Y""]","[""34"", ""44""]","[""DEPLOYED, COMBINATION"", ""DID NOT DEPLOY""]","[""NONE""]","[""NO INDICATION OF INJURY""]",2025,9,23,11,0,morning,41.79,-87.76,41.79_-87.76,0,1,39.0,34.0,44.0,Other