alignment,beat_of_occurrence,crash_date,crash_day_of_week,crash_hour,crash_month,crash_type,damage,device_condition,first_crash_type,hit_and_run_i,injuries_fatal,injuries_incapacitating,injuries_no_indication,injuries_non_incapacitating,injuries_reported_not_evident,injuries_total,injuries_unknown,latitude,lighting_condition,longitude,most_severe_injury,num_units,posted_speed_limit,prim_contributory_cause,road_defect,roadway_surface_cond,sec_contributory_cause,street_direction,street_no,traffic_control_device,trafficway_type,weather_condition,crash_date_est_i,intersection_related_i,work_zone_i,dooring_i,private_property_i,veh_count,ppl_count,veh_first_contact_point_list_json,veh_make_list_json,veh_maneuver_list_json,veh_model_list_json,veh_towed_i_list_json,ppl_age_list_json,ppl_airbag_deployed_list_json,ppl_ejection_list_json,ppl_injury_classification_list_json,year,month,day,hour,is_weekend,hour_bin,lat_bin,lng_bin,grid_id,veh_truck_i,veh_mc_i,ppl_age_mean,ppl_age_min,ppl_age_max,cause_group
STRAIGHT AND LEVEL,2525,2025-09-23 11:30:00,3,11,9,no injury / drive away,"OVER $1,500",NO CONTROLS,PARKED MOTOR VEHICLE,1.0,0.0,0.0,1.0,0.0,0.0,0.0,0.0,41.920693259,daylight,-87.7284135957,NO INDICATION OF INJURY,2,30,FAILING TO REDUCE SPEED TO AVOID CRASH,,,UNABLE TO DETERMINE,W,4043,no controls,ONE-WAY,,1.0,,,,,4,0,"[""SIDE-RIGHT"", ""UNKNOWN""]","[""GENERAL MOTORS CORPORATION (GMC)"", ""UNKNOWN""]","[""PARKED"", ""UNKNOWN/NA""]","[""OTHER (EXPLAIN IN NARRATIVE)"", ""TERRAIN""]",[],[],"[""DEPLOYMENT UNKNOWN""]","[""NONE""]","[""NO INDICATION OF INJURY""]",2025,9,23,11,0,morning,41.92,-87.73,41.92_-87.73,0,1,,,,Speeding
STRAIGHT AND LEVEL,1824,2025-09-23 11:32:00,3,11,9,no injury / drive away,"$501 - $1,500",NO CONTROLS,SIDESWIPE SAME DIRECTION,1.0,0.0,0.0,2.0,0.0,0.0,0.0,0.0,41.9010758775,daylight,-87.6202533124,NO INDICATION OF INJURY,2,40,UNABLE TO DETERMINE,NO DEFECTS,dry,UNABLE TO DETERMINE,N,1004,no controls,DIVIDED - W/MEDIAN BARRIER,clear,,,,,,4,1,"[""FRONT-LEFT-CORNER"", ""SIDE-RIGHT-REAR""]","[""LEXUS"", ""UNKNOWN""]","[""STRAIGHT AHEAD""]","[""GS300"", ""OTHER (EXPLAIN IN NARRATIVE)""]",[],"[""67""]","[""DEPLOYMENT UNKNOWN"", ""DID NOT DEPLOY""]","[""NONE"", ""UNKNOWN""]","[""NO INDICATION OF INJURY""]",2025,9,23,11,0,morning,41.9,-87.62,41.9_-87.62,0,0,67.0,67.0,67.0,Other
STRAIGHT AND LEVEL,121,2025-09-23 11:40:00,3,11,9,no injury / drive away,"OVER $1,500",FUNCTIONING PROPERLY,SIDESWIPE SAME DIRECTION,0.0,0.0,0.0,4.0,0.0,0.0,0.0,0.0,41.8841875961,daylight,-87.6399481506,NO INDICATION OF INJURY,2,30,UNABLE TO DETERMINE,NO DEFECTS,wet,UNABLE TO DETERMINE,N,130,traffic signal,NOT DIVIDED,clear,,,,,,4,0,"[""FRONT-RIGHT-CORNER"", ""REAR-RIGHT-CORNER""]","[""CHEVROLET"", ""TOYOTA""]","[""NEGOTIATING A CURVE"", ""STRAIGHT AHEAD""]","[""EQUINOX"", ""RAV4""]",[],[],"[""DID NOT DEPLOY""]","[""NONE""]","[""NO INDICATION OF INJURY""]",2025,9,23,11,0,morning,41.88,-87.64,41.88_-87.64,0,0,,,,Other
STRAIGHT AND LEVEL,1434,2025-09-23 12:01:00,3,12,9,no injury / drive away,"$501 - $1,500",,PARKED MOTOR VEHICLE,1.0,0.0,0.0,1.0,0.0,0.0,0.0,0.0,41.9132755099,daylight,-87.6821679702,NO INDICATION OF INJURY,2,35,IMPROPER OVERTAKING/PASSING,NO DEFECTS,dry,UNABLE TO DETERMINE,N,1756,,DIVIDED - W/MEDIAN (NOT RAISED),clear,,,,,,4,0,"[""FRONT-LEFT-CORNER"", ""UNKNOWN""]","[""NOVA BUS"", ""UNKNOWN""]","[""PARKED"", ""PASSING/OVERTAKING""]","[""OTHER (EXPLAIN IN NARRATIVE)"", ""RTS""]",[],[],"[""DEPLOYMENT UNKNOWN""]","[""NONE""]","[""NO INDICATION OF INJURY""]",2025,9,23,12,0,morning,41.91,-87.68,41.91_-87.68,0,0,,,,Other
STRAIGHT AND LEVEL,1232,2025-09-23 12:09:00,3,12,9,no injury / drive away,"OVER $1,500",NO CONTROLS,PARKED MOTOR VEHICLE,1.0,0.0,0.0,1.0,0.0,0.0,0.0,0.0,41.8717018265,daylight,-87.6531191238,NO INDICATION OF INJURY,2,30,UNABLE TO DETERMINE,NO DEFECTS,dry,NOT APPLICABLE,S,805,no controls,NOT DIVIDED,clear,,,,,,4,0,"[""REAR"", ""UNKNOWN""]","[""MAZDA"", ""TESLA""]","[""LEAVING TRAFFIC LANE TO PARK"", ""PARKED""]","[""MAZDA6"", ""MODEL 3""]",[],[],"[""DEPLOYMENT UNKNOWN""]","[""NONE""]","[""NO INDICATION OF INJURY""]",2025,9,23,12,0,morning,41.87,-87.65,41.87_-87.65,0,0,,,,Other
STRAIGHT AND LEVEL,1732,2025-09-23 12:12:00,3,12,9,no injury / drive away,"$501 - $1,500",NO CONTROLS,PARKED MOTOR VEHICLE,1.0,0.0,0.0,2.0,0.0,0.0,0.0,0.0,41.9492389332,daylight,-87.7153862131,NO INDICATION OF INJURY,2,25,DRIVING SKILLS/KNOWLEDGE/EXPERIENCE,NO DEFECTS,dry,UNABLE TO DETERMINE,N,3728,no controls,ONE-WAY,clear,,,,,,4,1,"[""SIDE-LEFT"", ""SIDE-RIGHT""]","[""DODGE"", ""UNKNOWN""]","[""PARKED"", ""STRAIGHT AHEAD""]","[""OTHER (EXPLAIN IN NARRATIVE)"", ""RAM 2500 PU""]",[],"[""24""]","[""DID NOT DEPLOY""]","[""NONE""]","[""NO INDICATION OF INJURY""]",2025,9,23,12,0,morning,41.95,-87.72,41.95_-87.72,0,0,24.0,24.0,24.0,Other
STRAIGHT AND LEVEL,1614,2025-09-23 12:15:00,3,12,9,no injury / drive away,"$501 - $1,500",NO CONTROLS,PARKED MOTOR VEHICLE,1.0,0.0,0.0,1.0,0.0,0.0,0.0,0.0,41.978973027,daylight,-87.836733659,NO INDICATION OF INJURY,2,35,UNABLE TO DETERMINE,NO DEFECTS,dry,NOT APPLICABLE,N,5450,no controls,NOT DIVIDED,clear,,,,,,4,0,"[""SIDE-LEFT-REAR"", ""UNKNOWN""]","[""HYUNDAI"", ""TOYOTA""]","[""PARKED"", ""STRAIGHT AHEAD""]","[""SANTA FE"", ""YARIS""]",[],[],"[""DEPLOYMENT UNKNOWN""]","[""NONE""]","[""NO INDICATION OF INJURY""]",2025,9,23,12,0,morning,41.98,-87.84,41.98_-87.84,0,0,,,,Other
STRAIGHT AND LEVEL,2213,2025-09-23 12:24:00,3,12,9,no injury / drive away,"OVER $1,500",NO CONTROLS,PARKED MOTOR VEHICLE,1.0,0.0,0.0,1.0,0.0,0.0,0.0,0.0,41.721150404,daylight,-87.658966651,NO INDICATION OF INJURY,2,15,UNABLE TO DETERMINE,NO DEFECTS,dry,UNABLE TO DETERMINE,W,1431,no controls,PARKING LOT,clear,,,,,1.0,4,0,"[""SIDE-LEFT-REAR"", ""UNKNOWN""]","[""TOYOTA"", ""UNKNOWN""]","[""PARKED"", ""UNKNOWN/NA""]","[""COROLLA"", ""OTHER (EXPLAIN IN NARRATIVE)""]",[],[],"[""DEPLOYMENT UNKNOWN""]","[""UNKNOWN""]","[""NO INDICATION OF INJURY""]",2025,9,23,12,0,morning,41.72,-87.66,41.72_-87.66,0,0,,,,Other
STRAIGHT AND LEVEL,413,2025-09-23 12:25:00,3,12,9,no injury / drive away,"$501 - $1,500",NO CONTROLS,PARKED MOTOR VEHICLE,1.0,0.0,0.0,1.0,0.0,0.0,0.0,0.0,41.7328693696,dawn,-87.5849748024,NO INDICATION OF INJURY,2,10,FAILING TO REDUCE SPEED TO AVOID CRASH,NO DEFECTS,wet,UNABLE TO DETERMINE,S,8915,no controls,PARKING LOT,clear,,,,,,4,0,"[""FRONT"", ""REAR""]","[""FORD"", ""JEEP""]","[""BACKING"", ""PARKED""]","[""ESCAPE"", ""GRAND CHEROKEE""]",[],[],"[""DEPLOYMENT UNKNOWN""]","[""NONE""]","[""NO INDICATION OF INJURY""]",2025,9,23,12,0,morning,41.73,-87.58,41.73_-87.58,0,0,,,,Speeding
STRAIGHT AND LEVEL,1712,2025-09-23 12:30:00,3,12,9,no injury / drive away,"OVER $1,500",FUNCTIONING PROPERLY,ANGLE,1.0,0.0,0.0,2.0,0.0,0.0,0.0,0.0,41.9699817428,daylight,-87.7257130336,NO INDICATION OF INJURY,2,20,FAILING TO YIELD RIGHT-OF-WAY,NO DEFECTS,dry,NOT APPLICABLE,W,3901,stop sign/flasher,NOT DIVIDED,clear,,,,,,4,1,"[""FRONT"", ""SIDE-RIGHT""]","[""HONDA"", ""UNKNOWN""]","[""STRAIGHT AHEAD""]","[""ODYSSEY"", ""OTHER (EXPLAIN IN NARRATIVE)""]",[],"[""34""]","[""DEPLOYMENT UNKNOWN"", ""NOT APPLICABLE""]","[""NONE""]","[""NO INDICATION OF INJURY""]",2025,9,23,12,0,morning,41.97,-87.73,41.97_-87.73,0,0,34.0,34.0,34.0,Failure-to-Yield
STRAIGHT AND LEVEL,2432,2025-09-23 13:20:00,3,13,9,injury and / or tow due to crash,"OVER $1,500",NO CONTROLS,PEDESTRIAN,1.0,0.0,0.0,1.0,1.0,0.0,1.0,0.0,41.9999880148,daylight,-87.6710944899,NONINCAPACITATING INJURY,2,15,UNABLE TO DETERMINE,,dry,UNABLE TO DETERMINE,N,6501,no controls,PARKING LOT,clear,,,,,1.0,2,1,"[""UNKNOWN""]","[""TOYOTA""]","[""UNKNOWN/NA""]","[""C-HR""]",[],"[""65""]","[""DEPLOYMENT UNKNOWN""]","[""UNKNOWN""]","[""NO INDICATION OF INJURY"", ""NONINCAPACITATING INJURY""]",2025,9,23,13,0,afternoon,42.0,-87.67,42.0_-87.67,0,0,65.0,65.0,65.0,Other
STRAIGHT AND LEVEL,121,2025-09-23 14:00:00,3,14,9,no injury / drive away,"OVER $1,500",NO CONTROLS,SIDESWIPE SAME DIRECTION,0.0,0.0,0.0,2.0,0.0,0.0,0.0,0.0,41.8851921809,daylight,-87.6414408911,NO INDICATION OF INJURY,2,30,UNABLE TO DETERMINE,NO DEFECTS,dry,UNABLE TO DETERMINE,N,168,no controls,ONE-WAY,clear,,,,,,4,2,"[""FRONT-LEFT-CORNER"", ""SIDE-RIGHT-REAR""]","[""DODGE"", ""NISSAN""]","[""PASSING/OVERTAKING"", ""STRAIGHT AHEAD""]","[""RAM 1500 PU"", ""ROGUE""]",[],"[""33"", ""48""]","[""DEPLOYMENT UNKNOWN"", ""DID NOT DEPLOY""]","[""NONE""]","[""NO INDICATION OF INJURY""]",2025,9,23,14,0,afternoon,41.89,-87.64,41.89_-87.64,0,0,40.5,33.0,48.0,Other
STRAIGHT AND LEVEL,1612,2025-09-23 14:35:00,3,14,9,no injury / drive away,"$501 - $1,500",NO CONTROLS,ANGLE,1.0,0.0,0.0,2.0,0.0,0.0,0.0,0.0,41.9963972701,daylight,-87.8060578492,NO INDICATION OF INJURY,2,35,UNABLE TO DETERMINE,NO DEFECTS,dry,NOT APPLICABLE,N,6332,no controls,NOT DIVIDED,clear,,,,,,4,0,"[""SIDE-RIGHT"", ""UNKNOWN""]","[""CHEVROLET"", ""HONDA""]","[""STRAIGHT AHEAD""]","[""EQUINOX"", ""OTHER (EXPLAIN IN NARRATIVE)""]",[],[],"[""DEPLOYMENT UNKNOWN"", ""NOT APPLICABLE""]","[""NONE""]","[""NO INDICATION OF INJURY""]",2025,9,23,14,0,afternoon,42.0,-87.81,42.0_-87.81,0,0,,,,Other
STRAIGHT AND LEVEL,511,2025-09-23 14:42:00,3,14,9,no injury / drive away,$500 OR LESS,FUNCTIONING PROPERLY,SIDESWIPE SAME DIRECTION,1.0,0.0,0.0,2.0,0.0,0.0,0.0,0.0,41.7074240468,daylight,-87.613831778,NO INDICATION OF INJURY,2,30,UNABLE TO DETERMINE,NO DEFECTS,dry,NOT APPLICABLE,E,364,traffic signal,NOT DIVIDED,clear,,1.0,,,,4,1,"[""FRONT"", ""REAR""]","[""LANDOLL CORPORATION"", ""UNKNOWN""]","[""STRAIGHT AHEAD""]","[""LANDOLL CORP."", ""OTHER (EXPLAIN IN NARRATIVE)""]",[],"[""39""]","[""DID NOT DEPLOY""]","[""NONE""]","[""NO INDICATION OF INJURY""]",2025,9,23,14,0,afternoon,41.71,-87.61,41.71_-87.61,0,0,39.0,39.0,39.0,Other
STRAIGHT AND LEVEL,832,2025-09-23 15:00:00,3,15,9,no injury / drive away,"OVER $1,500",FUNCTIONING PROPERLY,SIDESWIPE SAME DIRECTION,1.0,0.0,0.0,2.0,0.0,0.0,0.0,0.0,41.7697788576,daylight,-87.6832355827,NO INDICATION OF INJURY,2,30,DRIVING SKILLS/KNOWLEDGE/EXPERIENCE,NO DEFECTS,dry,UNABLE TO DETERMINE,S,6811,traffic signal,T-INTERSECTION,clear,,,,,,3,0,"[""SIDE-LEFT"", ""SIDE-RIGHT""]","[""CHEVROLET"", ""NISSAN""]","[""CHANGING LANES"", ""STRAIGHT AHEAD""]","[""OTHER (EXPLAIN IN NARRATIVE)""]",[],[],"[""DEPLOYMENT UNKNOWN"", ""DID NOT DEPLOY""]","[""NONE""]","[""NO INDICATION OF INJURY""]",2025,9,23,15,0,afternoon,41.77,-87.68,41.77_-87.68,0,0,,,,Other
STRAIGHT AND LEVEL,131,2025-09-23 15:00:00,3,15,9,no injury / drive away,"OVER $1,500",FUNCTIONING PROPERLY,TURNING,1.0,0.0,0.0,2.0,0.0,0.0,0.0,0.0,41.8601185014,daylight,-87.6274083114,NO INDICATION OF INJURY,2,30,UNABLE TO DETERMINE,NO DEFECTS,dry,UNABLE TO DETERMINE,S,1600,police/flagman,FOUR WAY,clear,,1.0,,,,4,0,"[""FRONT-LEFT-CORNER"", ""SIDE-RIGHT""]","[""KIA"", ""TOYOTA""]","[""TURNING RIGHT""]","[""TELLURIDE"", ""TUNDRA""]",[],[],"[""DEPLOYMENT UNKNOWN"", ""DID NOT DEPLOY""]","[""NONE""]","[""NO INDICATION OF INJURY""]",2025,9,23,15,0,afternoon,41.86,-87.63,41.86_-87.63,0,0,,,,Other
STRAIGHT AND LEVEL,1533,2025-09-23 15:20:00,3,15,9,no injury / drive away,"OVER $1,500",FUNCTIONING PROPERLY,REAR END,1.0,0.0,0.0,2.0,0.0,0.0,0.0,0.0,41.8711963272,daylight,-87.7450724656,NO INDICATION OF INJURY,2,30,UNABLE TO DETERMINE,,dry,UNABLE TO DETERMINE,S,732,traffic signal,DIVIDED - W/MEDIAN (NOT RAISED),clear,,1.0,,,,4,1,"[""FRONT"", ""REAR""]","[""HYUNDAI"", ""TOYOTA""]","[""STRAIGHT AHEAD""]","[""PRIUS"", ""SONATA""]",[],"[""25""]","[""DEPLOYMENT UNKNOWN"", ""DID NOT DEPLOY""]","[""NONE""]","[""NO INDICATION OF INJURY""]",2025,9,23,15,0,afternoon,41.87,-87.75,41.87_-87.75,0,0,25.0,25.0,25.0,Other
STRAIGHT AND LEVEL,634,2025-09-23 15:23:00,3,15,9,no injury / drive away,"$501 - $1,500",NO CONTROLS,REAR END,1.0,0.0,0.0,2.0,0.0,0.0,0.0,0.0,41.7308507262,daylight,-87.6229294426,NO INDICATION OF INJURY,2,20,UNABLE TO DETERMINE,NO DEFECTS,dry,UNABLE TO DETERMINE,E,27,no controls,ONE-WAY,clear,1.0,,,,,4,1,"[""FRONT-LEFT-CORNER"", ""REAR""]","[""TOYOTA"", ""VOLKSWAGEN""]","[""BACKING"", ""SLOW/STOP IN TRAFFIC""]","[""JETTA"", ""SIENNA""]",[],"[""66""]","[""DEPLOYMENT UNKNOWN"", ""DID NOT DEPLOY""]","[""NONE""]","[""NO INDICATION OF INJURY""]",2025,9,23,15,0,afternoon,41.73,-87.62,41.73_-87.62,0,0,66.0,66.0,66.0,Other
STRAIGHT AND LEVEL,324,2025-09-23 15:33:00,3,15,9,no injury / drive away,"OVER $1,500",NO CONTROLS,REAR TO FRONT,1.0,0.0,0.0,2.0,0.0,0.0,0.0,0.0,41.758811165,daylight,-87.5931705297,NO INDICATION OF INJURY,2,30,UNABLE TO DETERMINE,NO DEFECTS,dry,UNABLE TO DETERMINE,E,1300,no controls,DIVIDED - W/MEDIAN (NOT RAISED),clear,,,,,,3,1,"[""FRONT"", ""REAR""]","[""CHEVROLET"", ""UNKNOWN""]","[""BACKING"", ""SLOW/STOP IN TRAFFIC""]","[""OTHER (EXPLAIN IN NARRATIVE)""]",[],"[""25""]","[""DEPLOYMENT UNKNOWN"", ""DID NOT DEPLOY""]","[""NONE""]","[""NO INDICATION OF INJURY""]",2025,9,23,15,0,afternoon,41.76,-87.59,41.76_-87.59,0,0,25.0,25.0,25.0,Other
STRAIGHT AND LEVEL,211,2025-09-23 15:45:00,3,15,9,no injury / drive away,"OVER $1,500",NO CONTROLS,SIDESWIPE SAME DIRECTION,1.0,0.0,0.0,2.0,0.0,0.0,0.0,0.0,41.8342514337,daylight,-87.6143315183,NO INDICATION OF INJURY,2,30,UNABLE TO DETERMINE,NO DEFECTS,dry,UNABLE TO DETERMINE,S,3321,no controls,NOT DIVIDED,clear,,,,,,4,1,"[""SIDE-RIGHT-REAR"", ""UNKNOWN""]","[""HONDA"", ""TOYOTA""]","[""ENTERING TRAFFIC LANE FROM PARKING"", ""STRAIGHT AHEAD""]","[""ACCORD"", ""CAMRY""]",[],"[""51""]","[""DEPLOYMENT UNKNOWN"", ""DID NOT DEPLOY""]","[""NONE""]","[""NO INDICATION OF INJURY""]",2025,9,23,15,0,afternoon,41.83,-87.61,41.83_-87.61,0,0,51.0,51.0,51.0,Other
STRAIGHT AND LEVEL,311,2025-09-23 16:04:00,3,16,9,no injury / drive away,"OVER $1,500",FUNCTIONING PROPERLY,SIDESWIPE SAME DIRECTION,1.0,0.0,0.0,2.0,0.0,0.0,0.0,0.0,41.7802313064,daylight,-87.6223503021,NO INDICATION OF INJURY,2,30,FAILING TO REDUCE SPEED TO AVOID CRASH,NO DEFECTS,dry,NOT APPLICABLE,S,6258,traffic signal,ONE-WAY,cloudy/overcast,,,,,,4,1,"[""FRONT-RIGHT-CORNER"", ""REAR-LEFT-CORNER""]","[""INFINITI"", ""VOLKSWAGEN""]","[""SLOW/STOP IN TRAFFIC"", ""STRAIGHT AHEAD""]","[""G35"", ""JETTA""]",[],"[""54""]","[""DEPLOYMENT UNKNOWN"", ""NOT APPLICABLE""]","[""NONE""]","[""NO INDICATION OF INJURY""]",2025,9,23,16,0,afternoon,41.78,-87.62,41.78_-87.62,0,0,54.0,54.0,54.0,Speeding
STRAIGHT AND LEVEL,833,2025-09-23 16:10:00,3,16,9,no injury / drive away,"OVER $1,500",FUNCTIONING PROPERLY,TURNING,1.0,0.0,0.0,2.0,0.0,0.0,0.0,0.0,41.7746945416,daylight,-87.7420133008,NO INDICATION OF INJURY,2,30,UNABLE TO DETERMINE,WORN SURFACE,dry,UNABLE TO DETERMINE,S,6501,traffic signal,FOUR WAY,clear,,1.0,,,,3,1,"[""FRONT"", ""SIDE-RIGHT""]","[""CHEVROLET"", ""UNKNOWN""]","[""STRAIGHT AHEAD"", ""TURNING LEFT""]","[""OTHER (EXPLAIN IN NARRATIVE)""]",[],"[""58""]","[""DEPLOYMENT UNKNOWN"", ""NOT APPLICABLE""]","[""NONE""]","[""NO INDICATION OF INJURY""]",2025,9,23,16,0,afternoon,41.77,-87.74,41.77_-87.74,0,0,58.0,58.0,58.0,Other
STRAIGHT AND LEVEL,1231,2025-09-23 16:10:00,3,16,9,no injury / drive away,"OVER $1,500",FUNCTIONING PROPERLY,SIDESWIPE SAME DIRECTION,1.0,0.0,0.0,2.0,0.0,0.0,0.0,0.0,41.8669713894,daylight,-87.6662651273,NO INDICATION OF INJURY,2,30,DRIVING SKILLS/KNOWLEDGE/EXPERIENCE,NO DEFECTS,dry,UNABLE TO DETERMINE,W,1558,traffic signal,T-INTERSECTION,clear,,1.0,,,,4,1,"[""SIDE-LEFT"", ""SIDE-RIGHT""]","[""HONDA"", ""TOYOTA""]","[""CHANGING LANES"", ""SLOW/STOP IN TRAFFIC""]","[""CIVIC"", ""OTHER (EXPLAIN IN NARRATIVE)""]",[],"[""24""]","[""DEPLOYMENT UNKNOWN"", ""DID NOT DEPLOY""]","[""NONE""]","[""NO INDICATION OF INJURY""]",2025,9,23,16,0,afternoon,41.87,-87.67,41.87_-87.67,0,0,24.0,24.0,24.0,Other
STRAIGHT AND LEVEL,431,2025-09-23 16:45:00,3,16,9,no injury / drive away,"$501 - $1,500",FUNCTIONING PROPERLY,TURNING,1.0,0.0,0.0,2.0,0.0,0.0,0.0,0.0,41.7222615186,daylight,-87.5830719441,NO INDICATION OF INJURY,2,10,FAILING TO YIELD RIGHT-OF-WAY,NO DEFECTS,dry,NOT APPLICABLE,E,1651,stop sign/flasher,PARKING LOT,clear,,,,,1.0,4,1,"[""FRONT-LEFT-CORNER"", ""SIDE-RIGHT""]","[""CHEVROLET"", ""FORD""]","[""PASSING/OVERTAKING"", ""TURNING LEFT""]","[""FUSION"", ""OTHER (EXPLAIN IN NARRATIVE)""]",[],"[""26""]","[""DEPLOYMENT UNKNOWN"", ""DID NOT DEPLOY""]","[""NONE""]","[""NO INDICATION OF INJURY""]",2025,9,23,16,0,afternoon,41.72,-87.58,41.72_-87.58,0,0,26.0,26.0,26.0,Failure-to-Yield
STRAIGHT AND LEVEL,1232,2025-09-23 17:00:00,3,17,9,no injury / drive away,"OVER $1,500",FUNCTIONING PROPERLY,SIDESWIPE SAME DIRECTION,1.0,0.0,0.0,2.0,0.0,0.0,0.0,0.0,41.8674620829,daylight,-87.6467725632,NO INDICATION OF INJURY,2,30,UNABLE TO DETERMINE,NO DEFECTS,dry,NOT APPLICABLE,S,1149,traffic signal,NOT DIVIDED,clear,,,,,,4,1,"[""FRONT-LEFT-CORNER"", ""SIDE-RIGHT""]","[""KIA"", ""UNKNOWN""]","[""CHANGING LANES"", ""STRAIGHT AHEAD""]","[""OTHER (EXPLAIN IN NARRATIVE)"", ""SORENTO""]",[],"[""68""]","[""DEPLOYMENT UNKNOWN"", ""NOT APPLICABLE""]","[""NONE"", ""UNKNOWN""]","[""NO INDICATION OF INJURY""]",2025,9,23,17,0,afternoon,41.87,-87.65,41.87_-87.65,0,0,68.0,68.0,68.0,Other
STRAIGHT AND LEVEL,531,2025-09-23 17:00:00,3,17,9,no injury / drive away,"OVER $1,500",NO CONTROLS,PARKED MOTOR VEHICLE,1.0,0.0,0.0,1.0,0.0,0.0,0.0,0.0,41.6927233639,daylight,-87.6045058667,NO INDICATION OF INJURY,2,10,UNABLE TO DETERMINE,NO DEFECTS,dry,UNABLE TO DETERMINE,E,727,no controls,PARKING LOT,clear,,,,,,4,0,"[""FRONT-LEFT-CORNER"", ""UNKNOWN""]","[""TOYOTA"", ""UNKNOWN""]","[""PARKED"", ""UNKNOWN/NA""]","[""CAMRY"", ""OTHER (EXPLAIN IN NARRATIVE)""]",[],[],"[""DEPLOYMENT UNKNOWN""]","[""UNKNOWN""]","[""NO INDICATION OF INJURY""]",2025,9,23,17,0,afternoon,41.69,-87.6,41.69_-87.6,0,0,,,,Other
STRAIGHT AND LEVEL,2512,2025-09-23 17:13:00,3,17,9,no injury / drive away,"OVER $1,500",,REAR END,1.0,0.0,0.0,2.0,0.0,0.0,0.0,0.0,41.9309076045,"darkness, lighted road",-87.7858334631,NO INDICATION OF INJURY,2,30,UNABLE TO DETERMINE,,,UNABLE TO DETERMINE,N,2798,,NOT DIVIDED,clear,,,,,,4,1,"[""FRONT"", ""REAR""]","[""CHRYSLER"", ""PORSCHE""]","[""STRAIGHT AHEAD""]","[""300M"", ""CAYENNE""]",[],"[""56""]","[""DEPLOYMENT UNKNOWN"", ""NOT APPLICABLE""]","[""NONE""]","[""NO INDICATION OF INJURY""]",2025,9,23,17,0,afternoon,41.93,-87.79,41.93_-87.79,0,0,56.0,56.0,56.0,Other
STRAIGHT AND LEVEL,611,2025-09-23 17:31:00,3,17,9,no injury / drive away,"OVER $1,500",NO CONTROLS,REAR END,1.0,0.0,0.0,3.0,0.0,0.0,0.0,0.0,41.7521403439,daylight,-87.6733309283,NO INDICATION OF INJURY,3,30,FOLLOWING TOO CLOSELY,NO DEFECTS,dry,NOT APPLICABLE,S,7758,no controls,DIVIDED - W/MEDIAN (NOT RAISED),clear,,,,,,5,1,"[""FRONT"", ""REAR-RIGHT-CORNER""]","[""ACURA"", ""LEXUS"", ""UNKNOWN""]","[""SLOW/STOP IN TRAFFIC"", ""STRAIGHT AHEAD""]","[""ADX"", ""OTHER (EXPLAIN IN NARRATIVE)""]",[],"[""55""]","[""DEPLOYMENT UNKNOWN"", ""NOT APPLICABLE""]","[""NONE""]","[""NO INDICATION OF INJURY""]",2025,9,23,17,0,afternoon,41.75,-87.67,41.75_-87.67,0,0,55.0,55.0,55.0,Following Too Closely
STRAIGHT ON HILLCREST,2424,2025-09-23 18:00:00,3,18,9,no injury / drive away,$500 OR LESS,NO CONTROLS,PARKED MOTOR VEHICLE,0.0,0.0,0.0,1.0,0.0,0.0,0.0,0.0,42.0111713253,dusk,-87.6817375795,NO INDICATION OF INJURY,2,15,UNABLE TO DETERMINE,,dry,UNABLE TO DETERMINE,W,2037,no controls,ONE-WAY,cloudy/overcast,,,,,,4,0,"[""FRONT"", ""REAR""]","[""NISSAN"", ""TOYOTA""]","[""OTHER"", ""PARKED""]","[""4RUNNER"", ""OTHER (EXPLAIN IN NARRATIVE)""]",[],[],"[""DEPLOYMENT UNKNOWN""]","[""NONE""]","[""NO INDICATION OF INJURY""]",2025,9,23,18,0,afternoon,42.01,-87.68,42.01_-87.68,0,0,,,,Other
STRAIGHT AND LEVEL,2535,2025-09-23 18:24:00,3,18,9,no injury / drive away,"OVER $1,500",NO CONTROLS,PARKED MOTOR VEHICLE,1.0,0.0,0.0,1.0,0.0,0.0,0.0,0.0,41.9146755752,daylight,-87.7192870977,NO INDICATION OF INJURY,2,25,UNABLE TO DETERMINE,NO DEFECTS,dry,NOT APPLICABLE,N,1834,no controls,NOT DIVIDED,clear,,,,,,4,0,"[""SIDE-LEFT-REAR"", ""UNKNOWN""]","[""SUBARU"", ""UNKNOWN""]","[""PARKED"", ""UNKNOWN/NA""]","[""LEGACY"", ""OTHER (EXPLAIN IN NARRATIVE)""]",[],[],"[""DEPLOYMENT UNKNOWN""]","[""UNKNOWN""]","[""NO INDICATION OF INJURY""]",2025,9,23,18,0,afternoon,41.91,-87.72,41.91_-87.72,0,0,,,,Other