alignment,beat_of_occurrence,crash_date,crash_day_of_week,crash_hour,crash_month,crash_type,damage,device_condition,first_crash_type,hit_and_run_i,injuries_fatal,injuries_incapacitating,injuries_no_indication,injuries_non_incapacitating,injuries_reported_not_evident,injuries_total,injuries_unknown,latitude,lighting_condition,longitude,most_severe_injury,num_units,posted_speed_limit,prim_contributory_cause,road_defect,roadway_surface_cond,sec_contributory_cause,street_direction,street_no,traffic_control_device,trafficway_type,weather_condition,crash_date_est_i,intersection_related_i,work_zone_i,dooring_i,private_property_i,veh_count,ppl_count,veh_first_contact_point_list_json,veh_make_list_json,veh_maneuver_list_json,veh_model_list_json,veh_towed_i_list_json,ppl_age_list_json,ppl_airbag_deployed_list_json,ppl_ejection_list_json,ppl_injury_classification_list_json,year,month,day,hour,is_weekend,hour_bin,lat_bin,lng_bin,grid_id,veh_truck_i,veh_mc_i,ppl_age_mean,ppl_age_min,ppl_age_max,cause_group
STRAIGHT AND LEVEL,1914,2025-09-23 18:30:00,3,18,9,no injury / drive away,"OVER $1,500",NO CONTROLS,ANGLE,1.0,0.0,0.0,2.0,0.0,0.0,0.0,0.0,41.9619905058,"darkness, lighted road",-87.6475171934,NO INDICATION OF INJURY,2,20,UNABLE TO DETERMINE,,,UNABLE TO DETERMINE,W,676,no controls,PARKING LOT,clear,,,,,,4,1,"[""FRONT-LEFT-CORNER"", ""FRONT-RIGHT-CORNER""]","[""LEXUS"", ""TESLA""]","[""ENTERING TRAFFIC LANE FROM PARKING"", ""STRAIGHT AHEAD""]","[""MODEL 3"", ""OTHER (EXPLAIN IN NARRATIVE)""]",[],"[""41""]","[""DEPLOYMENT UNKNOWN"", ""DID NOT DEPLOY""]","[""NONE""]","[""NO INDICATION OF INJURY""]",2025,9,23,18,0,afternoon,41.96,-87.65,41.96_-87.65,0,0,41.0,41.0,41.0,Other
STRAIGHT AND LEVEL,832,2025-09-23 19:15:00,3,19,9,injury and / or tow due to crash,"OVER $1,500",FUNCTIONING PROPERLY,PARKED MOTOR VEHICLE,1.0,0.0,0.0,1.0,0.0,0.0,0.0,0.0,41.7611602269,"darkness, lighted road",-87.6819694759,NO INDICATION OF INJURY,2,35,FAILING TO REDUCE SPEED TO AVOID CRASH,NO DEFECTS,dry,UNABLE TO DETERMINE,S,7258,stop sign/flasher,ONE-WAY,clear,1.0,,,,,4,0,"[""SIDE-RIGHT"", ""UNKNOWN""]","[""KIA"", ""UNKNOWN""]","[""PARKED"", ""UNKNOWN/NA""]","[""MOTORIZED"", ""OTHER (EXPLAIN IN NARRATIVE)""]","[""Y""]",[],"[""DEPLOYMENT UNKNOWN""]","[""UNKNOWN""]","[""NO INDICATION OF INJURY""]",2025,9,23,19,0,evening,41.76,-87.68,41.76_-87.68,0,1,,,,Speeding
STRAIGHT AND LEVEL,312,2025-09-23 19:30:00,3,19,9,injury and / or tow due to crash,"OVER $1,500",,SIDESWIPE SAME DIRECTION,1.0,0.0,0.0,3.0,0.0,0.0,0.0,0.0,41.7801135699,,-87.616477731,NO INDICATION OF INJURY,2,30,UNABLE TO DETERMINE,,,NOT APPLICABLE,E,359,traffic signal,FOUR WAY,,,,,,,4,2,"[""FRONT-LEFT-CORNER"", ""FRONT-RIGHT-CORNER""]","[""LEXUS"", ""NISSAN""]","[""STRAIGHT AHEAD""]","[""IS"", ""ROGUE""]","[""Y""]","[""19"", ""23""]","[""DEPLOYMENT UNKNOWN""]","[""UNKNOWN""]","[""NO INDICATION OF INJURY""]",2025,9,23,19,0,evening,41.78,-87.62,41.78_-87.62,0,0,21.0,19.0,23.0,Other
STRAIGHT AND LEVEL,1922,2025-09-23 20:00:00,3,20,9,no injury / drive away,"OVER $1,500",NO CONTROLS,PARKED MOTOR VEHICLE,1.0,0.0,0.0,1.0,0.0,0.0,0.0,0.0,41.9423405291,daylight,-87.6703510661,NO INDICATION OF INJURY,2,25,NOT APPLICABLE,NO DEFECTS,dry,NOT APPLICABLE,N,3333,no controls,NOT DIVIDED,clear,,,,,,4,0,"[""REAR-LEFT-CORNER"", ""UNKNOWN""]","[""HONDA"", ""UNKNOWN""]","[""PARKED"", ""UNKNOWN/NA""]","[""HR-V"", ""OTHER (EXPLAIN IN NARRATIVE)""]",[],[],"[""NOT APPLICABLE""]","[""NONE""]","[""NO INDICATION OF INJURY""]",2025,9,23,20,0,evening,41.94,-87.67,41.94_-87.67,0,0,,,,Other
STRAIGHT AND LEVEL,322,2025-09-23 21:00:00,3,21,9,no injury / drive away,"OVER $1,500",NO CONTROLS,SIDESWIPE SAME DIRECTION,1.0,0.0,0.0,2.0,0.0,0.0,0.0,0.0,41.7705690462,dusk,-87.6154059876,NO INDICATION OF INJURY,2,30,IMPROPER LANE USAGE,NO DEFECTS,dry,UNABLE TO DETERMINE,S,6800,no controls,NOT DIVIDED,clear,,,,,,4,1,"[""SIDE-LEFT-REAR"", ""SIDE-RIGHT-REAR""]","[""NISSAN"", ""UNKNOWN""]","[""STRAIGHT AHEAD""]","[""OTHER (EXPLAIN IN NARRATIVE)"", ""VERSA""]",[],"[""21""]","[""DEPLOYMENT UNKNOWN"", ""NOT APPLICABLE""]","[""NONE"", ""UNKNOWN""]","[""NO INDICATION OF INJURY""]",2025,9,23,21,0,evening,41.77,-87.62,41.77_-87.62,0,0,21.0,21.0,21.0,Other
STRAIGHT AND LEVEL,2223,2025-09-23 22:15:00,3,22,9,no injury / drive away,"$501 - $1,500",NO CONTROLS,PARKED MOTOR VEHICLE,1.0,0.0,0.0,1.0,0.0,0.0,0.0,0.0,41.7344629704,"darkness, lighted road",-87.6409928016,NO INDICATION OF INJURY,2,20,UNABLE TO DETERMINE,,dry,UNABLE TO DETERMINE,S,8749,no controls,NOT DIVIDED,clear,,,,,,4,0,"[""FRONT-LEFT-CORNER"", ""UNKNOWN""]","[""JEEP"", ""UNKNOWN""]","[""PARKED"", ""UNKNOWN/NA""]","[""COMPASS"", ""MOTORIZED""]",[],[],"[""DEPLOYMENT UNKNOWN""]","[""NONE""]","[""NO INDICATION OF INJURY""]",2025,9,23,22,0,evening,41.73,-87.64,41.73_-87.64,0,1,,,,Other
STRAIGHT AND LEVEL,822,2025-09-23 22:20:00,3,22,9,injury and / or tow due to crash,"OVER $1,500",FUNCTIONING PROPERLY,ANGLE,1.0,0.0,0.0,0.0,3.0,0.0,3.0,0.0,41.789734344,"darkness, lighted road",-87.7035974603,NONINCAPACITATING INJURY,2,30,DISREGARDING TRAFFIC SIGNALS,NO DEFECTS,dry,FAILING TO REDUCE SPEED TO AVOID CRASH,S,5702,traffic signal,NOT DIVIDED,clear,,,,,,4,2,"[""FRONT"", ""SIDE-LEFT""]","[""CHEVROLET"", ""TOYOTA""]","[""STRAIGHT AHEAD""]","[""PRIUS"", ""TRAVERSE""]","[""Y""]","[""19"", ""21""]","[""DEPLOYED, FRONT"", ""DEPLOYMENT UNKNOWN""]","[""NONE""]","[""NONINCAPACITATING INJURY""]",2025,9,23,22,0,evening,41.79,-87.7,41.79_-87.7,0,0,20.0,19.0,21.0,Other
STRAIGHT AND LEVEL,1811,2025-09-23 22:38:00,3,22,9,injury and / or tow due to crash,"$501 - $1,500",FUNCTIONING IMPROPERLY,REAR END,1.0,0.0,0.0,1.0,1.0,0.0,1.0,0.0,41.9250503149,"darkness, lighted road",-87.6679951575,NONINCAPACITATING INJURY,2,30,UNABLE TO DETERMINE,NO DEFECTS,dry,NOT APPLICABLE,N,2357,traffic signal,DIVIDED - W/MEDIAN (NOT RAISED),clear,,1.0,,,,4,1,"[""REAR"", ""UNKNOWN""]","[""FORD"", ""TOYOTA""]","[""SLOW/STOP IN TRAFFIC"", ""STRAIGHT AHEAD""]","[""FREESTAR"", ""RAV4""]",[],"[""21""]","[""DEPLOYMENT UNKNOWN"", ""DID NOT DEPLOY""]","[""NONE""]","[""NO INDICATION OF INJURY"", ""NONINCAPACITATING INJURY""]",2025,9,23,22,0,evening,41.93,-87.67,41.93_-87.67,0,0,21.0,21.0,21.0,Other
STRAIGHT AND LEVEL,2212,2025-09-23 22:40:00,3,22,9,no injury / drive away,"OVER $1,500",NO CONTROLS,SIDESWIPE SAME DIRECTION,1.0,0.0,0.0,3.0,0.0,0.0,0.0,0.0,41.6916672313,"darkness, lighted road",-87.6809040827,NO INDICATION OF INJURY,2,30,FAILING TO REDUCE SPEED TO AVOID CRASH,NO DEFECTS,dry,NOT APPLICABLE,W,2355,no controls,NOT DIVIDED,clear,,,,,,4,2,"[""FRONT-LEFT-CORNER"", ""SIDE-RIGHT""]","[""DODGE"", ""FORD""]","[""STRAIGHT AHEAD""]","[""AVENGER"", ""F150""]",[],"[""17"", ""19""]","[""NOT APPLICABLE""]","[""NONE""]","[""NO INDICATION OF INJURY""]",2025,9,23,22,0,evening,41.69,-87.68,41.69_-87.68,0,0,18.0,17.0,19.0,Speeding
STRAIGHT AND LEVEL,131,2025-09-23 23:41:00,3,23,9,no injury / drive away,"$501 - $1,500",FUNCTIONING PROPERLY,REAR END,1.0,0.0,0.0,2.0,0.0,0.0,0.0,0.0,41.8578360645,"darkness, lighted road",-87.6303745744,NO INDICATION OF INJURY,2,30,UNABLE TO DETERMINE,,dry,UNABLE TO DETERMINE,S,1768,traffic signal,NOT DIVIDED,clear,,,,,,4,1,"[""FRONT"", ""REAR""]","[""TESLA"", ""TOYOTA""]","[""SLOW/STOP IN TRAFFIC"", ""STRAIGHT AHEAD""]","[""MODEL Y"", ""RAV4""]",[],"[""37""]","[""DEPLOYMENT UNKNOWN"", ""DID NOT DEPLOY""]","[""NONE""]","[""NO INDICATION OF INJURY""]",2025,9,23,23,0,evening,41.86,-87.63,41.86_-87.63,0,0,37.0,37.0,37.0,Other
STRAIGHT AND LEVEL,1214,2025-09-24 00:23:00,4,0,9,injury and / or tow due to crash,"OVER $1,500",NO CONTROLS,TURNING,1.0,0.0,0.0,2.0,0.0,0.0,0.0,0.0,41.885805743,"darkness, lighted road",-87.6443022139,NO INDICATION OF INJURY,2,30,IMPROPER TURNING/NO SIGNAL,NO DEFECTS,dry,NOT APPLICABLE,W,640,no controls,CENTER TURN LANE,clear,,,,,,4,1,"[""REAR-LEFT-CORNER"", ""UNKNOWN""]","[""BUICK"", ""FORD""]","[""STRAIGHT AHEAD"", ""TURNING LEFT""]","[""REGAL"", ""TAURUS""]","[""Y""]","[""17""]","[""DEPLOYED, COMBINATION"", ""DEPLOYMENT UNKNOWN""]","[""NONE""]","[""NO INDICATION OF INJURY""]",2025,9,24,0,0,night,41.89,-87.64,41.89_-87.64,0,0,17.0,17.0,17.0,Other
STRAIGHT AND LEVEL,2022,2025-09-24 00:30:00,4,0,9,no injury / drive away,"OVER $1,500",FUNCTIONING PROPERLY,SIDESWIPE SAME DIRECTION,1.0,0.0,0.0,2.0,0.0,0.0,0.0,0.0,41.985419563,"darkness, lighted road",-87.6554804589,NO INDICATION OF INJURY,2,30,UNABLE TO DETERMINE,NO DEFECTS,dry,FOLLOWING TOO CLOSELY,W,1005,traffic signal,NOT DIVIDED,clear,,0.0,,,,4,1,"[""FRONT-LEFT-CORNER"", ""UNKNOWN""]","[""TOYOTA"", ""UNKNOWN""]","[""STRAIGHT AHEAD"", ""UNKNOWN/NA""]","[""MOTORIZED"", ""RAV4""]",[],"[""57""]","[""NOT APPLICABLE""]","[""NONE""]","[""NO INDICATION OF INJURY""]",2025,9,24,0,0,night,41.99,-87.66,41.99_-87.66,0,1,57.0,57.0,57.0,Other
STRAIGHT AND LEVEL,124,2025-09-24 05:50:00,4,5,9,injury and / or tow due to crash,"OVER $1,500",FUNCTIONING PROPERLY,ANGLE,1.0,0.0,0.0,2.0,0.0,0.0,0.0,0.0,41.8670852232,daylight,-87.6439684381,NO INDICATION OF INJURY,2,30,DISREGARDING TRAFFIC SIGNALS,,dry,UNABLE TO DETERMINE,W,645,traffic signal,CENTER TURN LANE,clear,,1.0,,,,4,1,"[""FRONT"", ""UNKNOWN""]","[""NISSAN"", ""UNKNOWN""]","[""STRAIGHT AHEAD""]","[""OTHER (EXPLAIN IN NARRATIVE)"", ""VERSA""]","[""Y""]","[""37""]","[""DEPLOYMENT UNKNOWN"", ""DID NOT DEPLOY""]","[""NONE""]","[""NO INDICATION OF INJURY""]",2025,9,24,5,0,night,41.87,-87.64,41.87_-87.64,0,0,37.0,37.0,37.0,Other
STRAIGHT AND LEVEL,2432,2025-09-24 07:15:00,4,7,9,no injury / drive away,"$501 - $1,500",NO CONTROLS,PARKED MOTOR VEHICLE,1.0,0.0,0.0,1.0,0.0,0.0,0.0,0.0,42.0044227426,daylight,-87.6609914887,NO INDICATION OF INJURY,2,10,NOT APPLICABLE,NO DEFECTS,dry,NOT APPLICABLE,N,6726,no controls,PARKING LOT,clear,,,,,1.0,4,0,"[""FRONT-LEFT-CORNER"", ""UNKNOWN""]","[""AUDI"", ""BMW""]","[""PARKED"", ""UNKNOWN/NA""]","[""OTHER (EXPLAIN IN NARRATIVE)"", ""Q5""]",[],[],"[""DEPLOYMENT UNKNOWN""]","[""UNKNOWN""]","[""NO INDICATION OF INJURY""]",2025,9,24,7,0,morning,42.0,-87.66,42.0_-87.66,0,0,,,,Other
STRAIGHT AND LEVEL,815,2025-09-24 07:20:00,4,7,9,no injury / drive away,"OVER $1,500",NO CONTROLS,SIDESWIPE SAME DIRECTION,1.0,0.0,0.0,3.0,0.0,0.0,0.0,0.0,41.8009226425,daylight,-87.7277035767,NO INDICATION OF INJURY,2,30,IMPROPER OVERTAKING/PASSING,NO DEFECTS,dry,FAILING TO REDUCE SPEED TO AVOID CRASH,S,5075,no controls,NOT DIVIDED,clear,,,,,,3,2,"[""FRONT-RIGHT-CORNER"", ""SIDE-LEFT""]","[""CHEVROLET""]","[""PASSING/OVERTAKING"", ""SLOW/STOP IN TRAFFIC""]","[""SILVERADO"", ""TAHOE""]",[],"[""16"", ""36""]","[""DID NOT DEPLOY""]","[""NONE""]","[""NO INDICATION OF INJURY""]",2025,9,24,7,0,morning,41.8,-87.73,41.8_-87.73,0,0,26.0,16.0,36.0,Other
STRAIGHT AND LEVEL,1632,2025-09-24 07:30:00,4,7,9,no injury / drive away,$500 OR LESS,NO CONTROLS,PARKED MOTOR VEHICLE,1.0,0.0,0.0,1.0,0.0,0.0,0.0,0.0,41.9530102332,,-87.7877071626,NO INDICATION OF INJURY,2,10,UNABLE TO DETERMINE,,dry,UNABLE TO DETERMINE,W,6430,no controls,PARKING LOT,clear,1.0,,,,,4,0,"[""SIDE-RIGHT"", ""UNKNOWN""]","[""DODGE"", ""UNKNOWN""]","[""PARKED"", ""UNKNOWN/NA""]","[""MOTORIZED"", ""RAM 1500 VAN""]",[],[],"[""DEPLOYMENT UNKNOWN""]","[""NONE""]","[""NO INDICATION OF INJURY""]",2025,9,24,7,0,morning,41.95,-87.79,41.95_-87.79,0,1,,,,Other
STRAIGHT AND LEVEL,923,2025-09-24 07:45:00,4,7,9,no injury / drive away,"$501 - $1,500",FUNCTIONING PROPERLY,ANGLE,0.0,0.0,0.0,6.0,0.0,0.0,0.0,0.0,41.7937578413,,-87.6963045282,NO INDICATION OF INJURY,2,30,UNABLE TO DETERMINE,,,NOT APPLICABLE,W,2900,stop sign/flasher,NOT DIVIDED,,,,,,,4,6,"[""FRONT-RIGHT-CORNER"", ""SIDE-RIGHT""]","[""CHEVROLET"", ""HONDA""]","[""SLOW/STOP IN TRAFFIC"", ""STRAIGHT AHEAD""]","[""CIVIC"", ""TRAVERSE""]",[],"[""10"", ""14"", ""17"", ""3"", ""31"", ""5""]","[""DEPLOYMENT UNKNOWN""]","[""NONE""]","[""NO INDICATION OF INJURY""]",2025,9,24,7,0,morning,41.79,-87.7,41.79_-87.7,0,0,13.333333333333334,3.0,31.0,Other
STRAIGHT AND LEVEL,113,2025-09-24 07:59:00,4,7,9,injury and / or tow due to crash,"OVER $1,500",NO CONTROLS,PEDESTRIAN,1.0,0.0,0.0,1.0,1.0,0.0,1.0,0.0,41.8770014386,daylight,-87.6297762539,NONINCAPACITATING INJURY,2,30,UNABLE TO DETERMINE,,dry,NOT APPLICABLE,W,60,no controls,FOUR WAY,clear,,,,,,2,0,"[""FRONT-LEFT-CORNER""]","[""UNKNOWN""]","[""STRAIGHT AHEAD""]","[""OTHER (EXPLAIN IN NARRATIVE)""]",[],[],"[""DEPLOYMENT UNKNOWN""]","[""NONE""]","[""NO INDICATION OF INJURY"", ""NONINCAPACITATING INJURY""]",2025,9,24,7,0,morning,41.88,-87.63,41.88_-87.63,0,0,,,,Other
STRAIGHT AND LEVEL,812,2025-09-24 08:00:00,4,8,9,no injury / drive away,"OVER $1,500",NO CONTROLS,REAR END,1.0,0.0,0.0,3.0,0.0,0.0,0.0,0.0,41.7779350205,daylight,-87.7621420085,NO INDICATION OF INJURY,3,30,UNABLE TO DETERMINE,NO DEFECTS,dry,UNABLE TO DETERMINE,W,5611,no controls,NOT DIVIDED,clear,,,,,,5,0,"[""REAR"", ""UNKNOWN""]","[""INFINITI"", ""TOYOTA"", ""UNKNOWN""]","[""SLOW/STOP IN TRAFFIC"", ""STRAIGHT AHEAD""]","[""HIGHLANDER"", ""OTHER (EXPLAIN IN NARRATIVE)"", ""QX60""]",[],[],"[""DEPLOYMENT UNKNOWN"", ""DID NOT DEPLOY""]","[""NONE"", ""UNKNOWN""]","[""NO INDICATION OF INJURY""]",2025,9,24,8,0,morning,41.78,-87.76,41.78_-87.76,0,0,,,,Other
STRAIGHT AND LEVEL,433,2025-09-24 08:15:00,4,8,9,no injury / drive away,"$501 - $1,500",,REAR END,1.0,0.0,0.0,2.0,0.0,0.0,0.0,0.0,41.6808546173,daylight,-87.5402494361,NO INDICATION OF INJURY,2,30,FOLLOWING TOO CLOSELY,,dry,NOT APPLICABLE,S,11800,traffic signal,FOUR WAY,clear,,,,,,4,1,"[""FRONT"", ""REAR""]","[""CHRYSLER"", ""FORD""]","[""SLOW/STOP IN TRAFFIC"", ""STRAIGHT AHEAD""]","[""200"", ""F150""]",[],"[""41""]","[""DEPLOYMENT UNKNOWN"", ""NOT APPLICABLE""]","[""NONE""]","[""NO INDICATION OF INJURY""]",2025,9,24,8,0,morning,41.68,-87.54,41.68_-87.54,0,0,41.0,41.0,41.0,Following Too Closely
STRAIGHT AND LEVEL,2213,2025-09-24 08:35:00,4,8,9,no injury / drive away,"OVER $1,500",NO CONTROLS,TURNING,1.0,0.0,0.0,3.0,0.0,0.0,0.0,0.0,41.7211448541,daylight,-87.6593933058,NO INDICATION OF INJURY,2,30,UNABLE TO DETERMINE,,dry,UNABLE TO DETERMINE,W,1443,no controls,T-INTERSECTION,clear,,,,,,4,1,"[""SIDE-LEFT"", ""SIDE-LEFT-FRONT""]","[""NISSAN"", ""UNKNOWN""]","[""STRAIGHT AHEAD"", ""TURNING RIGHT""]","[""KICKS"", ""OTHER (EXPLAIN IN NARRATIVE)""]",[],"[""35""]","[""DEPLOYMENT UNKNOWN"", ""DID NOT DEPLOY"", ""NOT APPLICABLE""]","[""NONE""]","[""NO INDICATION OF INJURY""]",2025,9,24,8,0,morning,41.72,-87.66,41.72_-87.66,0,0,35.0,35.0,35.0,Other
STRAIGHT AND LEVEL,2533,2025-09-24 08:47:00,4,8,9,no injury / drive away,"OVER $1,500",NO CONTROLS,FIXED OBJECT,1.0,0.0,0.0,1.0,0.0,0.0,0.0,0.0,41.909404663,daylight,-87.7547638736,NO INDICATION OF INJURY,1,15,UNABLE TO DETERMINE,NO DEFECTS,dry,UNABLE TO DETERMINE,W,5133,no controls,OTHER,clear,,,,,1.0,2,0,"[""FRONT""]","[""KIA""]","[""UNKNOWN/NA""]","[""OTHER (EXPLAIN IN NARRATIVE)""]","[""N""]",[],"[""DEPLOYMENT UNKNOWN""]","[""NONE""]","[""NO INDICATION OF INJURY""]",2025,9,24,8,0,morning,41.91,-87.75,41.91_-87.75,0,0,,,,Other
STRAIGHT AND LEVEL,1232,2025-09-24 08:50:00,4,8,9,no injury / drive away,"OVER $1,500",NO CONTROLS,PARKED MOTOR VEHICLE,1.0,0.0,0.0,1.0,0.0,0.0,0.0,0.0,41.8777202072,daylight,-87.6546900011,NO INDICATION OF INJURY,2,10,UNABLE TO DETERMINE,NO DEFECTS,dry,UNABLE TO DETERMINE,W,1101,no controls,PARKING LOT,cloudy/overcast,,,,,1.0,4,0,"[""REAR-RIGHT-CORNER"", ""UNKNOWN""]","[""MAZDA"", ""UNKNOWN""]","[""PARKED"", ""UNKNOWN/NA""]","[""OTHER (EXPLAIN IN NARRATIVE)"", ""TRIBUTE""]",[],[],"[""DEPLOYMENT UNKNOWN""]","[""NONE""]","[""NO INDICATION OF INJURY""]",2025,9,24,8,0,morning,41.88,-87.65,41.88_-87.65,0,0,,,,Other
STRAIGHT AND LEVEL,1532,2025-09-24 08:55:00,4,8,9,no injury / drive away,"OVER $1,500",NO CONTROLS,HEAD ON,1.0,0.0,0.0,2.0,0.0,0.0,0.0,0.0,41.8892896577,daylight,-87.7552474901,NO INDICATION OF INJURY,2,30,UNABLE TO DETERMINE,NO DEFECTS,dry,UNABLE TO DETERMINE,N,457,no controls,DIVIDED - W/MEDIAN (NOT RAISED),clear,,,,,,4,1,"[""FRONT-RIGHT-CORNER""]","[""FORD"", ""UNKNOWN""]","[""STRAIGHT AHEAD"", ""UNKNOWN/NA""]","[""F150"", ""OTHER (EXPLAIN IN NARRATIVE)""]",[],"[""0""]","[""DEPLOYMENT UNKNOWN"", ""NOT APPLICABLE""]","[""NONE""]","[""NO INDICATION OF INJURY""]",2025,9,24,8,0,morning,41.89,-87.76,41.89_-87.76,0,0,0.0,0.0,0.0,Other
STRAIGHT AND LEVEL,1135,2025-09-24 10:00:00,4,10,9,injury and / or tow due to crash,"OVER $1,500",NO CONTROLS,TURNING,1.0,0.0,0.0,2.0,0.0,0.0,0.0,0.0,41.8685333662,daylight,-87.6867408668,NO INDICATION OF INJURY,2,30,UNABLE TO DETERMINE,NO DEFECTS,dry,UNABLE TO DETERMINE,W,2414,no controls,NOT DIVIDED,clear,,,,,,4,1,"[""FRONT"", ""FRONT-RIGHT-CORNER""]","[""FORD"", ""VOLKSWAGEN""]","[""STRAIGHT AHEAD"", ""TURNING LEFT""]","[""ESCAPE"", ""OTHER (EXPLAIN IN NARRATIVE)""]","[""Y""]","[""28""]","[""DEPLOYMENT UNKNOWN"", ""NOT APPLICABLE""]","[""NONE""]","[""NO INDICATION OF INJURY""]",2025,9,24,10,0,morning,41.87,-87.69,41.87_-87.69,0,0,28.0,28.0,28.0,Other
STRAIGHT AND LEVEL,423,2025-09-24 10:05:00,4,10,9,no injury / drive away,"OVER $1,500",NO CONTROLS,ANGLE,1.0,0.0,0.0,2.0,0.0,0.0,0.0,0.0,41.7370429734,daylight,-87.5656969534,NO INDICATION OF INJURY,2,35,DRIVING SKILLS/KNOWLEDGE/EXPERIENCE,NO DEFECTS,dry,UNABLE TO DETERMINE,S,8700,no controls,NOT DIVIDED,clear,,,,,,4,1,"[""FRONT-LEFT-CORNER"", ""UNKNOWN""]","[""JEEP"", ""UNKNOWN""]","[""STRAIGHT AHEAD""]","[""GRAND CHEROKEE"", ""OTHER (EXPLAIN IN NARRATIVE)""]",[],"[""33""]","[""DEPLOYMENT UNKNOWN"", ""DID NOT DEPLOY""]","[""NONE""]","[""NO INDICATION OF INJURY""]",2025,9,24,10,0,morning,41.74,-87.57,41.74_-87.57,0,0,33.0,33.0,33.0,Other
STRAIGHT AND LEVEL,1134,2025-09-24 10:30:00,4,10,9,no injury / drive away,"$501 - $1,500",FUNCTIONING PROPERLY,SIDESWIPE SAME DIRECTION,1.0,0.0,0.0,2.0,0.0,0.0,0.0,0.0,41.8736984557,daylight,-87.7011582497,NO INDICATION OF INJURY,2,30,UNABLE TO DETERMINE,NO DEFECTS,dry,NOT APPLICABLE,S,600,traffic signal,NOT DIVIDED,clear,,,,,,3,1,"[""REAR-LEFT-CORNER"", ""UNKNOWN""]","[""VOLKSWAGEN""]","[""CHANGING LANES"", ""SLOW/STOP IN TRAFFIC""]","[""TIGUAN"", ""VANAGON""]",[],"[""52""]","[""DEPLOYMENT UNKNOWN"", ""DID NOT DEPLOY""]","[""NONE""]","[""NO INDICATION OF INJURY""]",2025,9,24,10,0,morning,41.87,-87.7,41.87_-87.7,0,0,52.0,52.0,52.0,Other
STRAIGHT AND LEVEL,1413,2025-09-24 11:00:00,4,11,9,no injury / drive away,"OVER $1,500",NO CONTROLS,REAR TO SIDE,1.0,0.0,0.0,2.0,0.0,0.0,0.0,0.0,41.9228954421,daylight,-87.7159157714,NO INDICATION OF INJURY,2,15,FAILING TO YIELD RIGHT-OF-WAY,NO DEFECTS,dry,FAILING TO YIELD RIGHT-OF-WAY,W,3554,no controls,OTHER,clear,,,,,,4,1,"[""FRONT-RIGHT-CORNER"", ""SIDE-LEFT-REAR""]","[""HYUNDAI"", ""VOLKSWAGEN""]","[""OTHER"", ""STRAIGHT AHEAD""]","[""OTHER (EXPLAIN IN NARRATIVE)"", ""SONATA""]",[],"[""52""]","[""DEPLOYMENT UNKNOWN"", ""DID NOT DEPLOY""]","[""NONE""]","[""NO INDICATION OF INJURY""]",2025,9,24,11,0,morning,41.92,-87.72,41.92_-87.72,0,0,52.0,52.0,52.0,Failure-to-Yield
STRAIGHT AND LEVEL,1034,2025-09-24 12:00:00,4,12,9,no injury / drive away,"OVER $1,500",FUNCTIONING PROPERLY,REAR END,1.0,0.0,0.0,4.0,0.0,0.0,0.0,0.0,41.8492570164,daylight,-87.6857056767,NO INDICATION OF INJURY,2,25,UNABLE TO DETERMINE,,dry,UNABLE TO DETERMINE,S,2330,traffic signal,DIVIDED - W/MEDIAN (NOT RAISED),clear,,,,,,4,1,"[""FRONT"", ""REAR""]","[""CHRYSLER"", ""VOLKSWAGEN""]","[""UNKNOWN/NA""]","[""JETTA"", ""TOWN & COUNTRY""]",[],"[""31""]","[""DEPLOYMENT UNKNOWN"", ""DID NOT DEPLOY""]","[""NONE"", ""UNKNOWN""]","[""NO INDICATION OF INJURY""]",2025,9,24,12,0,morning,41.85,-87.69,41.85_-87.69,1,0,31.0,31.0,31.0,Other