alignment,beat_of_occurrence,crash_date,crash_day_of_week,crash_hour,crash_month,crash_type,damage,device_condition,first_crash_type,hit_and_run_i,injuries_fatal,injuries_incapacitating,injuries_no_indication,injuries_non_incapacitating,injuries_reported_not_evident,injuries_total,injuries_unknown,latitude,lighting_condition,longitude,most_severe_injury,num_units,posted_speed_limit,prim_contributory_cause,road_defect,roadway_surface_cond,sec_contributory_cause,street_direction,street_no,traffic_control_device,trafficway_type,weather_condition,crash_date_est_i,intersection_related_i,work_zone_i,dooring_i,private_property_i,veh_count,ppl_count,veh_first_contact_point_list_json,veh_make_list_json,veh_maneuver_list_json,veh_model_list_json,veh_towed_i_list_json,ppl_age_list_json,ppl_airbag_deployed_list_json,ppl_ejection_list_json,ppl_injury_classification_list_json,year,month,day,hour,is_weekend,hour_bin,lat_bin,lng_bin,grid_id,veh_truck_i,veh_mc_i,ppl_age_mean,ppl_age_min,ppl_age_max,cause_group
STRAIGHT AND LEVEL,1623,2025-09-24 12:45:00,4,12,9,no injury / drive away,"OVER $1,500",,SIDESWIPE OPPOSITE DIRECTION,1.0,0.0,0.0,2.0,0.0,0.0,0.0,0.0,41.9697793833,,-87.7577262283,NO INDICATION OF INJURY,2,30,UNABLE TO DETERMINE,,,NOT APPLICABLE,N,4900,,,,,,,,,4,1,"[""FRONT-LEFT-CORNER"", ""SIDE-LEFT""]","[""SUBARU"", ""UNKNOWN""]","[""STRAIGHT AHEAD"", ""UNKNOWN/NA""]","[""OTHER (EXPLAIN IN NARRATIVE)"", ""WRX""]",[],"[""84""]","[""DEPLOYMENT UNKNOWN"", ""DID NOT DEPLOY""]","[""NONE""]","[""NO INDICATION OF INJURY""]",2025,9,24,12,0,morning,41.97,-87.76,41.97_-87.76,0,0,84.0,84.0,84.0,Other
STRAIGHT AND LEVEL,1021,2025-09-24 12:59:00,4,12,9,no injury / drive away,"OVER $1,500",,PARKED MOTOR VEHICLE,1.0,0.0,0.0,1.0,0.0,0.0,0.0,0.0,41.8629868349,daylight,-87.7130061514,NO INDICATION OF INJURY,2,30,UNABLE TO DETERMINE,,dry,NOT APPLICABLE,W,3500,no controls,NOT DIVIDED,clear,,,,,,4,0,"[""FRONT"", ""REAR""]","[""HONDA"", ""UNKNOWN""]","[""PARKED"", ""UNKNOWN/NA""]","[""CR-V"", ""MOTORIZED""]",[],[],"[""DEPLOYMENT UNKNOWN""]","[""UNKNOWN""]","[""NO INDICATION OF INJURY""]",2025,9,24,12,0,morning,41.86,-87.71,41.86_-87.71,0,1,,,,Other
STRAIGHT AND LEVEL,1022,2025-09-24 13:27:00,4,13,9,no injury / drive away,"OVER $1,500",NO CONTROLS,REAR TO SIDE,1.0,0.0,0.0,2.0,0.0,0.0,0.0,0.0,41.8554028935,daylight,-87.6987075449,NO INDICATION OF INJURY,2,30,IMPROPER BACKING,NO DEFECTS,dry,DRIVING SKILLS/KNOWLEDGE/EXPERIENCE,W,2875,no controls,NOT DIVIDED,clear,,,,,,4,1,"[""REAR"", ""UNKNOWN""]","[""INFINITI"", ""UNKNOWN""]","[""BACKING""]","[""ENGINE"", ""Q60""]",[],"[""36""]","[""NOT APPLICABLE""]","[""NONE""]","[""NO INDICATION OF INJURY""]",2025,9,24,13,0,afternoon,41.86,-87.7,41.86_-87.7,0,0,36.0,36.0,36.0,DUI/Impairment
STRAIGHT AND LEVEL,1111,2025-09-24 13:55:00,4,13,9,injury and / or tow due to crash,"OVER $1,500",FUNCTIONING PROPERLY,TURNING,1.0,0.0,0.0,3.0,0.0,0.0,0.0,0.0,41.8948959733,daylight,-87.7456903499,NO INDICATION OF INJURY,2,35,NOT APPLICABLE,NO DEFECTS,dry,NOT APPLICABLE,W,4799,traffic signal,NOT DIVIDED,clear,,1.0,,,,4,2,"[""FRONT-LEFT-CORNER"", ""UNKNOWN""]","[""NISSAN"", ""UNKNOWN""]","[""STRAIGHT AHEAD"", ""TURNING LEFT""]","[""OTHER (EXPLAIN IN NARRATIVE)"", ""SENTRA""]","[""Y""]","[""30"", ""54""]","[""DEPLOYMENT UNKNOWN"", ""NOT APPLICABLE""]","[""NONE"", ""UNKNOWN""]","[""NO INDICATION OF INJURY""]",2025,9,24,13,0,afternoon,41.89,-87.75,41.89_-87.75,0,0,42.0,30.0,54.0,Other
STRAIGHT AND LEVEL,1224,2025-09-24 14:30:00,4,14,9,injury and / or tow due to crash,$500 OR LESS,,PEDALCYCLIST,1.0,0.0,0.0,1.0,1.0,0.0,1.0,0.0,41.8843661098,daylight,-87.6559791859,NONINCAPACITATING INJURY,2,35,IMPROPER BACKING,,,NOT APPLICABLE,W,1140,traffic signal,NOT DIVIDED,cloudy/overcast,,,,,,2,0,"[""REAR""]","[""UNKNOWN""]","[""BACKING""]","[""OTHER (EXPLAIN IN NARRATIVE)""]",[],[],"[""DEPLOYMENT UNKNOWN""]","[""NONE""]","[""NO INDICATION OF INJURY"", ""NONINCAPACITATING INJURY""]",2025,9,24,14,0,afternoon,41.88,-87.66,41.88_-87.66,0,0,,,,DUI/Impairment
STRAIGHT AND LEVEL,213,2025-09-24 14:37:00,4,14,9,no injury / drive away,"OVER $1,500",NO CONTROLS,PARKED MOTOR VEHICLE,1.0,0.0,0.0,1.0,0.0,0.0,0.0,0.0,41.8292657739,daylight,-87.6281721087,NO INDICATION OF INJURY,2,20,UNABLE TO DETERMINE,NO DEFECTS,dry,NOT APPLICABLE,W,44,no controls,NOT DIVIDED,clear,,,,,,4,0,"[""REAR"", ""UNKNOWN""]","[""BMW"", ""KIA""]","[""PARKED"", ""UNKNOWN/NA""]","[""325"", ""SORENTO""]",[],[],"[""DEPLOYMENT UNKNOWN""]","[""NONE""]","[""NO INDICATION OF INJURY""]",2025,9,24,14,0,afternoon,41.83,-87.63,41.83_-87.63,0,0,,,,Other
STRAIGHT AND LEVEL,124,2025-09-24 14:50:00,4,14,9,injury and / or tow due to crash,"OVER $1,500",FUNCTIONING PROPERLY,ANGLE,1.0,0.0,0.0,1.0,1.0,0.0,1.0,0.0,41.8673229935,daylight,-87.642654233,NONINCAPACITATING INJURY,2,30,DISREGARDING TRAFFIC SIGNALS,NO DEFECTS,dry,FAILING TO REDUCE SPEED TO AVOID CRASH,W,610,traffic signal,FOUR WAY,clear,,1.0,,,,4,1,"[""FRONT"", ""REAR-RIGHT-CORNER""]","[""HONDA"", ""HYUNDAI""]","[""STRAIGHT AHEAD""]","[""ACCORD"", ""TUCSON""]","[""Y""]","[""68""]","[""DEPLOYED, FRONT"", ""DEPLOYMENT UNKNOWN""]","[""NONE""]","[""NO INDICATION OF INJURY"", ""NONINCAPACITATING INJURY""]",2025,9,24,14,0,afternoon,41.87,-87.64,41.87_-87.64,0,0,68.0,68.0,68.0,Other
STRAIGHT AND LEVEL,1624,2025-09-24 14:53:00,4,14,9,no injury / drive away,"$501 - $1,500",NO CONTROLS,REAR END,1.0,0.0,0.0,3.0,0.0,0.0,0.0,0.0,41.9534062511,daylight,-87.7572758871,NO INDICATION OF INJURY,2,30,UNABLE TO DETERMINE,NO DEFECTS,dry,UNABLE TO DETERMINE,W,5200,traffic signal,DIVIDED - W/MEDIAN (NOT RAISED),clear,,,,,,4,1,"[""REAR"", ""UNKNOWN""]","[""HONDA"", ""UNKNOWN""]","[""STRAIGHT AHEAD""]","[""CR-V"", ""OTHER (EXPLAIN IN NARRATIVE)""]",[],"[""41""]","[""DEPLOYMENT UNKNOWN"", ""NOT APPLICABLE""]","[""NONE""]","[""NO INDICATION OF INJURY""]",2025,9,24,14,0,afternoon,41.95,-87.76,41.95_-87.76,0,0,41.0,41.0,41.0,Other
STRAIGHT AND LEVEL,823,2025-09-24 15:00:00,4,15,9,injury and / or tow due to crash,"OVER $1,500",NO CONTROLS,ANGLE,0.0,0.0,0.0,1.0,0.0,1.0,1.0,0.0,41.778987189,daylight,-87.7088638153,"REPORTED, NOT EVIDENT",2,30,FAILING TO YIELD RIGHT-OF-WAY,NO DEFECTS,dry,NOT APPLICABLE,W,3420,no controls,NOT DIVIDED,clear,,,,,,4,0,"[""SIDE-RIGHT""]","[""BUICK"", ""FORD""]","[""STRAIGHT AHEAD""]","[""F150"", ""LESABRE""]",[],[],"[""DID NOT DEPLOY""]","[""NONE""]","[""NO INDICATION OF INJURY"", ""REPORTED, NOT EVIDENT""]",2025,9,24,15,0,afternoon,41.78,-87.71,41.78_-87.71,0,0,,,,Failure-to-Yield
STRAIGHT AND LEVEL,932,2025-09-24 15:02:00,4,15,9,no injury / drive away,$500 OR LESS,FUNCTIONING PROPERLY,REAR END,1.0,0.0,0.0,3.0,0.0,0.0,0.0,0.0,41.8011638502,daylight,-87.6722189816,NO INDICATION OF INJURY,3,30,FAILING TO REDUCE SPEED TO AVOID CRASH,NO DEFECTS,dry,NOT APPLICABLE,S,5100,stop sign/flasher,T-INTERSECTION,clear,,1.0,,,,5,2,"[""FRONT"", ""REAR""]","[""CHEVROLET"", ""HYUNDAI"", ""NISSAN""]","[""SLOW/STOP IN TRAFFIC"", ""UNKNOWN/NA""]","[""ALTIMA"", ""HHR"", ""SANTA FE""]",[],"[""24"", ""29""]","[""DEPLOYMENT UNKNOWN"", ""DID NOT DEPLOY""]","[""NONE""]","[""NO INDICATION OF INJURY""]",2025,9,24,15,0,afternoon,41.8,-87.67,41.8_-87.67,0,0,26.5,24.0,29.0,Speeding
STRAIGHT AND LEVEL,1214,2025-09-24 15:14:00,4,15,9,injury and / or tow due to crash,"$501 - $1,500",,TURNING,1.0,0.0,0.0,2.0,1.0,0.0,1.0,0.0,41.8957962445,daylight,-87.6549535956,NONINCAPACITATING INJURY,2,30,FOLLOWING TOO CLOSELY,NO DEFECTS,dry,NOT APPLICABLE,N,770,,FOUR WAY,clear,,1.0,,,,4,2,"[""FRONT-RIGHT-CORNER"", ""REAR""]","[""DODGE"", ""TESLA""]","[""TURNING LEFT""]","[""MODEL 3"", ""RAM 1500 PU""]",[],"[""24"", ""37""]","[""DEPLOYMENT UNKNOWN"", ""NOT APPLICABLE""]","[""NONE"", ""UNKNOWN""]","[""NO INDICATION OF INJURY"", ""NONINCAPACITATING INJURY""]",2025,9,24,15,0,afternoon,41.9,-87.65,41.9_-87.65,0,0,30.5,24.0,37.0,Following Too Closely
STRAIGHT AND LEVEL,1122,2025-09-24 15:30:00,4,15,9,no injury / drive away,"$501 - $1,500",FUNCTIONING PROPERLY,REAR END,1.0,0.0,0.0,2.0,0.0,0.0,0.0,0.0,41.8833811582,daylight,-87.7156878948,NO INDICATION OF INJURY,2,30,UNABLE TO DETERMINE,,dry,NOT APPLICABLE,N,102,traffic signal,FOUR WAY,clear,,,,,,4,1,"[""FRONT"", ""REAR-LEFT-CORNER""]","[""TOYOTA"", ""VOLKSWAGEN""]","[""MERGING"", ""SLOW/STOP IN TRAFFIC""]","[""CAMRY"", ""OTHER (EXPLAIN IN NARRATIVE)""]",[],"[""44""]","[""DEPLOYMENT UNKNOWN"", ""DID NOT DEPLOY""]","[""NONE""]","[""NO INDICATION OF INJURY""]",2025,9,24,15,0,afternoon,41.88,-87.72,41.88_-87.72,0,0,44.0,44.0,44.0,Other
STRAIGHT AND LEVEL,1031,2025-09-24 15:30:00,4,15,9,no injury / drive away,$500 OR LESS,FUNCTIONING PROPERLY,TURNING,1.0,0.0,0.0,2.0,0.0,0.0,0.0,0.0,41.8371006895,daylight,-87.7171813067,NO INDICATION OF INJURY,2,30,IMPROPER TURNING/NO SIGNAL,NO DEFECTS,dry,NOT APPLICABLE,S,3058,traffic signal,FOUR WAY,clear,,1.0,,,,4,1,"[""FRONT-LEFT-CORNER"", ""SIDE-LEFT""]","[""NEW FLYER"", ""UNKNOWN""]","[""TURNING RIGHT""]","[""MOTORIZED"", ""XCELSIOR XE40""]",[],"[""36""]","[""DEPLOYMENT UNKNOWN"", ""DID NOT DEPLOY""]","[""NONE""]","[""NO INDICATION OF INJURY""]",2025,9,24,15,0,afternoon,41.84,-87.72,41.84_-87.72,0,1,36.0,36.0,36.0,Other
STRAIGHT AND LEVEL,2223,2025-09-24 15:30:00,4,15,9,no injury / drive away,"OVER $1,500",NO CONTROLS,SIDESWIPE SAME DIRECTION,1.0,0.0,0.0,2.0,0.0,0.0,0.0,0.0,41.7213650608,daylight,-87.6433580423,NO INDICATION OF INJURY,2,30,FOLLOWING TOO CLOSELY,NO DEFECTS,dry,DRIVING SKILLS/KNOWLEDGE/EXPERIENCE,S,9500,no controls,FOUR WAY,clear,,,,,,3,1,"[""FRONT-RIGHT-CORNER"", ""NONE""]","[""HYUNDAI"", ""UNKNOWN""]","[""CHANGING LANES"", ""STRAIGHT AHEAD""]","[""OTHER (EXPLAIN IN NARRATIVE)""]",[],"[""53""]","[""DEPLOYMENT UNKNOWN"", ""DID NOT DEPLOY""]","[""NONE""]","[""NO INDICATION OF INJURY""]",2025,9,24,15,0,afternoon,41.72,-87.64,41.72_-87.64,0,0,53.0,53.0,53.0,Following Too Closely
STRAIGHT AND LEVEL,1532,2025-09-24 15:38:00,4,15,9,no injury / drive away,"OVER $1,500",NO CONTROLS,REAR END,1.0,0.0,0.0,2.0,0.0,0.0,0.0,0.0,41.8896523558,daylight,-87.7552594715,NO INDICATION OF INJURY,2,20,FOLLOWING TOO CLOSELY,NO DEFECTS,dry,NOT APPLICABLE,N,511,no controls,NOT DIVIDED,clear,,,,,,3,1,"[""FRONT"", ""REAR""]","[""FORD""]","[""STRAIGHT AHEAD""]","[""ESCAPE"", ""OTHER (EXPLAIN IN NARRATIVE)""]",[],"[""75""]","[""DEPLOYMENT UNKNOWN"", ""NOT APPLICABLE""]","[""NONE""]","[""NO INDICATION OF INJURY""]",2025,9,24,15,0,afternoon,41.89,-87.76,41.89_-87.76,0,0,75.0,75.0,75.0,Following Too Closely
STRAIGHT AND LEVEL,2512,2025-09-24 16:20:00,4,16,9,no injury / drive away,"OVER $1,500",NO CONTROLS,REAR END,1.0,0.0,0.0,3.0,0.0,0.0,0.0,0.0,41.9240989956,daylight,-87.7853104693,NO INDICATION OF INJURY,3,30,UNABLE TO DETERMINE,,,NOT APPLICABLE,N,2411,no controls,DIVIDED - W/MEDIAN (NOT RAISED),clear,,,,,,5,1,"[""FRONT"", ""REAR""]","[""KIA"", ""MAZDA"", ""UNKNOWN""]","[""STRAIGHT AHEAD"", ""UNKNOWN/NA""]","[""CX-5"", ""OTHER (EXPLAIN IN NARRATIVE)"", ""SPORTAGE""]",[],"[""30""]","[""DEPLOYMENT UNKNOWN"", ""NOT APPLICABLE""]","[""NONE""]","[""NO INDICATION OF INJURY""]",2025,9,24,16,0,afternoon,41.92,-87.79,41.92_-87.79,0,0,30.0,30.0,30.0,Other
STRAIGHT AND LEVEL,731,2025-09-24 16:22:00,4,16,9,injury and / or tow due to crash,"OVER $1,500",NO CONTROLS,FIXED OBJECT,1.0,0.0,0.0,4.0,0.0,0.0,0.0,0.0,41.767303583,daylight,-87.6335289696,NO INDICATION OF INJURY,1,30,FAILING TO REDUCE SPEED TO AVOID CRASH,NO DEFECTS,dry,UNABLE TO DETERMINE,W,330,no controls,NOT DIVIDED,clear,,,,,,2,0,"[""FRONT-LEFT-CORNER""]","[""KIA""]","[""STRAIGHT AHEAD""]","[""SPORTAGE""]","[""Y""]",[],"[""DEPLOYMENT UNKNOWN"", ""DID NOT DEPLOY""]","[""NONE""]","[""NO INDICATION OF INJURY""]",2025,9,24,16,0,afternoon,41.77,-87.63,41.77_-87.63,0,0,,,,Speeding
STRAIGHT AND LEVEL,621,2025-09-24 16:22:00,4,16,9,injury and / or tow due to crash,"OVER $1,500",NO CONTROLS,PEDESTRIAN,1.0,0.0,0.0,1.0,1.0,0.0,1.0,0.0,41.7543858553,daylight,-87.6441846394,NONINCAPACITATING INJURY,2,30,FAILING TO YIELD RIGHT-OF-WAY,,,FAILING TO YIELD RIGHT-OF-WAY,W,800,no controls,T-INTERSECTION,clear,,1.0,,,,2,1,"[""UNKNOWN""]","[""UNKNOWN""]","[""TURNING LEFT""]","[""OTHER (EXPLAIN IN NARRATIVE)""]",[],"[""38""]","[""NOT APPLICABLE""]","[""NONE""]","[""NO INDICATION OF INJURY"", ""NONINCAPACITATING INJURY""]",2025,9,24,16,0,afternoon,41.75,-87.64,41.75_-87.64,0,0,38.0,38.0,38.0,Failure-to-Yield
STRAIGHT AND LEVEL,421,2025-09-24 16:35:00,4,16,9,no injury / drive away,"OVER $1,500",NO CONTROLS,FIXED OBJECT,1.0,0.0,0.0,1.0,0.0,0.0,0.0,0.0,41.7571563598,daylight,-87.558408913,NO INDICATION OF INJURY,1,0,IMPROPER BACKING,NO DEFECTS,dry,DRIVING SKILLS/KNOWLEDGE/EXPERIENCE,S,7600,no controls,OTHER,clear,,,,,,2,0,"[""REAR""]","[""CHEVROLET""]","[""STRAIGHT AHEAD""]","[""EQUINOX""]",[],[],"[""DEPLOYMENT UNKNOWN""]","[""NONE""]","[""NO INDICATION OF INJURY""]",2025,9,24,16,0,afternoon,41.76,-87.56,41.76_-87.56,0,0,,,,DUI/Impairment
STRAIGHT AND LEVEL,1132,2025-09-24 16:45:00,4,16,9,injury and / or tow due to crash,"OVER $1,500",NO CONTROLS,SIDESWIPE SAME DIRECTION,1.0,0.0,0.0,3.0,0.0,1.0,1.0,0.0,41.8662586021,daylight,-87.7267936595,"REPORTED, NOT EVIDENT",2,30,UNABLE TO DETERMINE,,dry,UNABLE TO DETERMINE,W,4040,no controls,NOT DIVIDED,clear,,,,,,3,1,"[""FRONT-LEFT-CORNER"", ""SIDE-RIGHT""]","[""MAZDA"", ""UNKNOWN""]","[""STRAIGHT AHEAD"", ""UNKNOWN/NA""]","[""OTHER (EXPLAIN IN NARRATIVE)""]","[""Y""]","[""20""]","[""DEPLOYMENT UNKNOWN"", ""DID NOT DEPLOY""]","[""NONE""]","[""NO INDICATION OF INJURY"", ""REPORTED, NOT EVIDENT""]",2025,9,24,16,0,afternoon,41.87,-87.73,41.87_-87.73,0,0,20.0,20.0,20.0,Other
STRAIGHT AND LEVEL,1923,2025-09-24 16:45:00,4,16,9,no injury / drive away,"OVER $1,500",NO CONTROLS,PARKED MOTOR VEHICLE,1.0,0.0,0.0,1.0,0.0,0.0,0.0,0.0,41.9511890918,daylight,-87.6572800911,NO INDICATION OF INJURY,3,25,FOLLOWING TOO CLOSELY,NO DEFECTS,dry,UNABLE TO DETERMINE,W,1106,no controls,NOT DIVIDED,clear,,,,,,5,0,"[""REAR-LEFT-CORNER"", ""SIDE-LEFT"", ""UNKNOWN""]","[""ACURA"", ""FORD"", ""UNKNOWN""]","[""PARKED"", ""UNKNOWN/NA""]","[""ADX"", ""FUSION"", ""MOTORIZED""]",[],[],"[""DEPLOYMENT UNKNOWN""]","[""NONE""]","[""NO INDICATION OF INJURY""]",2025,9,24,16,0,afternoon,41.95,-87.66,41.95_-87.66,0,1,,,,Following Too Closely
STRAIGHT AND LEVEL,423,2025-09-24 16:55:00,4,16,9,no injury / drive away,"$501 - $1,500",FUNCTIONING PROPERLY,REAR END,1.0,0.0,0.0,2.0,0.0,0.0,0.0,0.0,41.7319162347,daylight,-87.5610178152,NO INDICATION OF INJURY,2,30,FOLLOWING TOO CLOSELY,NO DEFECTS,dry,UNABLE TO DETERMINE,S,9001,stop sign/flasher,NOT DIVIDED,clear,,,,,,4,1,"[""FRONT"", ""REAR-RIGHT-CORNER""]","[""BUICK"", ""HONDA""]","[""SLOW/STOP IN TRAFFIC"", ""STRAIGHT AHEAD""]","[""ODYSSEY"", ""OTHER (EXPLAIN IN NARRATIVE)""]",[],"[""68""]","[""DEPLOYMENT UNKNOWN"", ""DID NOT DEPLOY""]","[""NONE""]","[""NO INDICATION OF INJURY""]",2025,9,24,16,0,afternoon,41.73,-87.56,41.73_-87.56,0,0,68.0,68.0,68.0,Following Too Closely
STRAIGHT AND LEVEL,2234,2025-09-24 17:10:00,4,17,9,injury and / or tow due to crash,"OVER $1,500",,SIDESWIPE SAME DIRECTION,1.0,0.0,0.0,4.0,1.0,0.0,1.0,0.0,41.6809617192,daylight,-87.6626006009,NONINCAPACITATING INJURY,3,10,UNABLE TO DETERMINE,,other,UNABLE TO DETERMINE,S,11710,,OTHER,clear,,,,,1.0,5,2,"[""FRONT-RIGHT-CORNER"", ""UNKNOWN""]","[""DODGE"", ""FORD"", ""LINCOLN""]","[""PARKED"", ""UNKNOWN/NA""]","[""FUSION"", ""OTHER (EXPLAIN IN NARRATIVE)""]","[""Y""]","[""14"", ""29""]","[""DEPLOYED, COMBINATION"", ""DEPLOYMENT UNKNOWN"", ""NOT APPLICABLE""]","[""NONE"", ""UNKNOWN""]","[""NO INDICATION OF INJURY"", ""NONINCAPACITATING INJURY""]",2025,9,24,17,0,afternoon,41.68,-87.66,41.68_-87.66,0,0,21.5,14.0,29.0,Other
STRAIGHT AND LEVEL,1233,2025-09-24 17:13:00,4,17,9,no injury / drive away,"OVER $1,500",NO CONTROLS,SIDESWIPE SAME DIRECTION,1.0,0.0,0.0,2.0,0.0,0.0,0.0,0.0,41.8575185992,daylight,-87.6856786715,NO INDICATION OF INJURY,2,30,UNABLE TO DETERMINE,NO DEFECTS,dry,UNABLE TO DETERMINE,S,1755,no controls,NOT DIVIDED,clear,,,,,,4,1,"[""SIDE-LEFT-REAR"", ""UNKNOWN""]","[""NEW FLYER"", ""UNKNOWN""]","[""STRAIGHT AHEAD"", ""UNKNOWN/NA""]","[""MOTORIZED"", ""OTHER (EXPLAIN IN NARRATIVE)""]",[],"[""54""]","[""DEPLOYMENT UNKNOWN"", ""NOT APPLICABLE""]","[""NONE"", ""UNKNOWN""]","[""NO INDICATION OF INJURY""]",2025,9,24,17,0,afternoon,41.86,-87.69,41.86_-87.69,0,1,54.0,54.0,54.0,Other
STRAIGHT AND LEVEL,1024,2025-09-24 18:00:00,4,18,9,no injury / drive away,"OVER $1,500",NO CONTROLS,PARKED MOTOR VEHICLE,1.0,0.0,0.0,1.0,0.0,0.0,0.0,0.0,41.8521777552,"darkness, lighted road",-87.7110139165,NO INDICATION OF INJURY,2,25,UNABLE TO DETERMINE,,dry,UNABLE TO DETERMINE,S,2149,no controls,ONE-WAY,clear,,,,,,4,0,"[""REAR-LEFT-CORNER"", ""UNKNOWN""]","[""ACURA"", ""UNKNOWN""]","[""PARKED"", ""UNKNOWN/NA""]","[""MOTORIZED"", ""TLX""]",[],[],"[""DEPLOYMENT UNKNOWN""]","[""NONE""]","[""NO INDICATION OF INJURY""]",2025,9,24,18,0,afternoon,41.85,-87.71,41.85_-87.71,0,1,,,,Other
STRAIGHT AND LEVEL,2223,2025-09-24 18:00:00,4,18,9,no injury / drive away,"OVER $1,500",FUNCTIONING PROPERLY,SIDESWIPE SAME DIRECTION,1.0,0.0,0.0,2.0,0.0,0.0,0.0,0.0,41.7215344279,daylight,-87.6433619172,NO INDICATION OF INJURY,2,25,IMPROPER OVERTAKING/PASSING,NO DEFECTS,dry,NOT APPLICABLE,S,9472,traffic signal,NOT DIVIDED,clear,,,,,,4,1,"[""FRONT-RIGHT-CORNER"", ""UNKNOWN""]","[""BMW"", ""HYUNDAI""]","[""PASSING/OVERTAKING"", ""STRAIGHT AHEAD""]","[""SONATA"", ""X3""]",[],"[""37""]","[""DEPLOYMENT UNKNOWN"", ""DID NOT DEPLOY""]","[""NONE""]","[""NO INDICATION OF INJURY""]",2025,9,24,18,0,afternoon,41.72,-87.64,41.72_-87.64,0,0,37.0,37.0,37.0,Other
STRAIGHT AND LEVEL,632,2025-09-24 19:32:00,4,19,9,no injury / drive away,"$501 - $1,500",FUNCTIONING PROPERLY,REAR END,1.0,0.0,0.0,2.0,0.0,0.0,0.0,0.0,41.7362124202,"darkness, lighted road",-87.6240124453,NO INDICATION OF INJURY,2,30,IMPROPER BACKING,,,NOT APPLICABLE,S,8701,traffic signal,FOUR WAY,,,,,,,4,1,"[""FRONT"", ""REAR""]","[""CHEVROLET"", ""TOYOTA""]","[""BACKING"", ""SLOW/STOP IN TRAFFIC""]","[""COROLLA"", ""MALIBU""]",[],"[""72""]","[""DEPLOYMENT UNKNOWN"", ""NOT APPLICABLE""]","[""NONE""]","[""NO INDICATION OF INJURY""]",2025,9,24,19,0,evening,41.74,-87.62,41.74_-87.62,0,0,72.0,72.0,72.0,DUI/Impairment
STRAIGHT AND LEVEL,123,2025-09-24 20:00:00,4,20,9,no injury / drive away,"OVER $1,500",NO CONTROLS,PARKED MOTOR VEHICLE,1.0,0.0,0.0,1.0,0.0,0.0,0.0,0.0,41.8743089032,darkness,-87.6274586596,NO INDICATION OF INJURY,2,35,UNABLE TO DETERMINE,NO DEFECTS,dry,UNABLE TO DETERMINE,S,609,no controls,NOT DIVIDED,clear,,,,,,4,0,"[""SIDE-LEFT"", ""SIDE-RIGHT""]","[""FORD"", ""TESLA""]","[""PARKED"", ""UNKNOWN/NA""]","[""ESCAPE"", ""MODEL 3""]",[],[],"[""DEPLOYMENT UNKNOWN""]","[""NONE""]","[""NO INDICATION OF INJURY""]",2025,9,24,20,0,evening,41.87,-87.63,41.87_-87.63,0,0,,,,Other
STRAIGHT AND LEVEL,531,2025-09-24 20:47:00,4,20,9,no injury / drive away,$500 OR LESS,NO CONTROLS,SIDESWIPE SAME DIRECTION,1.0,0.0,0.0,2.0,0.0,0.0,0.0,0.0,41.6926610964,"darkness, lighted road",-87.6098845914,NO INDICATION OF INJURY,2,30,UNABLE TO DETERMINE,NO DEFECTS,dry,UNABLE TO DETERMINE,E,499,no controls,NOT DIVIDED,clear,,,,,,4,1,"[""FRONT-RIGHT-CORNER"", ""SIDE-LEFT-FRONT""]","[""FORD"", ""NOVA BUS""]","[""UNKNOWN/NA""]","[""LFS"", ""OTHER (EXPLAIN IN NARRATIVE)""]",[],"[""39""]","[""DEPLOYMENT UNKNOWN"", ""DID NOT DEPLOY""]","[""NONE""]","[""NO INDICATION OF INJURY""]",2025,9,24,20,0,evening,41.69,-87.61,41.69_-87.61,0,0,39.0,39.0,39.0,Other
STRAIGHT AND LEVEL,611,2025-09-24 21:17:00,4,21,9,no injury / drive away,"OVER $1,500",FUNCTIONING PROPERLY,REAR END,1.0,0.0,0.0,3.0,0.0,0.0,0.0,0.0,41.7501209128,darkness,-87.6731936281,NO INDICATION OF INJURY,3,30,UNABLE TO DETERMINE,,,UNABLE TO DETERMINE,W,2001,traffic signal,FOUR WAY,clear,,1.0,,,,5,2,"[""FRONT"", ""REAR""]","[""CHEVROLET"", ""HONDA"", ""UNKNOWN""]","[""STRAIGHT AHEAD""]","[""CRUZE"", ""ODYSSEY"", ""OTHER (EXPLAIN IN NARRATIVE)""]",[],"[""26"", ""58""]","[""DEPLOYMENT UNKNOWN"", ""NOT APPLICABLE""]","[""NONE""]","[""NO INDICATION OF INJURY""]",2025,9,24,21,0,evening,41.75,-87.67,41.75_-87.67,0,0,42.0,26.0,58.0,Other